site_id,brand,verdict,reasons,name,address,city,state,zip,phone,ta_latitude,ta_longitude,truck_parking_spaces,shower_count,service_bays,diesel_lanes,food_brands,truck_wash,scale_present,amenities_mapped,matched_production_id,matched_production_name,match_distance_miles,provenance,reviewer_decision,reviewer_notes
"0001","TA","probable-duplicate","same-operator-name-in-city|state","TA Ashland","100 North Carter Rd","Ashland","VA","23005-0712","804-798-6011","37.7598","-77.4631","183","11","4","8","Fuddruckers","","yes","Showers|Food|Fuel|Laundry|Repair","a10bc9c5-3119-4a79-bb06-906f09e4d234","CAT Scale at TA Ashland","","TA/Petro official location master locmaster20260725.xlsx sha256 5ebe0e9f0341...; coordinates as supplied by operator","",""
"0002","TA","net-new-candidate","no-production-match","TA Greensboro","1101 NC Highway 61","Whitsett","NC","27377-0218","336-449-6060","36.0635","-79.5636","173","13","6","12","Burger King, Popeyes","","yes","Showers|Food|Fuel|Laundry|Repair","","","","TA/Petro official location master locmaster20260725.xlsx sha256 5ebe0e9f0341...; coordinates as supplied by operator","",""
"0003","TA","net-new-candidate","no-production-match","TA Brookville","245 Allegheny Blvd.","Brookville","PA","15825-8211","814-849-3051","41.1729","-79.0992","221","8","6","8","Taco Bell","","yes","Showers|Food|Fuel|Laundry|Repair","","","","TA/Petro official location master locmaster20260725.xlsx sha256 5ebe0e9f0341...; coordinates as supplied by operator","",""
"0006","TA","net-new-candidate","no-production-match","TA Columbia","2 Simpson Road","Columbia","NJ","07832-0305","908-496-4124","40.9317","-75.0969","172","7","5","8","Country Pride; Pizza Hut Express, Taco Bell Express","","yes","Showers|Food|Fuel|Laundry|Repair","","","","TA/Petro official location master locmaster20260725.xlsx sha256 5ebe0e9f0341...; coordinates as supplied by operator","",""
"0007","TA","net-new-candidate","no-production-match","TA Eloy","2949 North Toltec Road","Eloy","AZ","85131","520-466-7363","32.7737","-111.6175","234","11","6","12","A&W All American Food, Sbarro, Taco Bell","","yes","Showers|Food|Fuel|Laundry|Repair","","","","TA/Petro official location master locmaster20260725.xlsx sha256 5ebe0e9f0341...; coordinates as supplied by operator","",""
"0008","TA","net-new-candidate","no-production-match","TA Gallup","3404 W Historical Highway 66","Gallup","NM","87301-6841","505-863-6801","35.5059","-108.8359","76","9","6","8","Country Pride","","yes","Showers|Food|Fuel|Laundry|Repair","","","","TA/Petro official location master locmaster20260725.xlsx sha256 5ebe0e9f0341...; coordinates as supplied by operator","",""
"0010","TA","probable-duplicate","same-address|city|state","TA Gary","2510 Burr St.","Gary","IN","46406","219-845-3721","41.573","-87.4045","318","14","6","16","Pizza Hut Express, Taco Bell","","yes","Showers|Food|Fuel|Laundry|Repair","7ee7902b-c0a6-4f09-8cd7-ba06e9ecb000","TA Truck Service at TA Gary","","TA/Petro official location master locmaster20260725.xlsx sha256 5ebe0e9f0341...; coordinates as supplied by operator","",""
"0011","TA","net-new-candidate","no-production-match","TA Dayton","6762 US Rte 127","Eaton","OH","45320-0030","937-456-5522","39.84","-84.6282","198","9","6","8","Burger King","","yes","Showers|Food|Fuel|Laundry|Repair","","","","TA/Petro official location master locmaster20260725.xlsx sha256 5ebe0e9f0341...; coordinates as supplied by operator","",""
"0012","TA","net-new-candidate","no-production-match","TA Harrisburg","7848 Linglestown Road","Harrisburg","PA","17112-0535","717-652-4556","40.355","-76.7241","178","13","6","9","Country Pride","","yes","Showers|Food|Fuel|Laundry|Repair","","","","TA/Petro official location master locmaster20260725.xlsx sha256 5ebe0e9f0341...; coordinates as supplied by operator","",""
"0014","TA","net-new-candidate","no-production-match","TA Las Cruces","202 N. Motel Blvd","Las Cruces","NM","88007","575-527-7400","32.2977","-106.8115","201","10","6","8","Burger King, Pizza Hut Express, Taco Bell","","yes","Showers|Food|Fuel|Laundry|Repair","","","","TA/Petro official location master locmaster20260725.xlsx sha256 5ebe0e9f0341...; coordinates as supplied by operator","",""
"0015","TA","net-new-candidate","no-production-match","TA Lodi","8834 Lake Road","Seville","OH","44273-0125","330-769-2053","41.0322","-81.9078","237","10","6","9","IHOP; Burger King, Popeyes, Starbucks","","yes","Showers|Food|Fuel|Laundry|Repair","","","","TA/Petro official location master locmaster20260725.xlsx sha256 5ebe0e9f0341...; coordinates as supplied by operator","",""
"0016","TA","net-new-candidate","no-production-match","TA Tuscaloosa","3501 Buttermilk Road","Tuscaloosa","AL","35453-9364","205-554-0215","33.1759","-87.4462","151","12","6","10","Popeyes","","yes","Showers|Food|Fuel|Laundry|Repair","","","","TA/Petro official location master locmaster20260725.xlsx sha256 5ebe0e9f0341...; coordinates as supplied by operator","",""
"0017","TA","net-new-candidate","no-production-match","TA Baytown","6800 Thompson Road","Baytown","TX","77521","281-424-7772","29.7967","-95.0311","173","10","6","12","IHOP","","yes","Showers|Food|Fuel|Laundry|Repair","","","","TA/Petro official location master locmaster20260725.xlsx sha256 5ebe0e9f0341...; coordinates as supplied by operator","",""
"0019","TA","probable-duplicate","same-address|city|state","TA Elkton","1400 Elkton Road","Elkton","MD","21921","410-398-7000","39.6436","-75.7974","151","10","3","10","","","yes","Showers|Fuel|Laundry|Repair","ae5c7f98-3827-4f30-a664-af01f578db47","TA Truck Service (Elkton)","","TA/Petro official location master locmaster20260725.xlsx sha256 5ebe0e9f0341...; coordinates as supplied by operator","",""
"0022","TA","net-new-candidate","no-production-match","TA Willington","327 Ruby Road","Willington","CT","06279","860-684-0499","41.9177","-72.2615","240","10","3","8","Country Pride; Burger King","","yes","Showers|Food|Fuel|Laundry|Repair","","","","TA/Petro official location master locmaster20260725.xlsx sha256 5ebe0e9f0341...; coordinates as supplied by operator","",""
"0023","TA","net-new-candidate","no-production-match","TA Santa Rosa","2634 Historic Route 66","Santa Rosa","NM","88435-0372","575-935-9939","34.9443","-104.6407","116","9","3","11","Popeyes, Subway","","yes","Showers|Food|Fuel|Laundry|Repair","","","","TA/Petro official location master locmaster20260725.xlsx sha256 5ebe0e9f0341...; coordinates as supplied by operator","",""
"0024","TA","net-new-candidate","no-production-match","TA London","940 US RT 42 NE","London","OH","43140-0560","740-852-3810","39.9538","-83.3796","138","10","6","8","Popeyes","","yes","Showers|Food|Fuel|Laundry|Repair","","","","TA/Petro official location master locmaster20260725.xlsx sha256 5ebe0e9f0341...; coordinates as supplied by operator","",""
"0025","TA","net-new-candidate","no-production-match","TA Spartanburg","1402 East Main St.","Duncan","SC","29334-9647","864-433-0711","34.914","-82.11","187","11","8","8","Country Pride","","yes","Showers|Food|Fuel|Laundry|Repair","","","","TA/Petro official location master locmaster20260725.xlsx sha256 5ebe0e9f0341...; coordinates as supplied by operator","",""
"0026","Petro","net-new-candidate","no-production-match","Petro Ontario","4325 E. Guasti Rd.","Ontario","CA","91761-7807","909-390-7800","34.0647","-117.5566","559","30","4","16","Iron Skillet; Burger King, Popeyes","","yes","Showers|Food|Fuel|Laundry|Repair","","","","TA/Petro official location master locmaster20260725.xlsx sha256 5ebe0e9f0341...; coordinates as supplied by operator","",""
"0028","TA","existing-match","dup-key-name|city|state","TA Walton","145 Richwood Road","Walton","KY","41094-9526","859-485-4111","38.9172","-84.6266","60","6","4","6","Highway Kitchen, KFC","","yes","Showers|Food|Fuel|Laundry|Repair","dee17bfa-a6bf-4da0-8d48-95a9231de439","TA Walton","","TA/Petro official location master locmaster20260725.xlsx sha256 5ebe0e9f0341...; coordinates as supplied by operator","",""
"0029","TA","net-new-candidate","no-production-match","TA Kingsville","5551 St Rt 193","Kingsville","OH","44048","440-224-2035","41.8765","-80.6671","158","9","2","10","Burger King","","yes","Showers|Food|Fuel|Laundry|Repair","","","","TA/Petro official location master locmaster20260725.xlsx sha256 5ebe0e9f0341...; coordinates as supplied by operator","",""
"0030","TA","net-new-candidate","no-production-match","TA Chicago North","16650 W. Russell Road","Zion","IL","60099","847-395-5580","42.4857","-87.951","215","12","3","10","","","yes","Showers|Fuel|Laundry|Repair","","","","TA/Petro official location master locmaster20260725.xlsx sha256 5ebe0e9f0341...; coordinates as supplied by operator","",""
"0032","TA","net-new-candidate","no-production-match","TA Wheeling","270 W. Alexander Road","Valley Grove","WV","26060-8025","304-547-1521","40.0694","-80.5677","168","12","4","8","Country Pride","","yes","Showers|Food|Fuel|Laundry|Repair","","","","TA/Petro official location master locmaster20260725.xlsx sha256 5ebe0e9f0341...; coordinates as supplied by operator","",""
"0033","TA","probable-duplicate","same-operator-name-in-city|state","TA Earle","408 Highway 149 North","Earle","AR","72331","870-657-2105","35.1364","-90.488","137","9","6","8","Burger King, Pizza Hut Express, Taco Bell","","yes","Showers|Food|Fuel|Laundry|Repair","7263d1cc-402f-4e71-84c4-abe89266f219","CAT Scale at TA Earle","","TA/Petro official location master locmaster20260725.xlsx sha256 5ebe0e9f0341...; coordinates as supplied by operator","",""
"0035","TA","net-new-candidate","no-production-match","TA Effingham","1702 West Evergreen Ave","Effingham","IL","62401-1388","217-347-7183","39.1364","-88.5662","137","10","6","11","Dunkin', Popeyes, Sbarro","","yes","Showers|Food|Fuel|Laundry|Repair","","","","TA/Petro official location master locmaster20260725.xlsx sha256 5ebe0e9f0341...; coordinates as supplied by operator","",""
"0036","TA","net-new-candidate","no-production-match","TA Oklahoma City East","801 South Council Road","Oklahoma City","OK","73128-4218","405-787-7411","35.458","-97.6556","175","12","6","10","IHOP","","yes","Showers|Food|Fuel|Laundry|Repair","","","","TA/Petro official location master locmaster20260725.xlsx sha256 5ebe0e9f0341...; coordinates as supplied by operator","",""
"0039","TA","net-new-candidate","no-production-match","TA Hebron","10679 Lancaster Road, SE","Hebron","OH","43025-0520","740-467-2900","39.9389","-82.5349","130","10","6","8","Popeyes, Sbarro","","yes","Showers|Food|Fuel|Laundry|Repair","","","","TA/Petro official location master locmaster20260725.xlsx sha256 5ebe0e9f0341...; coordinates as supplied by operator","",""
"0041","TA","net-new-candidate","no-production-match","TA Coachella","46155 Dillon Road","Coachella","CA","92236","760-342-6200","33.7139","-116.1756","205","15","4","12","Arby's, Popeyes, Taco Bell","","yes","Showers|Food|Fuel|Laundry|Repair","","","","TA/Petro official location master locmaster20260725.xlsx sha256 5ebe0e9f0341...; coordinates as supplied by operator","",""
"0043","TA","net-new-candidate","no-production-match","TA Mt Vernon","4510 Broadway St","Mt. Vernon","IL","62864","618-244-4242","38.3134","-88.9594","136","11","6","8","Popeyes","","yes","Showers|Food|Fuel|Laundry|Repair","","","","TA/Petro official location master locmaster20260725.xlsx sha256 5ebe0e9f0341...; coordinates as supplied by operator","",""
"0044","TA","net-new-candidate","no-production-match","TA Elgin","19 N. 430 US Hwy 20","Hampshire","IL","60140","847-683-4550","42.1451","-88.5095","92","10","2","8","Popeyes","","yes","Showers|Food|Fuel|Laundry|Repair","","","","TA/Petro official location master locmaster20260725.xlsx sha256 5ebe0e9f0341...; coordinates as supplied by operator","",""
"0045","TA","net-new-candidate","no-production-match","TA Madison","2021 Eatonton Road","Madison","GA","30650","706-342-4176","33.5524","-83.4748","149","7","6","7","Popeyes","","yes","Showers|Food|Fuel|Laundry|Repair","","","","TA/Petro official location master locmaster20260725.xlsx sha256 5ebe0e9f0341...; coordinates as supplied by operator","",""
"0046","TA","net-new-candidate","no-production-match","TA Tallulah","224 Highway 65 South","Tallulah","LA","71282","318-574-5900","32.3886","-91.2006","135","7","5","8","Country Pride","","yes","Showers|Food|Fuel|Laundry|Repair","","","","TA/Petro official location master locmaster20260725.xlsx sha256 5ebe0e9f0341...; coordinates as supplied by operator","",""
"0047","TA","net-new-candidate","no-production-match","TA Meridian","2150 Russell Mt. Gilead Road","Meridian","MS","39301","601-483-7611","32.3962","-88.5826","90","6","5","8","Country Pride","","yes","Showers|Food|Fuel|Laundry|Repair","","","","TA/Petro official location master locmaster20260725.xlsx sha256 5ebe0e9f0341...; coordinates as supplied by operator","",""
"0048","TA","net-new-candidate","no-production-match","TA Bloomsbury","975 State Route 173","Bloomsbury","NJ","08804","908-479-4136","40.6594","-75.075","122","7","4","9","Country Pride; Burger King","","yes","Showers|Food|Fuel|Laundry|Repair","","","","TA/Petro official location master locmaster20260725.xlsx sha256 5ebe0e9f0341...; coordinates as supplied by operator","",""
"0049","TA","net-new-candidate","no-production-match","TA Rockwall","2105 South Goliad St.","Rockwall","TX","75032","972-722-7450","32.9074","-96.45","100","7","3","6","Burger King, Pizza Hut Express","","yes","Showers|Food|Fuel|Laundry|Repair","","","","TA/Petro official location master locmaster20260725.xlsx sha256 5ebe0e9f0341...; coordinates as supplied by operator","",""
"0050","TA","net-new-candidate","no-production-match","TA Madison","5901 Highway 51","DeForest","WI","53532","608-249-9000","43.1745","-89.3255","118","9","4","8","Popeyes","","yes","Showers|Food|Fuel|Laundry|Repair","","","","TA/Petro official location master locmaster20260725.xlsx sha256 5ebe0e9f0341...; coordinates as supplied by operator","",""
"0051","TA","net-new-candidate","no-production-match","TA Matthews","854 State Hwy 80","Matthews","MO","63867","573-471-8644","36.7582","-89.5346","114","6","5","8","Popeyes, Taco Bell Express","","yes","Showers|Food|Fuel|Laundry|Repair","","","","TA/Petro official location master locmaster20260725.xlsx sha256 5ebe0e9f0341...; coordinates as supplied by operator","",""
"0052","TA","net-new-candidate","no-production-match","TA Oak Grove","100 North Broadway","Oak Grove","MO","64075","816-690-4115","39.0176","-94.1302","118","9","3","10","IHOP; Popeyes","","yes","Showers|Food|Fuel|Laundry|Repair","","","","TA/Petro official location master locmaster20260725.xlsx sha256 5ebe0e9f0341...; coordinates as supplied by operator","",""
"0053","TA","probable-duplicate","same-operator-name-in-city|state","TA Wildwood","556 St. Rt. 44","Wildwood","FL","34785","352-748-2501","28.875","-82.0939","170","10","5","10","Pizza Hut Express, Popeyes","","yes","Showers|Food|Fuel|Laundry|Repair","5992321e-fdc0-44b7-81ba-b85a783e5d24","CAT Scale - TA Wildwood","","TA/Petro official location master locmaster20260725.xlsx sha256 5ebe0e9f0341...; coordinates as supplied by operator","",""
"0054","TA","net-new-candidate","no-production-match","TA Mobile","9201 Grand Bay","Grand Bay","AL","36541","251-865-6175","30.4985","-88.3336","89","8","5","6","Dunkin', Popeyes","","yes","Showers|Food|Fuel|Laundry|Repair","","","","TA/Petro official location master locmaster20260725.xlsx sha256 5ebe0e9f0341...; coordinates as supplied by operator","",""
"0055","TA","net-new-candidate","no-production-match","TA Amarillo","7000 E. Interstate 40","Amarillo","TX","79118","806-342-3080","35.1915","-101.7589","185","10","6","8","Black Bear Diner; Burger King, Pizza Hut Express, Popeyes","","yes","Showers|Food|Fuel|Laundry|Repair","","","","TA/Petro official location master locmaster20260725.xlsx sha256 5ebe0e9f0341...; coordinates as supplied by operator","",""
"0056","TA","net-new-candidate","no-production-match","TA Aurora","21856 Bents Road NE","Aurora","OR","97002","503-678-2111","45.2361","-122.8072","275","9","2","8","Popeyes","","yes","Showers|Food|Fuel|Laundry|Repair","","","","TA/Petro official location master locmaster20260725.xlsx sha256 5ebe0e9f0341...; coordinates as supplied by operator","",""
"0057","TA","net-new-candidate","no-production-match","TA Redding","19483 Knighton Road","Redding","CA","96002","530-221-4760","40.5048","-122.3349","196","7","2","10","Pizza Hut Express, Popeyes","","yes","Showers|Food|Fuel|Laundry|Repair","","","","TA/Petro official location master locmaster20260725.xlsx sha256 5ebe0e9f0341...; coordinates as supplied by operator","",""
"0058","TA","net-new-candidate","no-production-match","TA Youngstown","5400 Seventy Six Drive","Youngstown","OH","44515","330-793-4426","41.1225","-80.7653","145","9","5","10","","","yes","Showers|Fuel|Laundry|Repair","","","","TA/Petro official location master locmaster20260725.xlsx sha256 5ebe0e9f0341...; coordinates as supplied by operator","",""
"0059","TA","net-new-candidate","no-production-match","TA Oklahoma City West","501 South Morgan Road","Oklahoma City","OK","73128","405-324-5376","35.4617","-97.6906","101","8","3","8","Fazoli's, Popeyes","","yes","Showers|Food|Fuel|Laundry|Repair","","","","TA/Petro official location master locmaster20260725.xlsx sha256 5ebe0e9f0341...; coordinates as supplied by operator","",""
"0060","TA","net-new-candidate","no-production-match","TA Tooele","8836 North Highway 40","Salt Lake City","UT","84074","801-250-8585","40.6899","-112.2629","191","11","3","7","Burger King, Taco Bell","","yes","Showers|Food|Fuel|Laundry|Repair","","","","TA/Petro official location master locmaster20260725.xlsx sha256 5ebe0e9f0341...; coordinates as supplied by operator","",""
"0065","TA","existing-match","dup-key-name|city|state","TA Seymour","2636 E. Tipton St.","Seymour","IN","47274-3593","812-522-6622","38.9576","-85.8366","184","9","6","9","Charleys Philly Steaks, Highway Kitchen","","yes","Showers|Food|Fuel|Laundry|Repair","b9b49d33-ae7d-4ca0-b197-6986c17eef18","TA Seymour","","TA/Petro official location master locmaster20260725.xlsx sha256 5ebe0e9f0341...; coordinates as supplied by operator","",""
"0066","TA","net-new-candidate","no-production-match","TA Council Bluffs","3210 South Seven Street","Council Bluffs","IA","51501","712-366-2217","41.2287","-95.8536","78","8","2","8","","","yes","Showers|Fuel|Laundry|Repair","","","","TA/Petro official location master locmaster20260725.xlsx sha256 5ebe0e9f0341...; coordinates as supplied by operator","",""
"0067","TA","net-new-candidate","no-production-match","TA Barkeyville","5644 St. Rt. 8","Harrisville","PA","16038-9641","814-786-7988","41.1992","-79.9758","112","8","3","8","Country Pride","","yes","Showers|Food|Fuel|Laundry|Repair","","","","TA/Petro official location master locmaster20260725.xlsx sha256 5ebe0e9f0341...; coordinates as supplied by operator","",""
"0068","TA","net-new-candidate","no-production-match","TA Lamar","5600 Nittany Valley Drive","Lamar","PA","16848-0278","570-726-4996","41.0275","-77.521","168","11","3","9","Country Pride","","yes","Showers|Food|Fuel|Laundry|Repair","","","","TA/Petro official location master locmaster20260725.xlsx sha256 5ebe0e9f0341...; coordinates as supplied by operator","",""
"0069","TA","probable-duplicate","same-address|city|state","TA Monroe","1255 N Dixie Hwy","Monroe","MI","48162","734-384-7952","41.9267","-83.3632","156","10","3","8","Fazoli's, Popeyes, Tim Horton's","","yes","Showers|Food|Fuel|Laundry|Repair","4f94e1cf-fe15-4bba-917c-9f389ab3bd04","TA Truck Service - Monroe (#069)","","TA/Petro official location master locmaster20260725.xlsx sha256 5ebe0e9f0341...; coordinates as supplied by operator","",""
"0071","TA","net-new-candidate","no-production-match","TA Janesville","3222 Hwy. 14 East","Janesville","WI","53546-8218","608-752-8700","42.7143","-88.9793","96","12","4","8","Chester Fried Chicken, Cinnabon, Hunt Brothers Pizza, Wendy's","","yes","Showers|Food|Fuel|Laundry|Repair","","","","TA/Petro official location master locmaster20260725.xlsx sha256 5ebe0e9f0341...; coordinates as supplied by operator","",""
"0077","TA","net-new-candidate","no-production-match","TA Walcott","755 W. Iowa 80 Road","Walcott","IA","52773","563-284-6961","41.6179","-90.7815","900","24","7","15","Iowa 80 Kitchen; Blimpie, Dairy Queen, Orange Julius, Pizza Hut Express, Starbucks, Taco Bell, Wendy's","Truckomat Truck Wash","yes","Showers|Food|Fuel|Laundry|Repair","","","","TA/Petro official location master locmaster20260725.xlsx sha256 5ebe0e9f0341...; coordinates as supplied by operator","",""
"0081","TA","net-new-candidate","no-production-match","TA Albuquerque","2501 University Blvd., NE","Albuquerque","NM","87107","505-884-1066","35.1111","-106.6247","150","10","3","8","Country Pride","","yes","Showers|Food|Fuel|Laundry|Repair","","","","TA/Petro official location master locmaster20260725.xlsx sha256 5ebe0e9f0341...; coordinates as supplied by operator","",""
"0082","TA","probable-duplicate","same-address|city|state","TA Wapakoneta","1775 Bellefontaine St.","Wapakoneta","OH","45895","567-712-5101","40.5582","-84.1656","145","7","3","8","Miss J's Diner; Miss J’s Café","","yes","Showers|Food|Fuel|Repair","bd4ef3ee-4a8d-48f5-bb60-aaa6dddd648d","TA Truck Service - TA Wapakoneta #082, Wapakoneta","","TA/Petro official location master locmaster20260725.xlsx sha256 5ebe0e9f0341...; coordinates as supplied by operator","",""
"0087","TA","net-new-candidate","no-production-match","TA Toledo","3483 Libbey Road","Perrysburg","OH","43551-9750","567-970-3800","41.5215","-83.4624","177","12","4","10","Taco Bell","","yes","Showers|Food|Fuel|Laundry|Repair","","","","TA/Petro official location master locmaster20260725.xlsx sha256 5ebe0e9f0341...; coordinates as supplied by operator","",""
"0089","TA","net-new-candidate","no-production-match","TA Ann Arbor","200 Baker Road","Dexter","MI","48130","734-426-3951","42.2963","-83.8764","203","8","3","9","Popeyes","","yes","Showers|Food|Fuel|Laundry|Repair","","","","TA/Petro official location master locmaster20260725.xlsx sha256 5ebe0e9f0341...; coordinates as supplied by operator","",""
"0090","TA","net-new-candidate","no-production-match","TA Ogallala","103 Prospector Drive","Ogallala","NE","69153-3198","308-284-3667","41.1138","-101.7116","94","9","2","8","Country Pride","","yes","Showers|Food|Fuel|Laundry|Repair","","","","TA/Petro official location master locmaster20260725.xlsx sha256 5ebe0e9f0341...; coordinates as supplied by operator","",""
"0091","TA","net-new-candidate","no-production-match","TA Oakley","1001 Hwy 40","Oakley","KS","67748","785-672-4111","39.1188","-100.811","84","6","6","8","IHOP; Sonic, Subway","","yes","Showers|Food|Fuel|Laundry|Repair","","","","TA/Petro official location master locmaster20260725.xlsx sha256 5ebe0e9f0341...; coordinates as supplied by operator","",""
"0092","TA","net-new-candidate","no-production-match","TA Bloomington","505 Truckers Lane","Bloomington","IL","61701","309-827-4676","40.488","-89.0262","160","8","6","8","","","yes","Showers|Fuel|Laundry|Repair","","","","TA/Petro official location master locmaster20260725.xlsx sha256 5ebe0e9f0341...; coordinates as supplied by operator","",""
"0093","TA","existing-match","dup-key-name|city|state","TA Florence","7777 Burlington Pike","Florence","KY","41042","859-371-7166","39.0001","-84.6447","123","6","6","8","Popeyes, Subway","","yes","Showers|Food|Fuel|Laundry|Repair","eec1d852-2b50-47f7-a59e-b1238f1ace2d","TA Florence","","TA/Petro official location master locmaster20260725.xlsx sha256 5ebe0e9f0341...; coordinates as supplied by operator","",""
"0094","TA","net-new-candidate","no-production-match","TA Kingman","946 West Beale Street","Kingman","AZ","86401","928-753-7600","35.1901","-114.0702","115","11","5","10","Black Bear Diner; Popeyes","","yes","Showers|Food|Fuel|Laundry|Repair","","","","TA/Petro official location master locmaster20260725.xlsx sha256 5ebe0e9f0341...; coordinates as supplied by operator","",""
"0095","TA","net-new-candidate","no-production-match","TA North Canton","4450 Portage St. NW","Canton","OH","44720","330-494-7507","40.8788","-81.4295","85","4","","6","","","yes","Showers|Fuel|Laundry|Repair","","","","TA/Petro official location master locmaster20260725.xlsx sha256 5ebe0e9f0341...; coordinates as supplied by operator","",""
"0108","TA","net-new-candidate","no-production-match","TA Las Vegas","8050 Dean Martin Drive","Las Vegas","NV","89139","702-361-1176","36.0433","-115.1873","144","13","3","10","Burger King, Taco Time","","yes","Showers|Food|Fuel|Laundry|Repair","","","","TA/Petro official location master locmaster20260725.xlsx sha256 5ebe0e9f0341...; coordinates as supplied by operator","",""
"0116","TA","net-new-candidate","no-production-match","TA Sawyer","6100 Sawyer Road","Sawyer","MI","49125","269-426-4884","41.8845","-86.6001","155","9","3","10","Burger King, Pizza Hut, Popeyes, Taco Bell Express","","yes","Showers|Food|Fuel|Laundry|Repair","","","","TA/Petro official location master locmaster20260725.xlsx sha256 5ebe0e9f0341...; coordinates as supplied by operator","",""
"0117","TA","net-new-candidate","no-production-match","TA Antioch","13011 Old Hickory Blvd.","Antioch","TN","37013","615-641-6731","36.015","-86.6184","122","10","5","7","Burger King, Popeyes","","yes","Showers|Food|Fuel|Laundry|Repair","","","","TA/Petro official location master locmaster20260725.xlsx sha256 5ebe0e9f0341...; coordinates as supplied by operator","",""
"0137","TA","net-new-candidate","no-production-match","TA Strafford","225 E. Evergreen","Strafford","MO","65757-0069","417-736-2161","37.2745","-93.1152","140","8","2","8","Denny's; Miss J's, Subway, Taco Bell","","yes","Showers|Food|Fuel|Laundry|Repair","","","","TA/Petro official location master locmaster20260725.xlsx sha256 5ebe0e9f0341...; coordinates as supplied by operator","",""
"0139","TA","net-new-candidate","no-production-match","TA Jeffersonville","12403 US Rt 35 NW","Jeffersonville","OH","43128-0068","740-948-2365","39.6166","-83.6038","144","7","5","10","IHOP; Pizza Hut Express, Popeyes","","yes","Showers|Food|Fuel|Laundry|Repair","","","","TA/Petro official location master locmaster20260725.xlsx sha256 5ebe0e9f0341...; coordinates as supplied by operator","",""
"0142","TA","probable-duplicate","same-operator-name-in-city|state","TA Richmond","10134 Lewistown Road","Ashland","VA","23005","804-798-6021","37.7237","-77.4479","317","10","6","7","Pizza Hut Express, Popeyes","","yes","Showers|Food|Fuel|Laundry|Repair","a10bc9c5-3119-4a79-bb06-906f09e4d234","CAT Scale at TA Ashland","","TA/Petro official location master locmaster20260725.xlsx sha256 5ebe0e9f0341...; coordinates as supplied by operator","",""
"0143","TA","net-new-candidate","no-production-match","TA Wytheville","1025 Peppers Ferry Road","Wytheville","VA","24382","276-228-8676","36.9651","-81.0676","114","12","6","10","IHOP; Popeyes, Subway, Taco Bell","","yes","Showers|Food|Fuel|Laundry|Repair","","","","TA/Petro official location master locmaster20260725.xlsx sha256 5ebe0e9f0341...; coordinates as supplied by operator","",""
"0146","TA","probable-duplicate","coordinate-within-0.25mi-same-operator","TA Cartersville","981 Cassville-White Road","Cartersville","GA","30121","770-607-8885","34.2739","-84.8075","212","10","6","8","IHOP; Burger King, Popeyes, Taco Bell & Pizza Hut Express","","yes","Showers|Food|Fuel|Laundry|Repair","e2c31cbf-a70b-4617-abb9-d65d6d747c83","CAT Scale — TA Cartersville","0.016","TA/Petro official location master locmaster20260725.xlsx sha256 5ebe0e9f0341...; coordinates as supplied by operator","",""
"0147","TA","net-new-candidate","no-production-match","TA San Antonio","6170 I-10 East","San Antonio","TX","78219","210-310-0145","29.4433","-98.3618","238","10","7","8","Burger King, Fazoli's, Popeyes","","yes","Showers|Food|Fuel|Laundry|Repair","","","","TA/Petro official location master locmaster20260725.xlsx sha256 5ebe0e9f0341...; coordinates as supplied by operator","",""
"0148","TA","net-new-candidate","no-production-match","TA Commerce City","5101 Quebec Street","Commerce City","CO","80022","303-286-0123","39.7901","-104.9043","224","10","6","8","Burger King, Pizza Hut Express, Popeyes","","yes","Showers|Food|Fuel|Laundry|Repair","","","","TA/Petro official location master locmaster20260725.xlsx sha256 5ebe0e9f0341...; coordinates as supplied by operator","",""
"0149","TA","net-new-candidate","no-production-match","TA Hurricane","4195 State Route 34","Hurricane","WV","25526-9772","304-757-7600","38.4543","-81.935","76","7","5","9","","","yes","Showers|Fuel|Laundry|Repair","","","","TA/Petro official location master locmaster20260725.xlsx sha256 5ebe0e9f0341...; coordinates as supplied by operator","",""
"0150","TA","net-new-candidate","no-production-match","TA Dallas South","7751 Bonnie View Rd","Dallas","TX","75241","469-941-3150","32.6534","-96.7517","136","9","5","8","Burger King, Taco Bell & Pizza Hut Express","","yes","Showers|Food|Fuel|Laundry|Repair","","","","TA/Petro official location master locmaster20260725.xlsx sha256 5ebe0e9f0341...; coordinates as supplied by operator","",""
"0151","TA","probable-duplicate","same-address|city|state","TA Baltimore South","7401 Assateague Drive","Jessup","MD","20794","410-799-3835","39.1667","-76.7828","436","19","3","9","Country Pride","","yes","Showers|Food|Fuel|Laundry|Repair","ff19357b-eb93-4483-9e4e-ebb40e07fe36","TA Baltimore South #151","","TA/Petro official location master locmaster20260725.xlsx sha256 5ebe0e9f0341...; coordinates as supplied by operator","",""
"0152","TA","net-new-candidate","no-production-match","TA Sayre","11603 N. 1900 Rd.","Sayre","OK","73662","580-928-5571","35.3355","-99.5946","101","7","2","10","Subway, Taco Bell","","yes","Showers|Food|Fuel|Repair","","","","TA/Petro official location master locmaster20260725.xlsx sha256 5ebe0e9f0341...; coordinates as supplied by operator","",""
"0153","TA","net-new-candidate","no-production-match","TA Laredo","1010 Beltway Parkway","Laredo","TX","78045","956-724-2016","27.6875","-99.4634","336","15","5","8","IHOP; Burger King, Taco Bell","","yes","Showers|Food|Fuel|Laundry|Repair","","","","TA/Petro official location master locmaster20260725.xlsx sha256 5ebe0e9f0341...; coordinates as supplied by operator","",""
"0154","TA","net-new-candidate","no-production-match","TA Southington","1875 Meriden-Waterbury Turnpike","Milldale","CT","06467","860-621-0106","41.5647","-72.9102","145","10","3","8","Popeyes, Taco Bell","","yes","Showers|Food|Fuel|Laundry|Repair","","","","TA/Petro official location master locmaster20260725.xlsx sha256 5ebe0e9f0341...; coordinates as supplied by operator","",""
"0156","TA","net-new-candidate","no-production-match","TA Commerce","30732 Hwy 441 South","Commerce","GA","30529","706-335-5198","34.2528","-83.4632","89","14","4","8","Fuddruckers","","yes","Showers|Food|Fuel|Laundry|Repair","","","","TA/Petro official location master locmaster20260725.xlsx sha256 5ebe0e9f0341...; coordinates as supplied by operator","",""
"0158","TA Express","net-new-candidate","no-production-match","TA Express Tampa","11706 Tampa Gateway Blvd.","Seffner","FL","33584","813-262-1560","28.0099","-82.301","81","7","3","6","Arby's, Popeyes","","yes","Showers|Food|Fuel|Laundry|Repair","","","","TA/Petro official location master locmaster20260725.xlsx sha256 5ebe0e9f0341...; coordinates as supplied by operator","",""
"0160","TA","net-new-candidate","no-production-match","TA Buttonwillow","27769 Lagoon Drive","Buttonwillow","CA","93206-0004","661-764-5266","35.401","-119.3961","170","8","2","8","Popeyes, Taco Bell","","yes","Showers|Food|Fuel|Laundry|Repair","","","","TA/Petro official location master locmaster20260725.xlsx sha256 5ebe0e9f0341...; coordinates as supplied by operator","",""
"0161","TA","net-new-candidate","no-production-match","TA Lafayette","1701 North University Ave.","Lafayette","LA","70507-6399","337-237-0176","30.2521","-92.0381","128","9","2","8","Sbarro","","yes","Showers|Food|Fuel|Laundry|Repair","","","","TA/Petro official location master locmaster20260725.xlsx sha256 5ebe0e9f0341...; coordinates as supplied by operator","",""
"0162","TA","net-new-candidate","no-production-match","TA Ontario","4265 East Guasti Road","Ontario","CA","91761-1571","909-390-2525","34.0649","-117.5599","549","17","6","8","Country Pride; Pizza Hut Express, Taco Bell","","yes","Showers|Food|Fuel|Laundry|Repair","","","","TA/Petro official location master locmaster20260725.xlsx sha256 5ebe0e9f0341...; coordinates as supplied by operator","",""
"0163","TA","net-new-candidate","no-production-match","TA Santa Nella","12310 State Highway 33","Santa Nella","CA","95322-9735","209-826-0741","37.1101","-121.0147","216","12","4","8","IHOP; Popeyes","","yes","Showers|Food|Fuel|Laundry|Repair","","","","TA/Petro official location master locmaster20260725.xlsx sha256 5ebe0e9f0341...; coordinates as supplied by operator","",""
"0167","TA","net-new-candidate","no-production-match","TA Boise","4115 Broadway Ave","Boise","ID","83705","208-344-1091","43.5656","-116.1994","171","12","3","7","Country Pride; Subway, Taco Bell","","yes","Showers|Food|Fuel|Laundry|Repair","","","","TA/Petro official location master locmaster20260725.xlsx sha256 5ebe0e9f0341...; coordinates as supplied by operator","",""
"0170","TA","net-new-candidate","no-production-match","TA Livingston","435 Winton Parkway","Livingston","CA","95334","209-799-3500","37.3876","-120.7382","102","7","5","6","Burger King, Popeyes","","yes","Showers|Food|Fuel|Laundry|Repair","","","","TA/Petro official location master locmaster20260725.xlsx sha256 5ebe0e9f0341...; coordinates as supplied by operator","",""
"0171","TA Express","net-new-candidate","no-production-match","TA Express New Haven","3 East Industrial Road","Branford","CT","06405-6508","203-481-0301","41.2968","-72.7595","75","7","4","6","Pizza Hut Express, Popeyes, Starbucks","","yes","Showers|Food|Fuel|Laundry|Repair","","","","TA/Petro official location master locmaster20260725.xlsx sha256 5ebe0e9f0341...; coordinates as supplied by operator","",""
"0172","TA","net-new-candidate","no-production-match","TA Sparks","200 North McCarren","Sparks","NV","89431-5419","775-359-0550","39.5351","-119.7361","200","10","3","8","Fuddruckers","","yes","Showers|Food|Fuel|Laundry|Repair","","","","TA/Petro official location master locmaster20260725.xlsx sha256 5ebe0e9f0341...; coordinates as supplied by operator","",""
"0173","TA","probable-duplicate","same-operator-name-in-city|state","TA Whitestown","5930 Whitestown Pkwy","Whitestown","IN","46075-9801","317-769-3291","39.9478","-86.357","169","9","4","7","Popeyes","","yes","Showers|Food|Fuel|Laundry|Repair","97fcf610-ee57-4801-ab8f-87af7945076d","CAT Scale at TA Whitestown","","TA/Petro official location master locmaster20260725.xlsx sha256 5ebe0e9f0341...; coordinates as supplied by operator","",""
"0174","TA","net-new-candidate","no-production-match","TA Wheat Ridge","12151 West 44th Avenue","Wheat Ridge","CO","80033-2448","303-423-8250","39.7793","-105.1349","116","7","2","8","Highway Kitchen","","yes","Showers|Food|Fuel|Laundry|Repair","","","","TA/Petro official location master locmaster20260725.xlsx sha256 5ebe0e9f0341...; coordinates as supplied by operator","",""
"0175","TA","net-new-candidate","no-production-match","TA Foristell","3265 N. Service Road East","Foristell","MO","63348-0069","636-673-2295","38.8171","-90.9495","95","8","5","8","Popeyes, Taco Bell & Pizza Hut Express","","yes","Showers|Food|Fuel|Laundry|Repair","","","","TA/Petro official location master locmaster20260725.xlsx sha256 5ebe0e9f0341...; coordinates as supplied by operator","",""
"0176","TA","net-new-candidate","no-production-match","TA Seattle East","46630 North Bend Way","North Bend","WA","98045","425-888-1119","47.4683","-121.7181","140","8","3","6","Popeyes, Starbucks","","yes","Showers|Food|Fuel|Laundry|Repair","","","","TA/Petro official location master locmaster20260725.xlsx sha256 5ebe0e9f0341...; coordinates as supplied by operator","",""
"0177","TA","probable-duplicate","same-operator-name-in-city|state","TA Savannah","4401 Hwy. 17","Richmond Hill","GA","31324-0280","912-756-3381","31.9252","-81.3327","222","8","6","9","Fuddruckers; Popeyes","","yes","Showers|Food|Fuel|Laundry|Repair","9f3e2546-35b1-4aa4-a738-c98b944696e6","CAT Scale at TA Savannah","","TA/Petro official location master locmaster20260725.xlsx sha256 5ebe0e9f0341...; coordinates as supplied by operator","",""
"0178","TA","net-new-candidate","no-production-match","TA Marianna","2112 Highway 71 South","Marianna","FL","32448","850-526-3303","30.7187","-85.1837","123","9","5","8","Popeyes, Taco Bell & Pizza Hut Express","","yes","Showers|Food|Fuel|Laundry|Repair","","","","TA/Petro official location master locmaster20260725.xlsx sha256 5ebe0e9f0341...; coordinates as supplied by operator","",""
"0179","TA","probable-duplicate","same-operator-name-in-city|state","TA Manning","3014 Paxville Highway","Manning","SC","29102","803-791-9095","33.7046","-80.242","84","8","6","8","Popeyes","","yes","Showers|Food|Fuel|Laundry|Repair","4c1a72f9-a863-484e-ae1d-600e8bd8b7a0","CAT Scale at TA Manning","","TA/Petro official location master locmaster20260725.xlsx sha256 5ebe0e9f0341...; coordinates as supplied by operator","",""
"0180","TA","net-new-candidate","no-production-match","TA Slidell","1682 Gause Blvd","Slidell","LA","70458-1361","985-643-9974","30.2864","-89.7511","111","10","3","10","Country Pride","","yes","Showers|Food|Fuel|Laundry|Repair","","","","TA/Petro official location master locmaster20260725.xlsx sha256 5ebe0e9f0341...; coordinates as supplied by operator","",""
"0181","TA","net-new-candidate","no-production-match","TA Mill City","6000 E. Frontage Road","Mill City","NV","89418","775-538-7311","40.6932","-118.056","152","10","2","10","Taco Bell Express","","yes","Showers|Food|Fuel|Laundry|Repair","","","","TA/Petro official location master locmaster20260725.xlsx sha256 5ebe0e9f0341...; coordinates as supplied by operator","",""
"0183","TA","net-new-candidate","no-production-match","TA Troutdale","790 N W Frontage Road","Troutdale","OR","97060","503-666-1588","45.5438","-122.3958","240","12","4","10","Country Pride; Popeyes, Subway","","yes","Showers|Food|Fuel|Laundry|Repair","","","","TA/Petro official location master locmaster20260725.xlsx sha256 5ebe0e9f0341...; coordinates as supplied by operator","",""
"0186","TA Express","net-new-candidate","no-production-match","TA Express Parowan","1130 N. 100 W.","Parowan","UT","84761","435-477-3311","37.8607","-112.8291","90","6","6","5","Subway, Taco Bell","","yes","Showers|Food|Fuel|Laundry|Repair","","","","TA/Petro official location master locmaster20260725.xlsx sha256 5ebe0e9f0341...; coordinates as supplied by operator","",""
"0187","TA","net-new-candidate","no-production-match","TA Cheyenne","4000 I-80 Service Road","Burns","WY","82053","307-365-6670","41.1602","-104.5207","140","12","3","9","Country Pride; Burger King, Taco Bell","","yes","Showers|Food|Fuel|Laundry|Repair","","","","TA/Petro official location master locmaster20260725.xlsx sha256 5ebe0e9f0341...; coordinates as supplied by operator","",""
"0188","TA","net-new-candidate","no-production-match","TA Ft. Bridger","I-80 at Bigelow Road, Exit 30","Ft. Bridger","WY","82933","307-209-2115","41.3144","-110.5095","165","9","3","10","Burger King, Taco Bell Express","","yes","Showers|Food|Fuel|Laundry|Repair","","","","TA/Petro official location master locmaster20260725.xlsx sha256 5ebe0e9f0341...; coordinates as supplied by operator","",""
"0193","TA","net-new-candidate","no-production-match","TA Grand Island","8033 West Holling Rd.","Alda","NE","68810-0167","308-382-5902","40.7998","-98.496","82","7","2","6","Country Pride","","yes","Showers|Food|Fuel|Laundry|Repair","","","","TA/Petro official location master locmaster20260725.xlsx sha256 5ebe0e9f0341...; coordinates as supplied by operator","",""
"0194","TA","net-new-candidate","no-production-match","TA Pembroke","8420 Alleghany","Corfu","NY","14036-0276","585-599-4577","43.0059","-78.4056","132","6","6","8","Country Pride","","yes","Showers|Food|Fuel|Laundry|Repair","","","","TA/Petro official location master locmaster20260725.xlsx sha256 5ebe0e9f0341...; coordinates as supplied by operator","",""
"0197","TA","probable-duplicate","same-operator-name-in-city|state","TA Vero Beach","8909 20th Street","Vero Beach","FL","32966","772-562-1791","27.6381","-80.511","162","9","6","8","Popeyes, Subway","","yes","Showers|Food|Fuel|Laundry|Repair","b25603ec-f8d8-415f-a1a6-0ba3d4b616c4","CAT Scale at TA Vero Beach","","TA/Petro official location master locmaster20260725.xlsx sha256 5ebe0e9f0341...; coordinates as supplied by operator","",""
"0199","TA","net-new-candidate","no-production-match","TA Troy","819 Edwardsville Rd.","Troy","IL","62294","618-667-9931","38.7338","-89.9098","92","7","5","8","Baskin Robbins, Dunkin'","","yes","Showers|Food|Fuel|Laundry|Repair","","","","TA/Petro official location master locmaster20260725.xlsx sha256 5ebe0e9f0341...; coordinates as supplied by operator","",""
"0201","TA","net-new-candidate","no-production-match","TA Davy Crockett Travel Center","195 Van Hill Road","Greeneville","TN","37745","423-234-4451","36.3254","-82.8354","245","10","6","8","IHOP; Dunkin', Papa John's Pizza","","yes","Showers|Food|Fuel|Laundry|Repair","","","","TA/Petro official location master locmaster20260725.xlsx sha256 5ebe0e9f0341...; coordinates as supplied by operator","",""
"0207","TA","net-new-candidate","no-production-match","TA Binghamton","753 Upper Court Street","Binghamton","NY","13904","607-775-3500","42.1013","-75.8418","125","6","3","6","Country Pride","","yes","Showers|Food|Fuel|Laundry|Repair","","","","TA/Petro official location master locmaster20260725.xlsx sha256 5ebe0e9f0341...; coordinates as supplied by operator","",""
"0208","TA","net-new-candidate","no-production-match","TA Dansville","9616 Commerce Drive","Dansville","NY","14437","585-335-6023","42.5662","-77.7195","102","5","2","8","Country Pride","","yes","Showers|Food|Fuel|Laundry|Repair","","","","TA/Petro official location master locmaster20260725.xlsx sha256 5ebe0e9f0341...; coordinates as supplied by operator","",""
"0210","TA","net-new-candidate","no-production-match","TA Maybrook","125 Neelytown Road","Montgomery","NY","12549","845-457-3163","41.5042","-74.2207","160","11","5","10","Country Pride; Pizza Hut Express","","yes","Showers|Food|Fuel|Laundry|Repair","","","","TA/Petro official location master locmaster20260725.xlsx sha256 5ebe0e9f0341...; coordinates as supplied by operator","",""
"0211","TA","net-new-candidate","no-production-match","TA Greenland","108 Ocean Road","Greenland","NH","03840","603-436-3636","43.0431","-70.8182","72","7","0","8","Country Pride","","yes","Showers|Food|Fuel|Laundry","","","","TA/Petro official location master locmaster20260725.xlsx sha256 5ebe0e9f0341...; coordinates as supplied by operator","",""
"0212","TA","net-new-candidate","no-production-match","TA Bloomsburg","6 Buckhorn Road","Bloomsburg","PA","17815","570-784-9400","41.0143","-76.4928","190","13","4","11","Country Pride; Subway","","yes","Showers|Food|Fuel|Laundry|Repair","","","","TA/Petro official location master locmaster20260725.xlsx sha256 5ebe0e9f0341...; coordinates as supplied by operator","",""
"0213","TA","net-new-candidate","no-production-match","TA Greencastle","10835 John Wayne Drive","Greencastle","PA","17225","717-597-7762","39.7846","-77.7126","190","14","4","12","Country Pride","","yes","Showers|Food|Fuel|Laundry|Repair","","","","TA/Petro official location master locmaster20260725.xlsx sha256 5ebe0e9f0341...; coordinates as supplied by operator","",""
"0214","TA","net-new-candidate","no-production-match","TA Milesburg","875 N. Eagle Valley Rd.","Milesburg","PA","16853","814-355-7561","40.9589","-77.763","122","4","","8","Country Pride; Subway","","yes","Showers|Food|Fuel|Laundry|Repair","","","","TA/Petro official location master locmaster20260725.xlsx sha256 5ebe0e9f0341...; coordinates as supplied by operator","",""
"0215","TA","net-new-candidate","no-production-match","TA Harborcreek","4050 Depot Road","Erie","PA","16510","814-899-1919","42.1409","-79.9246","266","11","6","10","IHOP; Pizza Hut Express, Subway","Blue Beacon Truck Wash","yes","Showers|Food|Fuel|Laundry|Repair","","","","TA/Petro official location master locmaster20260725.xlsx sha256 5ebe0e9f0341...; coordinates as supplied by operator","",""
"0216","TA","probable-duplicate","same-address|city|state","TA Baltimore","5501 O'Donnell Street","Baltimore","MD","21224","410-633-4611","39.2775","-76.5488","181","11","3","8","","","yes","Showers|Fuel|Laundry|Repair","e102d6bd-874c-43d0-b9f6-c8a9dbbe4832","TA Baltimore #216","","TA/Petro official location master locmaster20260725.xlsx sha256 5ebe0e9f0341...; coordinates as supplied by operator","",""
"0220","TA","net-new-candidate","no-production-match","TA Porter","1600 West US Hwy 20","Porter","IN","46304","219-926-8566","41.6125","-87.0985","212","9","6","12","Popeyes, Taco Bell & Pizza Hut Express","","yes","Showers|Food|Fuel|Laundry|Repair","","","","TA/Petro official location master locmaster20260725.xlsx sha256 5ebe0e9f0341...; coordinates as supplied by operator","",""
"0221","TA","probable-duplicate","same-operator-name-in-city|state","TA Candler","153 Wiggins Road","Candler","NC","28715","828-665-1156","35.5432","-82.754","106","8","4","8","Country Pride","","yes","Showers|Food|Fuel|Laundry|Repair","9eb4f46e-b11a-4d3c-be3b-6e34a79f3631","CAT Scale at TA Candler","","TA/Petro official location master locmaster20260725.xlsx sha256 5ebe0e9f0341...; coordinates as supplied by operator","",""
"0224","TA","net-new-candidate","no-production-match","TA Prescott","1806 Hwy 371 West","Prescott","AR","71857","870-887-8900","33.8112","-93.427","292","11","7","10","Subway, Taco Bell","","yes","Showers|Food|Fuel|Laundry|Repair","","","","TA/Petro official location master locmaster20260725.xlsx sha256 5ebe0e9f0341...; coordinates as supplied by operator","",""
"0225","TA","net-new-candidate","no-production-match","TA Tonopah","1010 N. 339th Avenue","Tonopah","AZ","85354","623-386-6443","33.4587","-112.7823","407","18","5","12","Black Bear Diner; Subway, Taco Bell & Pizza Hut Express","","yes","Showers|Food|Fuel|Laundry|Repair","","","","TA/Petro official location master locmaster20260725.xlsx sha256 5ebe0e9f0341...; coordinates as supplied by operator","",""
"0226","TA","net-new-candidate","no-production-match","TA Willcox","1501 North Fort Grant Road","Willcox","AZ","85643","520-384-5311","32.2688","-109.8479","229","10","5","8","Country Pride; Popeyes, Subway","","yes","Showers|Food|Fuel|Laundry|Repair","","","","TA/Petro official location master locmaster20260725.xlsx sha256 5ebe0e9f0341...; coordinates as supplied by operator","",""
"0227","TA","net-new-candidate","no-production-match","TA Barstow","2930 Lenwood Road","Barstow","CA","92311","760-253-2922","34.8537","-117.0888","303","17","7","16","Black Bear Diner; Subway","","yes","Showers|Food|Fuel|Laundry|Repair","","","","TA/Petro official location master locmaster20260725.xlsx sha256 5ebe0e9f0341...; coordinates as supplied by operator","",""
"0228","TA","net-new-candidate","no-production-match","TA Limon","2200 Ninth Street","Limon","CO","80828","719-775-2811","39.271","-103.7067","104","8","5","8","Country Pride; Subway","","yes","Showers|Food|Fuel|Laundry|Repair","","","","TA/Petro official location master locmaster20260725.xlsx sha256 5ebe0e9f0341...; coordinates as supplied by operator","",""
"0229","TA","net-new-candidate","no-production-match","TA Moriarty","1700 U.S. Route 66 West","Moriarty","NM","87035","505-832-4421","35.0095","-106.065","245","10","4","10","Country Pride; Burger King, Pizza Hut Express","","yes","Showers|Food|Fuel|Laundry|Repair","","","","TA/Petro official location master locmaster20260725.xlsx sha256 5ebe0e9f0341...; coordinates as supplied by operator","",""
"0230","TA","net-new-candidate","no-production-match","TA Big Spring","704 West Interstate 20","Big Spring","TX","79720","432-264-4444","32.2648","-101.49","108","9","5","6","IHOP; Popeyes, Subway","","yes","Showers|Food|Fuel|Laundry|Repair","","","","TA/Petro official location master locmaster20260725.xlsx sha256 5ebe0e9f0341...; coordinates as supplied by operator","",""
"0231","TA","net-new-candidate","no-production-match","TA Ganado","802 E. York, Hwy 59","Ganado","TX","77962","361-541-5575","29.0496","-96.5034","104","9","5","8","Burger King, Subway","","yes","Showers|Food|Fuel|Laundry|Repair","","","","TA/Petro official location master locmaster20260725.xlsx sha256 5ebe0e9f0341...; coordinates as supplied by operator","",""
"0232","TA","net-new-candidate","no-production-match","TA New Braunfels","4817 I-35 North","New Braunfels","TX","78130","830-608-9395","29.7489","-98.0579","220","13","6","10","Black Bear Diner; Popeyes, Subway","","yes","Showers|Food|Fuel|Laundry|Repair","","","","TA/Petro official location master locmaster20260725.xlsx sha256 5ebe0e9f0341...; coordinates as supplied by operator","",""
"0233","TA","net-new-candidate","no-production-match","TA Terrell","1700 Wilson Road","Terrell","TX","75161","972-563-6939","32.6908","-96.2441","300","12","5","12","Pizza Hut Express, Subway","","yes","Showers|Food|Fuel|Laundry|Repair","","","","TA/Petro official location master locmaster20260725.xlsx sha256 5ebe0e9f0341...; coordinates as supplied by operator","",""
"0234","TA","net-new-candidate","no-production-match","TA Rawlins","1400 Higley Blvd., Exit 214","Rawlins","WY","82301","307-324-8722","41.7762","-107.2243","188","12","4","12","Country Pride; Subway","","yes","Showers|Food|Fuel|Laundry|Repair","","","","TA/Petro official location master locmaster20260725.xlsx sha256 5ebe0e9f0341...; coordinates as supplied by operator","",""
"0235","TA","net-new-candidate","no-production-match","TA Edinburg","8301 N.Hwy. 281","Edinburg","TX","78541-7060","956-383-0788","26.3845","-98.1435","105","5","2","5","Tule Tree Legendary Burritos","","yes","Showers|Food|Fuel|Laundry|Repair","","","","TA/Petro official location master locmaster20260725.xlsx sha256 5ebe0e9f0341...; coordinates as supplied by operator","",""
"0236","TA","net-new-candidate","no-production-match","TA Morris","21 Romines Drive","Morris","IL","60450","815-942-5690","41.3917","-88.4203","292","6","4","8","Black Bear Diner; Charleys Philly Steaks","","yes","Showers|Food|Fuel|Laundry|Repair","","","","TA/Petro official location master locmaster20260725.xlsx sha256 5ebe0e9f0341...; coordinates as supplied by operator","",""
"0237","TA","net-new-candidate","no-production-match","TA Greenwood","8560 Greenwood Rd","Greenwood","LA","71033","318-938-5411","32.4461","-93.9493","177","10","4","9","KFC, Subway","","yes","Showers|Food|Fuel|Laundry|Repair","","","","TA/Petro official location master locmaster20260725.xlsx sha256 5ebe0e9f0341...; coordinates as supplied by operator","",""
"0238","Petro","net-new-candidate","no-production-match","Petro Columbia","2154 S. Beltline Blvd.","Columbia","SC","29201","803-908-4889","33.9533","-80.9896","134","10","6","8","Quaker Steak & Lube; Starbucks","","yes","Showers|Food|Fuel|Laundry|Repair","","","","TA/Petro official location master locmaster20260725.xlsx sha256 5ebe0e9f0341...; coordinates as supplied by operator","",""
"0239","TA","net-new-candidate","no-production-match","TA Wheeler Ridge","5552 South Wheeler Ridge Road","Arvin","CA","93203","661-858-2804","34.992","-118.9412","306","10","4","8","Black Bear Diner; Burger King, Pizza Hut Express, Popeyes, Subway, Taco Bell","Blue Beacon Truck Wash","yes","Showers|Food|Fuel|Laundry|Repair","","","","TA/Petro official location master locmaster20260725.xlsx sha256 5ebe0e9f0341...; coordinates as supplied by operator","",""
"0241","TA","net-new-candidate","no-production-match","TA DeMotte","11166 West State Road 10","DeMotte","IN","46310","219-507-7013","41.1456","-87.2597","133","6","4","7","Burger King","","yes","Showers|Food|Fuel|Laundry|Repair","","","","TA/Petro official location master locmaster20260725.xlsx sha256 5ebe0e9f0341...; coordinates as supplied by operator","",""
"0242","TA","net-new-candidate","no-production-match","TA Battle Creek","15874 Eleven Mile Rd.","Battle Creek","MI","49014","269-965-7721","42.3029","-85.0811","157","6","5","9","Country Pride","","yes","Showers|Food|Fuel|Repair","","","","TA/Petro official location master locmaster20260725.xlsx sha256 5ebe0e9f0341...; coordinates as supplied by operator","",""
"0245","TA","probable-duplicate","same-operator-name-in-city|state","TA Denmark","155 Hwy. 138, Providence Rd.","Denmark","TN","38391-9998","731-424-5591","35.5955","-89.0557","92","8","2","7","Country Pride; Subway","","yes","Showers|Food|Fuel|Laundry|Repair","09974385-8c93-4bb5-be59-13552b53e2b3","TA Denmark (TravelCenters of America #245)","","TA/Petro official location master locmaster20260725.xlsx sha256 5ebe0e9f0341...; coordinates as supplied by operator","",""
"0246","TA","net-new-candidate","no-production-match","TA Holbrook","3747 Express Drive","Holbrook","AZ","86025","928-524-3006","34.9054","-110.2108","75","9","4","8","Popeyes","","yes","Showers|Food|Fuel|Laundry|Repair","","","","TA/Petro official location master locmaster20260725.xlsx sha256 5ebe0e9f0341...; coordinates as supplied by operator","",""
"0247","TA","net-new-candidate","no-production-match","TA Baldwin","1024 US 301 South","Baldwin","FL","32234","904-266-4281","30.2855","-81.9841","90","6","2","6","Arby's","","yes","Showers|Food|Fuel|Laundry|Repair","","","","TA/Petro official location master locmaster20260725.xlsx sha256 5ebe0e9f0341...; coordinates as supplied by operator","",""
"0248","TA","net-new-candidate","no-production-match","TA Jacksonville South","1650 C.R. 210 West","Jacksonville","FL","32259-2011","904-829-3946","30.0661","-81.4961","87","6","3","7","Popeyes, Subway","","yes","Showers|Food|Fuel|Laundry|Repair","","","","TA/Petro official location master locmaster20260725.xlsx sha256 5ebe0e9f0341...; coordinates as supplied by operator","",""
"0249","TA","probable-duplicate","coordinate-within-0.25mi-same-operator","TA Lake Park","6901 Bellville Road","Lake Park","GA","31636-0430","229-559-5113","30.644","-83.1876","75","6","3","7","Arby's, Popeyes","","yes","Showers|Food|Fuel|Laundry|Repair","93653e22-f954-4d6b-acd8-9f547ce4b947","TA Lake Park #249","0.004","TA/Petro official location master locmaster20260725.xlsx sha256 5ebe0e9f0341...; coordinates as supplied by operator","",""
"0251","TA","net-new-candidate","no-production-match","TA Mocksville","1670 US Hwy 601 N","Mocksville","NC","27028","336-751-3815","35.925","-80.5917","130","7","3","8","Popeyes","","yes","Showers|Food|Fuel|Laundry|Repair","","","","TA/Petro official location master locmaster20260725.xlsx sha256 5ebe0e9f0341...; coordinates as supplied by operator","",""
"0252","TA","net-new-candidate","no-production-match","TA Beto Junction","2775 Highway 75","Lebo","KS","66856","620-256-6311","38.4276","-95.7272","226","8","3","7","Country Pride; Wendy's","","yes","Showers|Food|Fuel|Laundry|Repair","","","","TA/Petro official location master locmaster20260725.xlsx sha256 5ebe0e9f0341...; coordinates as supplied by operator","",""
"0253","TA","net-new-candidate","no-production-match","TA West Greenwich","849 Victory Hwy West","West Greenwich","RI","02817","401-397-7774","41.6081","-71.6638","180","6","3","6","Popeyes","","yes","Showers|Food|Fuel|Laundry|Repair","","","","TA/Petro official location master locmaster20260725.xlsx sha256 5ebe0e9f0341...; coordinates as supplied by operator","",""
"0254","TA","net-new-candidate","no-production-match","TA Brooklyn","4124 V18 Rd.","Brooklyn","IA","52211","641-631-0047","41.6978","-92.4459","70","5","4","7","Country Pride; Hunt Brothers Pizza","","yes","Showers|Food|Fuel|Laundry|Repair","","","","TA/Petro official location master locmaster20260725.xlsx sha256 5ebe0e9f0341...; coordinates as supplied by operator","",""
"0255","TA","existing-match","dup-key-name|city|state","TA Caryville","305 Howard Baker Hwy","Pioneer","TN","37847","423-562-3490","36.3771","-84.2463","80","8","5","6","Popeyes","","yes","Showers|Food|Fuel|Laundry|Repair","25bbe285-2b82-4ad4-a1fb-5dd82073d31f","TA Caryville","","TA/Petro official location master locmaster20260725.xlsx sha256 5ebe0e9f0341...; coordinates as supplied by operator","",""
"0257","TA","net-new-candidate","no-production-match","TA Clayton","10346 S. State Road 39","Clayton","IN","46118-9184","317-539-6515","39.6113","-86.4807","100","6","2","8","Country Pride","","yes","Showers|Food|Fuel|Laundry|Repair","","","","TA/Petro official location master locmaster20260725.xlsx sha256 5ebe0e9f0341...; coordinates as supplied by operator","",""
"0258","TA","probable-duplicate","same-operator-name-in-city|state","TA Brunswick","185 S. Port Parkway","Brunswick","GA","31523","912-279-3386","31.1381","-81.5799","107","9","6","8","Burger King, Starbucks, Subway","","yes","Showers|Food|Fuel|Laundry|Repair","28c41568-118b-4e1f-aee1-469f8a634af9","TA Travel Center Brunswick","","TA/Petro official location master locmaster20260725.xlsx sha256 5ebe0e9f0341...; coordinates as supplied by operator","",""
"0259","TA Express","net-new-candidate","no-production-match","TA Express Alexander","14256 US-85","Alexander","ND","58831","701-707-1770","47.8053","-103.6452","55","6","","6","Champs Chicken","","yes","Showers|Food|Fuel|Laundry","","","","TA/Petro official location master locmaster20260725.xlsx sha256 5ebe0e9f0341...; coordinates as supplied by operator","",""
"0261","TA","net-new-candidate","no-production-match","TA Laurel","11360 South Frontage Road","Laurel","MT","59044","406-628-4324","45.6823","-108.7038","80","4","0","5","TA Cafe","","yes","Showers|Food|Fuel|Laundry","","","","TA/Petro official location master locmaster20260725.xlsx sha256 5ebe0e9f0341...; coordinates as supplied by operator","",""
"0266","TA","net-new-candidate","no-production-match","TA Denton","6420 North I-35","Denton","TX","76207","940-383-1458","33.2622","-97.1767","138","7","6","8","Burger King, Pizza Hut","","yes","Showers|Food|Fuel|Laundry|Repair","","","","TA/Petro official location master locmaster20260725.xlsx sha256 5ebe0e9f0341...; coordinates as supplied by operator","",""
"0268","TA","probable-duplicate","same-address|city|state","TA Atlanta South","122 Truckstop Way","Jackson","GA","30233-0967","770-775-2076","33.2065","-84.0585","108","8","4","8","IHOP; Subway","","yes","Showers|Food|Fuel|Laundry|Repair","aa56235a-c422-4907-84f7-289e8ff3d204","TA Truck Service - TA Atlanta South","0.004","TA/Petro official location master locmaster20260725.xlsx sha256 5ebe0e9f0341...; coordinates as supplied by operator","",""
"0269","TA","existing-match","dup-key-name|city|state","TA Knoxville West","615 Watt Road","Knoxville","TN","37922-1112","865-531-7676","35.8731","-84.2379","176","12","5","8","Burger King, Pizza Hut Express, Popeyes, Subway","","yes","Showers|Food|Fuel|Repair","cd4783d1-b67c-4c09-b056-6a72f5606229","TA Knoxville West","","TA/Petro official location master locmaster20260725.xlsx sha256 5ebe0e9f0341...; coordinates as supplied by operator","",""
"0270","TA","net-new-candidate","no-production-match","TA Bernardo","6701 US Hwy 90","Sealy","TX","77474","979-732-2986","29.7427","-96.3301","43","5","0","8","Carl's Jr., Dunkin'","","yes","Showers|Food|Fuel|Laundry","","","","TA/Petro official location master locmaster20260725.xlsx sha256 5ebe0e9f0341...; coordinates as supplied by operator","",""
"0272","TA Express","net-new-candidate","no-production-match","TA Express Steele","620 Mitchell Avenue North","Steele","ND","58482","701-475-2274","46.8618","-99.9157","70","6","1","7","Caribou Coffee, Cinnabon, Pizza Hut Express, Subway","","","Showers|Food|Fuel|Laundry|Repair","","","","TA/Petro official location master locmaster20260725.xlsx sha256 5ebe0e9f0341...; coordinates as supplied by operator","",""
"0273","TA Express","net-new-candidate","no-production-match","TA Express Hot Springs","27638 US 385","Hot Springs","SD","57747","605-745-4215","43.3986","-103.3958","75","2","0","4","Cinnabon, Pizza Hut, Subway","","yes","Showers|Food|Fuel|Laundry","","","","TA/Petro official location master locmaster20260725.xlsx sha256 5ebe0e9f0341...; coordinates as supplied by operator","",""
"0274","TA Express","net-new-candidate","no-production-match","TA Express Summit","45789 US Hwy 12","Summit","SD","57266","605-398-6493","45.3112","-97.04626","70","4","4","8","Caribou Coffee, Cinnabon, Pizza Hut Express, Subway","","yes","Showers|Food|Fuel|Laundry|Repair","","","","TA/Petro official location master locmaster20260725.xlsx sha256 5ebe0e9f0341...; coordinates as supplied by operator","",""
"0275","TA Express","net-new-candidate","no-production-match","TA Express Vermillion","47051 SD Hwy 50","Burbank","SD","57010","605-624-2062","42.785","-96.797","105","5","0","8","Caribou Coffee, Cinnabon, Pizza Hut Express, Subway","","yes","Showers|Food|Fuel|Laundry","","","","TA/Petro official location master locmaster20260725.xlsx sha256 5ebe0e9f0341...; coordinates as supplied by operator","",""
"0276","TA","net-new-candidate","no-production-match","TA Huntington","5945 US Hwy 30","Huntington","OR","97907","541-869-2301","44.29342","-117.22491","140","6","0","8","Miss J's","","","Showers|Food|Fuel|Laundry","","","","TA/Petro official location master locmaster20260725.xlsx sha256 5ebe0e9f0341...; coordinates as supplied by operator","",""
"0277","TA Express","net-new-candidate","no-production-match","TA Express Baytown South","5490 N Hwy 146","Baytown","TX","77523","409-277-3841","29.77736","-94.91346","29","3","0","4","Miss J's, Schlotzsky’s","","yes","Showers|Food|Fuel|Laundry","","","","TA/Petro official location master locmaster20260725.xlsx sha256 5ebe0e9f0341...; coordinates as supplied by operator","",""
"0279","TA Express","net-new-candidate","no-production-match","TA Express Biggs Junction","91464 Biggs-Rufus Hwy","Wasco","OR","97065","541-739-2106","45.66881","-120.83487","35","7","0","8","Krispy Krunchy Chicken, Pizza Hut, Taco Bell","","","Showers|Food|Fuel|Laundry","","","","TA/Petro official location master locmaster20260725.xlsx sha256 5ebe0e9f0341...; coordinates as supplied by operator","",""
"0281","TA Express","net-new-candidate","no-production-match","TA Express Kilgore","4403 TX - 42","Kilgore","TX","75662","430-253-2656","32.428842","-94.864307","63","7","0","6","Baskin Robbins, Dunkin', Miss J’s Café, Wendy's","","","Showers|Food|Fuel|Laundry","","","","TA/Petro official location master locmaster20260725.xlsx sha256 5ebe0e9f0341...; coordinates as supplied by operator","",""
"0282","TA Express","net-new-candidate","no-production-match","TA Express Almeda","12602 South Freeway","Almeda","TX","77047","713-788-8639","29.6141","-95.38816","50","3","0","4","Miss J’s Café, Subway","","yes","Showers|Food|Fuel","","","","TA/Petro official location master locmaster20260725.xlsx sha256 5ebe0e9f0341...; coordinates as supplied by operator","",""
"0283","TA Express","net-new-candidate","no-production-match","TA Express West Point","3000 Kia Blvd","West Point","GA","31833","706-984-9499","32.93035","-85.11613","26","4","0","6","Miss J’s Café, Starbucks","","yes","Showers|Food|Fuel","","","","TA/Petro official location master locmaster20260725.xlsx sha256 5ebe0e9f0341...; coordinates as supplied by operator","",""
"0284","TA Express","net-new-candidate","no-production-match","TA Express Edgerton","32501 W 200th Street","Edgerton","KS","66021","913-882-3362","38.76281","-94.96248","90","4","0","6","IHOP; Goodcents, Miss J’s Café","","","Showers|Food|Fuel|Laundry","","","","TA/Petro official location master locmaster20260725.xlsx sha256 5ebe0e9f0341...; coordinates as supplied by operator","",""
"0286","TA Express","net-new-candidate","no-production-match","TA Express Mount Vernon","300 SE Access Rd","Mount Vernon","TX","75457","903-537-9200","33.14914","-95.20939","110","6","4","9","Taco Casa; Cotton Belt Bbq, Duke's Bakery, Pickadilly Circus Pizza, The Original Fried Pie Shop","","","Showers|Food|Fuel|Laundry|Repair","","","","TA/Petro official location master locmaster20260725.xlsx sha256 5ebe0e9f0341...; coordinates as supplied by operator","",""
"0287","TA Express","existing-match","dup-key-name|city|state","TA Express Cookeville","1750 Salem Road","Cookeville","TN","38506","931-510-3326","36.1305","-85.4796","59","6","0","6","El Tapatio Fresh Mex, Hardee's, Sbarro","","yes","Showers|Food|Fuel|Laundry","68afff98-8a4c-42be-b099-e87e50b08a38","TA Express Cookeville","","TA/Petro official location master locmaster20260725.xlsx sha256 5ebe0e9f0341...; coordinates as supplied by operator","",""
"0288","TA","probable-duplicate","same-operator-name-in-city|state","TA Lake City","14197 South US HWY 441","Lake City","FL","32024","386-202-6500","29.99558","-82.59672","250","14","5","9","Roadhouse Chicken Co.; Sbarro","","yes","Showers|Food|Fuel|Laundry|Repair","04e8fad7-c564-4879-95ba-91816d3b1074","CAT Scale — TA Travel Center #288, Lake City","","TA/Petro official location master locmaster20260725.xlsx sha256 5ebe0e9f0341...; coordinates as supplied by operator","",""
"0289","TA Express","net-new-candidate","no-production-match","TA Express Nacogdoches","2615 NW Stallings Drive","Nacogdoches","TX","75964","936-234-7998","31.65211","-94.67876","95","5","0","5","Denny's; Miss J’s Café","","","Showers|Food|Fuel|Laundry","","","","TA/Petro official location master locmaster20260725.xlsx sha256 5ebe0e9f0341...; coordinates as supplied by operator","",""
"0290","TA Express","net-new-candidate","no-production-match","TA Express Fairfield","1015 West Commerce St","Fairfield","TX","75840","903-915-8296","31.72559","-96.17767","102","9","0","8","Miss J's, The Original Fried Pie Shop, Whataburger","","yes","Showers|Food|Fuel|Laundry","","","","TA/Petro official location master locmaster20260725.xlsx sha256 5ebe0e9f0341...; coordinates as supplied by operator","",""
"0292","TA Express","net-new-candidate","no-production-match","TA Express White Hills","19210 US Hwy 93","White Hills","AZ","86445","928-285-2431","35.684","-114.4672","67","7","0","7","Carl's Jr., Del Taco, Einstein Bagels, Sbarro","","yes","Showers|Food|Fuel|Laundry","","","","TA/Petro official location master locmaster20260725.xlsx sha256 5ebe0e9f0341...; coordinates as supplied by operator","",""
"0293","TA Express","net-new-candidate","no-production-match","TA Express Carthage","1086 US 59 South","Carthage","TX","75633","903-690-0272","32.12982","-94.3326","76","4","0","5","Denny's","","","Showers|Food|Fuel|Laundry","","","","TA/Petro official location master locmaster20260725.xlsx sha256 5ebe0e9f0341...; coordinates as supplied by operator","",""
"0301","Petro","net-new-candidate","no-production-match","Petro El Paso","1295 Horizon Blvd.","El Paso","TX","79927","915-790-4529","31.6609","-106.2424","290","15","6","12","Black Bear Diner","Blue Beacon Truck Wash","yes","Showers|Food|Fuel|Laundry|Repair","","","","TA/Petro official location master locmaster20260725.xlsx sha256 5ebe0e9f0341...; coordinates as supplied by operator","",""
"0302","Petro","net-new-candidate","no-production-match","Petro Weatherford","2001 Santa Fe Dr","Weatherford","TX","76086","817-599-9411","32.7389","-97.7654","275","16","5","12","Iron Skillet; Popeyes","","yes","Showers|Food|Fuel|Laundry|Repair","","","","TA/Petro official location master locmaster20260725.xlsx sha256 5ebe0e9f0341...; coordinates as supplied by operator","",""
"0303","Petro","net-new-candidate","no-production-match","Petro Laramie","1855 West Curtis","Laramie","WY","82070","307-745-6480","41.3287","-105.6194","236","14","5","12","Iron Skillet","Blue Beacon Truck Wash","yes","Showers|Food|Fuel|Laundry|Repair","","","","TA/Petro official location master locmaster20260725.xlsx sha256 5ebe0e9f0341...; coordinates as supplied by operator","",""
"0304","Petro","net-new-candidate","no-production-match","Petro Beaumont","5405 Walden Rd","Beaumont","TX","77705","409-842-9600","30.037","-94.1561","275","13","6","12","Black Bear Diner","Blue Beacon Truck Wash","yes","Showers|Food|Fuel|Laundry|Repair","","","","TA/Petro official location master locmaster20260725.xlsx sha256 5ebe0e9f0341...; coordinates as supplied by operator","",""
"0305","Petro","net-new-candidate","no-production-match","Petro San Antonio","1112 Ackerman Road","San Antonio","TX","78219","210-661-9416","29.4376","-98.3799","250","13","7","12","Black Bear Diner","Blue Beacon Truck Wash","yes","Showers|Food|Fuel|Laundry|Repair","","","","TA/Petro official location master locmaster20260725.xlsx sha256 5ebe0e9f0341...; coordinates as supplied by operator","",""
"0306","Petro","net-new-candidate","no-production-match","Petro Eloy","5235 N. Sunland Gin Rd.","Casa Grande","AZ","85131","520-836-3983","32.8124","-111.6702","175","10","4","11","Black Bear Diner","Blue Beacon Truck Wash","yes","Showers|Food|Fuel|Laundry|Repair","","","","TA/Petro official location master locmaster20260725.xlsx sha256 5ebe0e9f0341...; coordinates as supplied by operator","",""
"0307","Petro","net-new-candidate","no-production-match","Petro Amarillo","8500 E I-40 @ Lakeside Drive","Amarillo","TX","79118","806-372-4899","35.1917","-101.7437","280","22","5","12","Iron Skillet","","yes","Showers|Food|Fuel|Laundry|Repair","","","","TA/Petro official location master locmaster20260725.xlsx sha256 5ebe0e9f0341...; coordinates as supplied by operator","",""
"0308","Petro","net-new-candidate","no-production-match","Petro Shreveport","6910 W Bert Kouns Industrial Loop","Shreveport","LA","71129","318-686-6111","32.4446","-93.901","218","15","5","12","Iron Skillet","","yes","Showers|Food|Fuel|Laundry|Repair","","","","TA/Petro official location master locmaster20260725.xlsx sha256 5ebe0e9f0341...; coordinates as supplied by operator","",""
"0309","Petro","net-new-candidate","no-production-match","Petro Corning","2151 South Avenue","Corning","CA","96021","530-824-4685","39.9059","-122.1967","120","14","6","12","Iron Skillet","","yes","Showers|Food|Fuel|Laundry|Repair","","","","TA/Petro official location master locmaster20260725.xlsx sha256 5ebe0e9f0341...; coordinates as supplied by operator","",""
"0310","Petro","net-new-candidate","no-production-match","Petro Hammond","2100 S.W. Railroad Ave.","Hammond","LA","70403","985-542-4981","30.477","-90.4579","200","12","4","12","Iron Skillet","Blue Beacon Truck Wash","yes","Showers|Food|Fuel|Laundry|Repair","","","","TA/Petro official location master locmaster20260725.xlsx sha256 5ebe0e9f0341...; coordinates as supplied by operator","",""
"0311","Petro","probable-duplicate","same-operator-name-in-city|state","Petro W. Memphis","3900 Petro Road","West Memphis","AR","72301","870-702-5540","35.1544","-90.136","280","17","6","12","IHOP","","yes","Showers|Food|Fuel|Laundry|Repair","c3dc2406-02fd-41e0-98fe-b38111f2f639","Blue Beacon Truck Wash (Petro West Memphis)","","TA/Petro official location master locmaster20260725.xlsx sha256 5ebe0e9f0341...; coordinates as supplied by operator","",""
"0312","Petro","existing-match","dup-key-name|city|state","Petro Knoxville","722 Watt Road","Knoxville","TN","37934","865-693-6542","35.875","-84.2361","250","13","5","12","Iron Skillet","","yes","Showers|Food|Fuel|Laundry|Repair","5e829807-6932-4f13-b44f-e5dea115f755","Petro Knoxville","","TA/Petro official location master locmaster20260725.xlsx sha256 5ebe0e9f0341...; coordinates as supplied by operator","",""
"0313","Petro","net-new-candidate","no-production-match","Petro Milan","1430 Motel Drive","Milan","NM","87021","505-285-6648","35.181","-107.9038","200","13","3","12","Iron Skillet","","yes","Showers|Food|Fuel|Laundry|Repair","","","","TA/Petro official location master locmaster20260725.xlsx sha256 5ebe0e9f0341...; coordinates as supplied by operator","",""
"0314","Petro","net-new-candidate","no-production-match","Petro Bordentown","402 Rising Sun Square Road","Bordentown","NJ","08505","609-298-6070","40.1234","-74.7131","490","20","6","12","Iron Skillet; Arby's","Blue Beacon Truck Wash","yes","Showers|Food|Fuel|Laundry|Repair","","","","TA/Petro official location master locmaster20260725.xlsx sha256 5ebe0e9f0341...; coordinates as supplied by operator","",""
"0315","Petro","net-new-candidate","no-production-match","Petro Kingman","970 South Blake Ranch Road","Kingman","AZ","86401","928-681-5246","35.1779","-113.7887","280","17","5","12","Iron Skillet; Dunkin'","","yes","Showers|Food|Fuel|Laundry|Repair","","","","TA/Petro official location master locmaster20260725.xlsx sha256 5ebe0e9f0341...; coordinates as supplied by operator","",""
"0316","Petro","net-new-candidate","no-production-match","Petro Oklahoma City","20 Martin Luther King Blvd","Oklahoma City","OK","73117","405-228-7040","35.4662","-97.4755","280","14","5","12","Iron Skillet","","yes","Showers|Food|Fuel|Laundry|Repair","","","","TA/Petro official location master locmaster20260725.xlsx sha256 5ebe0e9f0341...; coordinates as supplied by operator","",""
"0317","Petro","net-new-candidate","no-production-match","Petro Perrysburg","26416 Baker Rd.","Perrysburg","OH","43551","419-443-1800","41.5355","-83.4664","375","14","4","12","Fork and Compass","Blue Beacon Truck Wash","yes","Showers|Food|Fuel|Laundry|Repair","","","","TA/Petro official location master locmaster20260725.xlsx sha256 5ebe0e9f0341...; coordinates as supplied by operator","",""
"0318","Petro","net-new-candidate","no-production-match","Petro Kingdom City","3304 Gold Road","Kingdom City","MO","65262","573-642-0676","38.9405","-91.9399","235","15","5","12","Iron Skillet","","yes","Showers|Food|Fuel|Laundry|Repair","","","","TA/Petro official location master locmaster20260725.xlsx sha256 5ebe0e9f0341...; coordinates as supplied by operator","",""
"0319","Petro","net-new-candidate","no-production-match","Petro Bucksville","22526 Highway 216","McCalla","AL","35111","205-477-9178","33.2796","-87.0919","255","14","5","12","Iron Skillet; Popeyes","","yes","Showers|Food|Fuel|Laundry|Repair","","","","TA/Petro official location master locmaster20260725.xlsx sha256 5ebe0e9f0341...; coordinates as supplied by operator","",""
"0320","Petro","net-new-candidate","no-production-match","Petro Girard","1 Petro Place","Girard","OH","44420","330-505-3700","41.1408","-80.7172","323","14","5","14","Iron Skillet","","yes","Showers|Food|Fuel|Laundry|Repair","","","","TA/Petro official location master locmaster20260725.xlsx sha256 5ebe0e9f0341...; coordinates as supplied by operator","",""
"0321","Petro","net-new-candidate","no-production-match","Petro Effingham","1805 West Fayette Ave","Effingham","IL","62401","217-347-0480","39.1197","-88.5723","212","19","5","14","IHOP","","yes","Showers|Food|Fuel|Laundry|Repair","","","","TA/Petro official location master locmaster20260725.xlsx sha256 5ebe0e9f0341...; coordinates as supplied by operator","",""
"0322","Petro","net-new-candidate","no-production-match","Petro Atlanta","3181 Donald Lee Hollowell Pkwy.","Atlanta","GA","30318","404-794-7772","33.7865","-84.4905","411","14","6","16","Iron Skillet; Burger King","","yes","Showers|Food|Fuel|Laundry|Repair","","","","TA/Petro official location master locmaster20260725.xlsx sha256 5ebe0e9f0341...; coordinates as supplied by operator","",""
"0323","Petro","probable-duplicate","same-operator-name-in-city|state","Petro Ocala","7401 West Hwy 318","Reddick","FL","32686","352-591-1881","29.409","-82.2462","270","14","5","12","Iron Skillet; Wendy's","","yes","Showers|Food|Fuel|Laundry|Repair","6de301f3-14ca-4c44-b816-1820cd9f4ae7","CAT Scale — Petro Stopping Center #323, Reddick","","TA/Petro official location master locmaster20260725.xlsx sha256 5ebe0e9f0341...; coordinates as supplied by operator","",""
"0324","Petro","net-new-candidate","no-production-match","Petro Phoenix","3730 Fern Valley Rd.","Phoenix","OR","97535","541-535-3372","42.2795","-122.8116","87","6","4","8","Iron Skillet","","yes","Showers|Food|Fuel|Laundry|Repair","","","","TA/Petro official location master locmaster20260725.xlsx sha256 5ebe0e9f0341...; coordinates as supplied by operator","",""
"0325","Petro","probable-duplicate","same-address|city|state","Petro North Baltimore","12906 Deshler Rd.","North Baltimore","OH","45872","419-257-3744","41.1738","-83.6475","250","10","5","14","IHOP; Taco Bell & Pizza Hut Express","","yes","Showers|Food|Fuel|Laundry|Repair","4d1432ba-9d0d-4905-909b-2fce8d5d6497","TA Truck Service - Petro #325, North Baltimore","","TA/Petro official location master locmaster20260725.xlsx sha256 5ebe0e9f0341...; coordinates as supplied by operator","",""
"0326","Petro","probable-duplicate","same-operator-name-in-city|state","Petro N. Little Rock","3205 Valentine Road","North Little Rock","AR","72117","501-945-3206","34.781","-92.1298","250","14","6","10","Iron Skillet","","yes","Showers|Food|Fuel|Laundry|Repair","5ff985fa-b430-487b-8217-485a94e97d7d","CAT Scale at Petro Stopping Center #326","","TA/Petro official location master locmaster20260725.xlsx sha256 5ebe0e9f0341...; coordinates as supplied by operator","",""
"0327","Petro","net-new-candidate","no-production-match","Petro Wheeler Ridge","5821 Dennis McCarthy Dr.","Lebec","CA","93243","661-663-4341","34.9861","-118.9481","415","19","6","12","IHOP; Arby's, Baskin Robbins, Subway, Wendy's","","yes","Showers|Food|Fuel|Laundry|Repair","","","","TA/Petro official location master locmaster20260725.xlsx sha256 5ebe0e9f0341...; coordinates as supplied by operator","",""
"0329","Petro","net-new-candidate","no-production-match","Petro Mebane","500 Buckhorn Road","Mebane","NC","27302","919-304-7476","36.0772","-79.2251","285","19","5","12","IHOP; Dunkin'","","yes","Showers|Food|Fuel|Laundry|Repair","","","","TA/Petro official location master locmaster20260725.xlsx sha256 5ebe0e9f0341...; coordinates as supplied by operator","",""
"0330","Petro","net-new-candidate","no-production-match","Petro Glendale","554 W. Glendale Hodgenville Road","Glendale","KY","42740","270-369-6840","37.5984","-85.8734","263","19","5","12","Iron Skillet","Blue Beacon Truck Wash","yes","Showers|Food|Fuel|Laundry|Repair","","","","TA/Petro official location master locmaster20260725.xlsx sha256 5ebe0e9f0341...; coordinates as supplied by operator","",""
"0331","Petro","net-new-candidate","no-production-match","Petro North Las Vegas","6595 North Hollywood Blvd","North Las Vegas","NV","89115","702-632-2640","36.2797","-115.0261","207","16","5","12","Iron Skillet; Dunkin'","","yes","Showers|Food|Fuel|Laundry|Repair","","","","TA/Petro official location master locmaster20260725.xlsx sha256 5ebe0e9f0341...; coordinates as supplied by operator","",""
"0333","TA","net-new-candidate","no-production-match","TA Hillsboro","160 State Hwy 77","Hillsboro","TX","76645","254-283-6556","32.0455","-97.092","201","10","5","8","IHOP; Burger King","","yes","Showers|Food|Fuel|Laundry|Repair","","","","TA/Petro official location master locmaster20260725.xlsx sha256 5ebe0e9f0341...; coordinates as supplied by operator","",""
"0336","Petro","net-new-candidate","no-production-match","Petro Carlisle","1201 Harrisburg Ave, Route 11","Carlisle","PA","17013","717-249-1919","40.2319","-77.1418","380","20","6","12","Iron Skillet","","yes","Showers|Food|Fuel|Laundry|Repair","","","","TA/Petro official location master locmaster20260725.xlsx sha256 5ebe0e9f0341...; coordinates as supplied by operator","",""
"0338","Petro","net-new-candidate","no-production-match","Petro Sparks","1950 East Greg St.","Sparks","NV","89431","775-355-8888","39.5233","-119.7087","400","14","5","10","Iron Skillet","","yes","Showers|Food|Fuel|Laundry|Repair","","","","TA/Petro official location master locmaster20260725.xlsx sha256 5ebe0e9f0341...; coordinates as supplied by operator","",""
"0339","Petro","net-new-candidate","no-production-match","Petro Spokane","10506 West Aero Road","Spokane","WA","99224","509-842-1100","47.5906","-117.5612","200","11","5","10","Iron Skillet; Starbucks","","yes","Showers|Food|Fuel|Laundry|Repair","","","","TA/Petro official location master locmaster20260725.xlsx sha256 5ebe0e9f0341...; coordinates as supplied by operator","",""
"0344","Petro","probable-duplicate","same-operator-name-in-city|state","Petro Kingsland","1105 East King Avenue","Kingsland","GA","31548","912-882-3111","30.7942","-81.6662","136","5","5","9","Popeyes","","yes","Showers|Food|Fuel|Laundry|Repair","4e5234b6-1305-4705-941d-ec5a77370983","CAT Scale at Petro Kingsland (#344)","","TA/Petro official location master locmaster20260725.xlsx sha256 5ebe0e9f0341...; coordinates as supplied by operator","",""
"0346","Petro","net-new-candidate","no-production-match","Petro Santa Nella","28991 West Gonzaga","Santa Nella","CA","95322","209-827-8025","37.0547","-121.0155","124","7","","12","Burger King","","yes","Showers|Food|Fuel|Laundry","","","","TA/Petro official location master locmaster20260725.xlsx sha256 5ebe0e9f0341...; coordinates as supplied by operator","",""
"0347","TA","net-new-candidate","no-production-match","TA Truck Service Franklin","101 Trotter Lane","Franklin","KY","42134","270-586-0877","36.7163","-86.5244","","","4","0","","","","Repair","","","","TA/Petro official location master locmaster20260725.xlsx sha256 5ebe0e9f0341...; coordinates as supplied by operator","",""
"0349","Petro","probable-duplicate","same-operator-name-in-city|state","Petro Kingston Springs","162 Luyben Hills Road","Kingston Springs","TN","37082","615-952-3208","36.0824","-87.0955","68","6","4","8","Iron Skillet","","yes","Showers|Food|Fuel|Laundry|Repair","b14b490c-6516-43d5-b38d-8aa2e3b7370b","CAT Scale - Petro Kingston Springs","","TA/Petro official location master locmaster20260725.xlsx sha256 5ebe0e9f0341...; coordinates as supplied by operator","",""
"0350","TA Express","net-new-candidate","no-production-match","TA Express Vinton","601 Westway Blvd.","Canutillo","TX","79835","915-886-5761","31.9581","-106.58","65","6","5","7","Subway","","yes","Showers|Food|Fuel|Laundry|Repair","","","","TA/Petro official location master locmaster20260725.xlsx sha256 5ebe0e9f0341...; coordinates as supplied by operator","",""
"0352","Petro","net-new-candidate","no-production-match","Petro Gadsden","1724 West Grand Avenue","Gadsden","AL","35904","256-413-7135","33.9956","-86.0827","162","9","6","11","Hunt Brothers Pizza, Popeyes, Starbucks","","yes","Showers|Food|Fuel|Laundry|Repair","","","","TA/Petro official location master locmaster20260725.xlsx sha256 5ebe0e9f0341...; coordinates as supplied by operator","",""
"0354","Petro","net-new-candidate","no-production-match","Petro Joplin","4240 Highway 43","Joplin","MO","64804","417-624-3400","37.0072","-94.5523","465","18","8","12","Black Bear Diner; Blimpie, Dairy Queen, Mcdonald's, Starbucks, Taco Bell & Pizza Hut Express","","yes","Showers|Food|Fuel|Laundry|Repair","","","","TA/Petro official location master locmaster20260725.xlsx sha256 5ebe0e9f0341...; coordinates as supplied by operator","",""
"0357","Petro","net-new-candidate","no-production-match","Petro New Paris","9787 US Route 40 West","New Paris","OH","45347","937-637-7800","39.8346","-84.8111","197","13","4","12","Iron Skillet","Blue Beacon Truck Wash","yes","Showers|Food|Fuel|Laundry|Repair","","","","TA/Petro official location master locmaster20260725.xlsx sha256 5ebe0e9f0341...; coordinates as supplied by operator","",""
"0359","Petro","net-new-candidate","no-production-match","Petro Rochelle","900 Petro Rd","Rochelle","IL","61068","815-562-3716","41.9356","-89.0335","350","16","5","10","Iron Skillet; Hub City Express","","","Showers|Food|Fuel|Repair","","","","TA/Petro official location master locmaster20260725.xlsx sha256 5ebe0e9f0341...; coordinates as supplied by operator","",""
"0361","Petro","net-new-candidate","no-production-match","Petro Fargo","4510 19th Ave S.W.","Fargo","ND","58103","701-282-8105","46.8503","-96.8632","209","10","4","16","Dolly Down; Charleys Philly Steaks, Cinnabon, Papa John's Pizza, Popeyes","","","Showers|Food|Fuel|Laundry|Repair","","","","TA/Petro official location master locmaster20260725.xlsx sha256 5ebe0e9f0341...; coordinates as supplied by operator","",""
"0362","Petro","net-new-candidate","no-production-match","Petro York","4700 S. Lincoln Ave.","York","NE","68467","402-362-1776","40.8182","-97.5989","250","16","5","10","Iron Skillet; Pizza Hut Express","Blue Beacon Truck Wash","yes","Showers|Food|Fuel|Laundry|Repair","","","","TA/Petro official location master locmaster20260725.xlsx sha256 5ebe0e9f0341...; coordinates as supplied by operator","",""
"0367","Petro","net-new-candidate","no-production-match","Petro Monee","5915 Monee Road","Monee","IL","60449","708-534-0400","41.4258","-87.7549","90","8","5","7","","","yes","Showers|Fuel|Laundry|Repair","","","","TA/Petro official location master locmaster20260725.xlsx sha256 5ebe0e9f0341...; coordinates as supplied by operator","",""
"0369","Petro","probable-duplicate","same-operator-name-in-city|state","Petro Gary","3001 Grant Street","Gary","IN","46408","219-884-1133","41.5638","-87.3557","405","15","6","15","Iron Skillet; Taco Bell & Pizza Hut Express","","yes","Showers|Food|Fuel|Laundry|Repair","8db48971-1cce-454d-a9c4-24f001a1aca5","CAT Scale at Petro Gary (Grant Street)","","TA/Petro official location master locmaster20260725.xlsx sha256 5ebe0e9f0341...; coordinates as supplied by operator","",""
"0371","Petro","net-new-candidate","no-production-match","Petro Waterloo","1255 Route 414","Waterloo","NY","13165","315-220-6550","42.9653","-76.8454","221","18","5","12","Iron Skillet","","yes","Showers|Food|Fuel|Laundry|Repair","","","","TA/Petro official location master locmaster20260725.xlsx sha256 5ebe0e9f0341...; coordinates as supplied by operator","",""
"0372","Petro","net-new-candidate","no-production-match","Petro Glade Spring","12433 Maple St.","Glade Spring","VA","24340","276-429-6000","36.7708","-81.7793","280","8","5","9","Arby's, Sbarro, Starbucks","","yes","Showers|Food|Fuel|Repair","","","","TA/Petro official location master locmaster20260725.xlsx sha256 5ebe0e9f0341...; coordinates as supplied by operator","",""
"0376","Petro","net-new-candidate","no-production-match","Petro Brazil","1035 W. State Road 42","Brazil","IN","47834","812-446-2296","39.4455","-87.127","102","8","4","8","Iron Skillet","","yes","Showers|Food|Fuel|Laundry|Repair","","","","TA/Petro official location master locmaster20260725.xlsx sha256 5ebe0e9f0341...; coordinates as supplied by operator","",""
"0377","Petro","net-new-candidate","no-production-match","Petro Carnesville","10200 Old Federal Rd.","Carnesville","GA","30521","706-335-1984","34.3481","-83.3199","221","18","5","12","Iron Skillet","Blue Beacon Truck Wash","yes","Showers|Food|Fuel|Repair","","","","TA/Petro official location master locmaster20260725.xlsx sha256 5ebe0e9f0341...; coordinates as supplied by operator","",""
"0378","Petro","net-new-candidate","no-production-match","Petro Scranton","98 Grove St.","DuPont","PA","18641","570-654-5111","41.3302","-75.7417","428","22","6","10","Iron Skillet/Metro Deli; Metro Deli","","yes","Showers|Food|Fuel|Laundry|Repair","","","","TA/Petro official location master locmaster20260725.xlsx sha256 5ebe0e9f0341...; coordinates as supplied by operator","",""
"0379","Petro","net-new-candidate","no-production-match","Petro Greensburg","1409 South County Rd. 850 East","Greensburg","IN","47240","812-663-2333","39.3188","-85.326","90","8","3","7","Iron Skillet","","yes","Showers|Food|Fuel|Laundry|Repair","","","","TA/Petro official location master locmaster20260725.xlsx sha256 5ebe0e9f0341...; coordinates as supplied by operator","",""
"0382","Petro","probable-duplicate","same-operator-name-in-city|state","Petro Remington","4230 West Highway 24","Remington","IN","47977","219-261-2172","40.767","-87.1261","150","8","4","8","Iron Skillet","","yes","Showers|Food|Fuel|Laundry|Repair","5ca065f4-b503-45a1-9636-b5d8e4505c36","CAT Scale at Petro Remington #382","","TA/Petro official location master locmaster20260725.xlsx sha256 5ebe0e9f0341...; coordinates as supplied by operator","",""
"0385","Petro","net-new-candidate","no-production-match","Petro Deming","14150 STE C Hwy 418 SW","Deming","NM","88030","575-546-7070","32.2386","-107.9927","150","9","3","10","Iron Skillet; Starbucks","","yes","Showers|Food|Fuel|Laundry|Repair","","","","TA/Petro official location master locmaster20260725.xlsx sha256 5ebe0e9f0341...; coordinates as supplied by operator","",""
"0386","Petro","net-new-candidate","no-production-match","Petro Colby","700 West Horton","Colby","KS","67701","785-460-0044","39.3617","-101.0537","90","7","5","7","City Wok Fresh Chinese, Qdoba Mexican Grill, Starbucks","","yes","Showers|Food|Fuel|Laundry|Repair","","","","TA/Petro official location master locmaster20260725.xlsx sha256 5ebe0e9f0341...; coordinates as supplied by operator","",""
"0388","Petro","net-new-candidate","no-production-match","Petro Napoleon","900 American Road","Napoleon","OH","43545","567-694-9977","41.4178","-84.1045","107","7","3","8","Miss J's Diner; Miss J’s Café","","yes","Showers|Food|Fuel|Laundry|Repair","","","","TA/Petro official location master locmaster20260725.xlsx sha256 5ebe0e9f0341...; coordinates as supplied by operator","",""
"0389","Petro","net-new-candidate","no-production-match","Petro Clearwater","950 State Highway 24","Clearwater","MN","55320","320-558-2261","45.4126","-94.0549","200","7","0","8","Nelson Brothers","","yes","Showers|Food|Fuel|Laundry","","","","TA/Petro official location master locmaster20260725.xlsx sha256 5ebe0e9f0341...; coordinates as supplied by operator","",""
"0392","Petro","net-new-candidate","no-production-match","Petro Wells","1440 6th Street","Wells","NV","89835","775-455-4305","41.101","-114.9561","250","5","3","6","Iron Skillet; Dunkin'","","yes","Showers|Food|Fuel|Laundry|Repair","","","","TA/Petro official location master locmaster20260725.xlsx sha256 5ebe0e9f0341...; coordinates as supplied by operator","",""
"0393","Petro","probable-duplicate","same-address|city|state","Petro Florence","3001 TV Rd.","Florence","SC","29501","843-669-5736","34.2665","-79.7321","210","14","4","12","Iron Skillet","Blue Beacon Truck Wash","yes","Showers|Food|Fuel|Laundry|Repair","beb05d53-db50-49cb-8790-ec01b45c8187","Love's Travel Stop #420","","TA/Petro official location master locmaster20260725.xlsx sha256 5ebe0e9f0341...; coordinates as supplied by operator","",""
"0395","Petro","probable-duplicate","same-address|city|state","Petro Kenly","923 Johnston Pkwy.","Kenly","NC","27542","919-284-5121","35.582","-78.1457","350","11","6","12","Iron Skillet; Caribou Coffee, Dairy Queen, Pizza Hut Express, Subway, Taco Bell, Wendy's","","yes","Showers|Food|Fuel|Laundry|Repair","0a0c7a0d-2fb0-4201-a93f-b934e2617b5b","Petro Kenly 95 #395","","TA/Petro official location master locmaster20260725.xlsx sha256 5ebe0e9f0341...; coordinates as supplied by operator","",""
"0398","Petro","net-new-candidate","no-production-match","Petro Albert Lea","820 Happy Trails Lane","Albert Lea","MN","56007","507-481-9434","43.6571","-93.3174","300","10","7","10","Skol Tavern; Caribou Coffee, Mcdonald's, Sbarro, Taco Bell","Truck Wash","yes","Showers|Food|Fuel|Laundry|Repair","","","","TA/Petro official location master locmaster20260725.xlsx sha256 5ebe0e9f0341...; coordinates as supplied by operator","",""
"0399","Petro","net-new-candidate","no-production-match","Petro Johnson's Corner","2842 SE Frontage Road","Johnstown","CO","80534","970-667-2069","40.363","-104.984","110","6","0","6","Black Bear Diner","","yes","Showers|Food|Fuel|Laundry","","","","TA/Petro official location master locmaster20260725.xlsx sha256 5ebe0e9f0341...; coordinates as supplied by operator","",""
"0402","Petro","net-new-candidate","no-production-match","Petro Wilmington","24225 W. Lorenzo Road","Wilmington","IL","60481","779-232-7975","41.3454","-88.1974","229","9","5","8","Charleys Philly Steaks, Highway Kitchen","","yes","Showers|Food|Fuel|Laundry|Repair","","","","TA/Petro official location master locmaster20260725.xlsx sha256 5ebe0e9f0341...; coordinates as supplied by operator","",""
"0403","Petro","net-new-candidate","no-production-match","Petro Portage","North 5800 Kinney Rd.","Portage","WI","53901","608-742-6551","43.4864","-89.498","300","14","4","12","Iron Skillet; Subway","","yes","Showers|Food|Fuel|Laundry|Repair","","","","TA/Petro official location master locmaster20260725.xlsx sha256 5ebe0e9f0341...; coordinates as supplied by operator","",""
"0418","TA Express","net-new-candidate","no-production-match","TA Express Statesboro","2930 Highway 301 South","Register","GA","30452","912-480-0102","32.3030701","-81.872155","125","4","3","8","Burger King","","yes","Showers|Food|Fuel|Laundry|Repair","","","","TA/Petro official location master locmaster20260725.xlsx sha256 5ebe0e9f0341...; coordinates as supplied by operator","",""
"0422","TA","net-new-candidate","no-production-match","TA Ash Fork","950 W Old Highway 66","Ash Fork","AZ","86320","928-405-7788","35.22159","-112.497545","200","12","","14","Del Taco, KFC, Sbarro","","","Showers|Food|Fuel|Laundry","","","","TA/Petro official location master locmaster20260725.xlsx sha256 5ebe0e9f0341...; coordinates as supplied by operator","",""
"0426","TA","net-new-candidate","no-production-match","TA Sweetwater","100 South Hopkins Rd","Sweetwater","TX","79556","325-235-8488","32.44859","-100.44327","110","6","8","8","Family Restaurant; Pizza Hut Express, Popeyes","","yes","Showers|Food|Fuel|Laundry|Repair","","","","TA/Petro official location master locmaster20260725.xlsx sha256 5ebe0e9f0341...; coordinates as supplied by operator","",""
"0427","Petro","net-new-candidate","no-production-match","Petro Raphine","2440 Raphine Road","Raphine","VA","24472","540-377-2111","37.929","-79.2292","725","19","8","16","Quaker Steak & Lube; Burger King, Nathan's Famous Express, Papa John's Pizza, Popeyes, Subway","","yes","Showers|Food|Fuel|Laundry|Repair","","","","TA/Petro official location master locmaster20260725.xlsx sha256 5ebe0e9f0341...; coordinates as supplied by operator","",""
"0428","TA","net-new-candidate","no-production-match","TA Lexington","2516 N. Lee Highway","Lexington","VA","24450","540-463-3478","37.8318","-79.3779","250","8","7","8","IHOP","","yes","Showers|Food|Fuel|Laundry|Repair","","","","TA/Petro official location master locmaster20260725.xlsx sha256 5ebe0e9f0341...; coordinates as supplied by operator","",""
"0430","TA Express","net-new-candidate","no-production-match","TA Express Olancha","20 Gills Station Road","Olancha","CA","93549","760-961-4377","36.0477112117458","-117.945387358076","70","3","","5","Chester Fried Chicken, Subway","","yes","Showers|Food|Fuel|Laundry","","","","TA/Petro official location master locmaster20260725.xlsx sha256 5ebe0e9f0341...; coordinates as supplied by operator","",""
"0431","TA Express","net-new-candidate","no-production-match","TA Express Osseo","12613 Gunderson Road","Osseo","WI","54758","715-533-6884","44.57829","-91.19926","60","6","","7","Family Restaurant; Hunt Brothers Pizza, Miss J’s Café","","yes","Showers|Food|Fuel|Laundry","","","","TA/Petro official location master locmaster20260725.xlsx sha256 5ebe0e9f0341...; coordinates as supplied by operator","",""
"0433","TA Express","net-new-candidate","no-production-match","TA Express Riverton","2855 Overpass Road","Riverton","IL","62561","217-606-7666","39.8423772","-89.5210377","44","4","0","5","Little Caesar's, Taco John's","","yes","Showers|Food|Fuel|Laundry","","","","TA/Petro official location master locmaster20260725.xlsx sha256 5ebe0e9f0341...; coordinates as supplied by operator","",""
"0435","TA Express","net-new-candidate","no-production-match","TA Express Thomson","2657 Cobbham Road","Thomson","GA","30824","706-962-1708","33.50988","-82.44975","100","6","","7","Foster Freeze, Miss J’s Café","","yes","Showers|Food|Fuel|Laundry","","","","TA/Petro official location master locmaster20260725.xlsx sha256 5ebe0e9f0341...; coordinates as supplied by operator","",""
"0437","TA Express","net-new-candidate","no-production-match","TA Express Ronks","2622 Lincoln Hwy East","Ronks","PA","17527","717-687-6112","40.0197","-76.1818","41","3","0","5","Chester Fried Chicken, Subway","","yes","Showers|Food|Fuel|Laundry","","","","TA/Petro official location master locmaster20260725.xlsx sha256 5ebe0e9f0341...; coordinates as supplied by operator","",""
"0442","TA Express","net-new-candidate","no-production-match","TA Express Huntsville","500 I-45","Huntsville","TX","77320","936-295-2488","30.7391369","-95.591114","50","3","","6","Primo Taqueria; Chester Fried Chicken, Cinnabon, Sbarro","Truck Wash","","Showers|Food|Fuel","","","","TA/Petro official location master locmaster20260725.xlsx sha256 5ebe0e9f0341...; coordinates as supplied by operator","",""
"0443","TA Express","net-new-candidate","no-production-match","TA Express Eagleville","24024 E State Hwy N","Eagleville","MO","64442","660-415-5903","40.46555","-93.97423","40","3","","5","Miss J's","","","Showers|Food|Fuel|Laundry","","","","TA/Petro official location master locmaster20260725.xlsx sha256 5ebe0e9f0341...; coordinates as supplied by operator","",""
"0444","TA Express","net-new-candidate","no-production-match","TA Express Dale","102 Rocket Way","Dale","IN","47523","812-937-6918","38.182217044195","-86.986193215774","130","8","","8","Arby's, Dunkin'","","yes","Showers|Food|Fuel|Laundry","","","","TA/Petro official location master locmaster20260725.xlsx sha256 5ebe0e9f0341...; coordinates as supplied by operator","",""
"0445","TA Express","net-new-candidate","no-production-match","TA Express Pleasanton","109963 Interstate 37","Pleasanton","TX","78064","726-224-0813","28.995209","-98.433321","75","5","","5","Big Madre","","yes","Showers|Food|Fuel|Laundry","","","","TA/Petro official location master locmaster20260725.xlsx sha256 5ebe0e9f0341...; coordinates as supplied by operator","",""
"0448","TA Express","net-new-candidate","no-production-match","TA Express Jonesboro","3021 DR MLK JR DR","Jonesboro","AR","72401","870-919-7760","35.80805","-90.62719","90","7","","6","KFC, Miss J's","","yes","Showers|Food|Fuel|Laundry","","","","TA/Petro official location master locmaster20260725.xlsx sha256 5ebe0e9f0341...; coordinates as supplied by operator","",""
"0449","TA Express","net-new-candidate","no-production-match","TA Express Belton","8101 South Interstate Hwy 35 Service Rd.","Belton","TX","76513","737-333-5305","30.98543","-97.503002","64","7","","6","Champs Chicken, Pizza Hut Express, Ranch Eats","","","Showers|Food|Fuel|Laundry","","","","TA/Petro official location master locmaster20260725.xlsx sha256 5ebe0e9f0341...; coordinates as supplied by operator","",""
"0450","TA Express","net-new-candidate","no-production-match","TA Express Norwood","741 State Hwy E","Norwood","MO","65717","417-746-4777","37.1169071","-92.4200916","40","6","0","7","Ozark Café; Miss J's, Sbarro","","yes","Showers|Food|Fuel","","","","TA/Petro official location master locmaster20260725.xlsx sha256 5ebe0e9f0341...; coordinates as supplied by operator","",""
"0451","TA Express","net-new-candidate","no-production-match","TA Express Tonkawa","16700 W South Ave","Tonkawa","OK","74653","580-670-1199","36.69598","-97.35146","32","5","0","5","Dunkin', Miss J's","","yes","Showers|Food|Fuel|Laundry","","","","TA/Petro official location master locmaster20260725.xlsx sha256 5ebe0e9f0341...; coordinates as supplied by operator","",""
"0456","TA Express","net-new-candidate","no-production-match","TA Express Decatur","3400 S US Highway 287","Decatur","TX","76234","940-245-8146","33.2026580851408","-97.5684288797929","77","7","","8","Golden Chick, Miss J's Smokehouse","","yes","Showers|Food|Fuel|Laundry","","","","TA/Petro official location master locmaster20260725.xlsx sha256 5ebe0e9f0341...; coordinates as supplied by operator","",""
"0458","TA Express","net-new-candidate","no-production-match","TA Express Wendover","800 Leppy Hills Blvd","West Wendover","NV","89883","775-546-1649","40.7421","-114.05883","153","9","","8","Black Bear Diner; Bojangles, Del Taco, Sbarro","","","Showers|Food|Fuel|Laundry","","","","TA/Petro official location master locmaster20260725.xlsx sha256 5ebe0e9f0341...; coordinates as supplied by operator","",""
"0459","TA Express","net-new-candidate","no-production-match","TA Express Littlefield","3225 E Rincon Road","Littlefield","AZ","86432","928-727-3707","36.89331","-113.93172","200","9","","9","Del Taco, KFC, Sbarro","","yes","Showers|Food|Fuel|Laundry","","","","TA/Petro official location master locmaster20260725.xlsx sha256 5ebe0e9f0341...; coordinates as supplied by operator","",""
"0460","Petro","net-new-candidate","no-production-match","Petro Oak Grove","301 SW First Street","Oak Grove","MO","64075","816-690-4455","39.015","-94.131","305","12","5","8","Wendy's","","yes","Showers|Food|Fuel|Laundry|Repair","","","","TA/Petro official location master locmaster20260725.xlsx sha256 5ebe0e9f0341...; coordinates as supplied by operator","",""
"0461","TA","net-new-candidate","no-production-match","TA Cuba","5922 MO - 19","Cuba","MO","65453","573-885-3992","38.07385","-91.40694","412","16","3","20","IHOP","","yes","Showers|Food|Fuel|Laundry|Repair","","","","TA/Petro official location master locmaster20260725.xlsx sha256 5ebe0e9f0341...; coordinates as supplied by operator","",""
"0465","TA Express","net-new-candidate","no-production-match","TA Express Fair Play","272 Herring Rd","Fair Play","SC","29643","864-280-7320","34.50464","-82.96549","52","7","3","5","Cheryl’s Potato Boat; KFC","","yes","Showers|Food|Fuel|Laundry|Repair","","","","TA/Petro official location master locmaster20260725.xlsx sha256 5ebe0e9f0341...; coordinates as supplied by operator","",""
"0468","TA","net-new-candidate","no-production-match","TA Smiths Grove","605 S Main St","Smiths Grove","KY","42171","270-563-4713","37.045027","-86.210351","120","6","2","6","Highway Kitchen, Taco Bell","","yes","Showers|Food|Fuel|Repair","","","","TA/Petro official location master locmaster20260725.xlsx sha256 5ebe0e9f0341...; coordinates as supplied by operator","",""
"0469","TA","net-new-candidate","no-production-match","TA Springer","18 Old French Rd.","Springer","NM","87747","575-483-5004","36.4499710346809","-104.592856021367","100","12","2","6","Russell's Restaurant; Subway","","yes","Showers|Food|Fuel|Laundry|Repair","","","","TA/Petro official location master locmaster20260725.xlsx sha256 5ebe0e9f0341...; coordinates as supplied by operator","",""
"0471","TA","net-new-candidate","no-production-match","TA Glenrio","1583 Frontage Rd 4132","Glenrio","NM","88434","575-288-9968","35.1752464706606","-103.104072865847","175","8","","10","Russell's Route 66 Café; Subway","","yes","Showers|Food|Fuel|Laundry","","","","TA/Petro official location master locmaster20260725.xlsx sha256 5ebe0e9f0341...; coordinates as supplied by operator","",""
"0476","TA","net-new-candidate","no-production-match","TA Breezewood","16563 Lincoln Hwy","Breezewood","PA","15533","814-707-9284","40.00035503","-78.23407728","200","13","5","9","Arby's, Baskin Robbins, Dunkin', Gateway Homestyle Express, Papi's Pizza, Wings And Subs","","yes","Showers|Food|Fuel|Laundry|Repair","","","","TA/Petro official location master locmaster20260725.xlsx sha256 5ebe0e9f0341...; coordinates as supplied by operator","",""
"0477","TA","net-new-candidate","no-production-match","TA Cowpens","175 Truck Stop Rd","Cowpens","SC","29330","864-755-4335","35.046879","-81.812281","80","8","2","6","Sbarro","","yes","Showers|Food|Fuel|Laundry|Repair","","","","TA/Petro official location master locmaster20260725.xlsx sha256 5ebe0e9f0341...; coordinates as supplied by operator","",""
"0478","TA Express","net-new-candidate","no-production-match","TA Express Kansas City","4610 Kansas Ave","Kansas City","KS","66106","913-359-6767","39.090626","-94.682921","28","2","","8","Highway Kitchen","","yes","Showers|Food|Fuel|Laundry","","","","TA/Petro official location master locmaster20260725.xlsx sha256 5ebe0e9f0341...; coordinates as supplied by operator","",""
"0479","TA Express","net-new-candidate","no-production-match","TA Express Laplace","4301 Main St.","Laplace","LA","70068","985-315-8194","30.086244","-90.444959","117","8","","10","Subway","","yes","Showers|Food|Fuel|Laundry","","","","TA/Petro official location master locmaster20260725.xlsx sha256 5ebe0e9f0341...; coordinates as supplied by operator","",""
"0480","TA Express","net-new-candidate","no-production-match","TA Express St. Rose","10405 E. Airline Hwy","St. Rose","LA","70087","985-262-7189","29.973535","-90.299078","55","3","","10","KFC","","yes","Showers|Food|Fuel","","","","TA/Petro official location master locmaster20260725.xlsx sha256 5ebe0e9f0341...; coordinates as supplied by operator","",""
"0481","Goasis","rejected-or-ambiguous","non-core-brand-needs-category-review:Goasis","Goasis Breezewood","16520 Lincoln HWY","Breezewood","PA","15533","814-517-5377","39.9987550378572","-78.2356436221149","","0","","8","Dunkin', Papi's Pizza, Wings And Subs","","","Food|Fuel","","","","TA/Petro official location master locmaster20260725.xlsx sha256 5ebe0e9f0341...; coordinates as supplied by operator","",""
"0482","TA","net-new-candidate","no-production-match","TA Coburg","32910 E. Pearl St.","Coburg","OR","97408","541-868-2880","44.13637","-123.05737","100","8","2","8","Coburg Crossing Cafe","Truck Wash","yes","Showers|Food|Fuel|Laundry|Repair","","","","TA/Petro official location master locmaster20260725.xlsx sha256 5ebe0e9f0341...; coordinates as supplied by operator","",""
"0483","Goasis","rejected-or-ambiguous","non-core-brand-needs-category-review:Goasis","Goasis Coburg Crossing","91039 Coburg Industrial Way","Coburg","OR","97408","541-868-2880","44.1351","-123.05491","0","0","","2","Mcdonald's","","","Food|Fuel","","","","TA/Petro official location master locmaster20260725.xlsx sha256 5ebe0e9f0341...; coordinates as supplied by operator","",""
"0485","Petro","probable-duplicate","same-operator-name-in-city|state","Petro Dodge City","426 Alabama Highway 69 S","Hanceville","AL","35077","256-287-1299","34.05078","-86.87234","322","9","5","10","Baskin Robbins, Burger King, Dunkin', Papa John's Pizza, Popeyes","","yes","Showers|Food|Fuel|Laundry|Repair","5ebe160f-0905-4a56-92ed-e863212681da","CAT Scale at Petro Dodge City","","TA/Petro official location master locmaster20260725.xlsx sha256 5ebe0e9f0341...; coordinates as supplied by operator","",""
"0486","TA Express","probable-duplicate","same-operator-name-in-city|state","TA Express Stony Creek","13306 St. John Church Road","Stony Creek","VA","23882","434-246-2881","36.977708","-77.395497","80","6","","7","Popeyes, Starbucks, Subway","","yes","Showers|Food|Fuel","8e79a54d-cad6-460c-9fd5-d5d118342bd3","CAT Scale at TA Express Stony Creek","","TA/Petro official location master locmaster20260725.xlsx sha256 5ebe0e9f0341...; coordinates as supplied by operator","",""
"0487","Goasis","rejected-or-ambiguous","non-core-brand-needs-category-review:Goasis","Goasis Stony Creek","10396 Blue Star Hwy","Stony Creek","VA","23882","434-886-0270","36.976941","-77.394313","0","","","","Little Caesar's, Wendy's","","","Food","","","","TA/Petro official location master locmaster20260725.xlsx sha256 5ebe0e9f0341...; coordinates as supplied by operator","",""
"0488","TA Express","net-new-candidate","no-production-match","TA Express Warfield","12461 Old Stage Rd.","Warfield","VA","23889","804-478-4403","36.9405939298108","-77.7352231306991","80","5","","6","Little Caesar's, Subway","","yes","Showers|Food|Fuel","","","","TA/Petro official location master locmaster20260725.xlsx sha256 5ebe0e9f0341...; coordinates as supplied by operator","",""
"0489","Thorntons","rejected-or-ambiguous","non-core-brand-needs-category-review:Thorntons","Thorntons Romeoville","1321 N Joliet Rd","Romeoville","IL","60446","630-743-3605","41.6682888383712","-88.0641378661725","","","","8","","","","Fuel","","","","TA/Petro official location master locmaster20260725.xlsx sha256 5ebe0e9f0341...; coordinates as supplied by operator","",""
"0490","Thorntons","rejected-or-ambiguous","non-core-brand-needs-category-review:Thorntons","Thorntons Cicero","3503 South Cicero Ave","Cicero","IL","60804","708-652-6539","41.8274353561778","-87.742811557432","","","","6","","","","Fuel","","","","TA/Petro official location master locmaster20260725.xlsx sha256 5ebe0e9f0341...; coordinates as supplied by operator","",""
"0491","Petro","net-new-candidate","no-production-match","Petro Racine","717 S. Sylvania Avenue","Sturtevant","WI","53177","262-884-7500","42.72512","-87.955725","158","0","6","7","Blue Badger Bar and Grill; Dunkin', Krispy Krunchy Chicken, O&H Danish Bakery, Taco Bell","","yes","Food|Fuel|Laundry|Repair","","","","TA/Petro official location master locmaster20260725.xlsx sha256 5ebe0e9f0341...; coordinates as supplied by operator","",""
"0502","TA Express","net-new-candidate","no-production-match","TA Express Holland","16250 N Ave","Holland","IA","50642","319-823-1477","42.466575","-92.7672","92","2","","5","Arby's, Godfather Pizza","","","Showers|Food|Fuel|Laundry","","","","TA/Petro official location master locmaster20260725.xlsx sha256 5ebe0e9f0341...; coordinates as supplied by operator","",""
"0505","Petro","net-new-candidate","no-production-match","Petro Shorter","428 Main St","Shorter","AL","36075","334-727-3354","32.4056","-85.9556","53","6","","4","Charleys Philly Steaks, Miss J’s Café","","yes","Showers|Food|Fuel|Laundry","","","","TA/Petro official location master locmaster20260725.xlsx sha256 5ebe0e9f0341...; coordinates as supplied by operator","",""
"0506","Petro","net-new-candidate","no-production-match","Petro Jackson","970 W Frontage Road","Jackson","MS","39201","601-292-0950","32.2787","-90.1977","194","15","5","10","Miss J's","","yes","Showers|Food|Fuel|Laundry|Repair","","","","TA/Petro official location master locmaster20260725.xlsx sha256 5ebe0e9f0341...; coordinates as supplied by operator","",""
"0507","TA","net-new-candidate","no-production-match","TA Columbia North","99 Plumbers Road","Columbia","SC","29203","839-228-0693","34.0747","-80.9971","78","9","2","4","Dunkin', Miss J’s Café, Taco Bell","","yes","Showers|Food|Fuel|Laundry|Repair","","","","TA/Petro official location master locmaster20260725.xlsx sha256 5ebe0e9f0341...; coordinates as supplied by operator","",""
"0508","TA","net-new-candidate","no-production-match","TA Fultonville","40 Riverside Drive","Fultonville","NY","12072","838-292-9580","42.948546","-74.363064","121","8","2","10","Miss J's Diner; Miss J's, Sbarro","","yes","Showers|Food|Fuel|Laundry|Repair","","","","TA/Petro official location master locmaster20260725.xlsx sha256 5ebe0e9f0341...; coordinates as supplied by operator","",""
"0510","TA Express","net-new-candidate","no-production-match","TA Express North Houston","1104 N Sam Houston Pkwy E","Houston","TX","77032","346-740-1066","29.93796","-95.37247","80","5","","7","Denny's; Cinnabon, Miss J's, Schlotzsky’s","","","Showers|Food|Fuel|Laundry","","","","TA/Petro official location master locmaster20260725.xlsx sha256 5ebe0e9f0341...; coordinates as supplied by operator","",""
"0512","TA Express","net-new-candidate","no-production-match","TA Express Fort Wayne","3037 Goshen Road","Fort Wayne","IN","46808","260-402-4570","41.11858","-85.18421","215","6","","8","Miss J's Diner; Miss J’s Café, Sbarro","","yes","Showers|Food|Fuel","","","","TA/Petro official location master locmaster20260725.xlsx sha256 5ebe0e9f0341...; coordinates as supplied by operator","",""
"0513","TA","net-new-candidate","no-production-match","TA Jackson","80 Dixon Run Road","Jackson","OH","45640","740-988-7793","38.99646","-82.55335","110","4","3","6","Miss J's Diner; Miss J's Pizzeria","","yes","Showers|Food|Fuel|Laundry|Repair","","","","TA/Petro official location master locmaster20260725.xlsx sha256 5ebe0e9f0341...; coordinates as supplied by operator","",""
"0515","TA Express","net-new-candidate","no-production-match","TA Express Junction","115 S Segovia Access Rd","Junction","TX","76849","325-338-0993","30.41758","-99.67229","70","4","","5","Miss J’s Café, Sonic","","","Showers|Food|Fuel","","","","TA/Petro official location master locmaster20260725.xlsx sha256 5ebe0e9f0341...; coordinates as supplied by operator","",""
"0518","TA Express","net-new-candidate","no-production-match","TA Express Kingsville","2104 E. Corral Ave","Kingsville","TX","78363","361-424-1518","27.53175","-97.84155","40","3","","7","Charleys Philly Steaks, Miss J’s Café","","yes","Showers|Food|Fuel|Laundry","","","","TA/Petro official location master locmaster20260725.xlsx sha256 5ebe0e9f0341...; coordinates as supplied by operator","",""
"0519","TA","net-new-candidate","no-production-match","TA Fillmore","885 S Park Ave","Fillmore","UT","84631","435-222-4431","38.95037","-112.35277","40","3","","6","Miss J's","","","Showers|Food|Fuel|Laundry","","","","TA/Petro official location master locmaster20260725.xlsx sha256 5ebe0e9f0341...; coordinates as supplied by operator","",""
"0520","TA Express","net-new-candidate","no-production-match","TA Express Rock Springs","1620 Elk Street","Rock Springs","WY","82901","307-522-8996","41.6122","-109.22972","65","3","","7","Miss J's","","","Showers|Food|Fuel|Laundry","","","","TA/Petro official location master locmaster20260725.xlsx sha256 5ebe0e9f0341...; coordinates as supplied by operator","",""
"0524","TA","net-new-candidate","no-production-match","TA Concordia","102 N W 4th Street","Concordia","MO","64020-0745","660-460-7412","38.9941","-93.5678","146","12","2","10","Subway","","yes","Showers|Food|Fuel|Laundry|Repair","","","","TA/Petro official location master locmaster20260725.xlsx sha256 5ebe0e9f0341...; coordinates as supplied by operator","",""
"0525","TA","net-new-candidate","no-production-match","TA Rogers","13400 Rogers Drive","Rogers","MN","55374-0238","763-428-2277","45.1969","-93.5492","80","8","3","8","","","yes","Showers|Fuel|Laundry|Repair","","","","TA/Petro official location master locmaster20260725.xlsx sha256 5ebe0e9f0341...; coordinates as supplied by operator","",""
"0526","TA","net-new-candidate","no-production-match","TA Hudson","713 Hwy 12","Hudson","WI","54016-0630","715-386-5835","44.9655","-92.6785","86","8","2","6","Miss J’s Café","","yes","Showers|Food|Fuel|Laundry|Repair","","","","TA/Petro official location master locmaster20260725.xlsx sha256 5ebe0e9f0341...; coordinates as supplied by operator","",""
"0527","TA","probable-duplicate","same-operator-name-in-city|state","TA Florence","2301 W. Lucas Street","Florence","SC","29501","843-292-0386","34.2364","-79.8065","77","5","0","9","Miss J’s Café, Popeyes","","yes","Showers|Food|Fuel|Laundry","595de56a-aada-4034-882b-60a2fd579ab3","CAT Scale at Petro Florence","","TA/Petro official location master locmaster20260725.xlsx sha256 5ebe0e9f0341...; coordinates as supplied by operator","",""
"0528","TA","probable-duplicate","same-address|city|state","TA Bridgeport","6364 Dixie Hwy","Bridgeport","MI","48722-9566","989-777-7650","43.3517","-83.869","70","4","2","7","Miss J's Diner","","yes","Showers|Food|Fuel|Laundry|Repair","b5977e77-d52c-472c-8621-4ea27662cfb4","TA Truck Service - Saginaw (#198)","","TA/Petro official location master locmaster20260725.xlsx sha256 5ebe0e9f0341...; coordinates as supplied by operator","",""
"0529","TA","net-new-candidate","no-production-match","TA Paulsboro","171 Berkley Road","Paulsboro","NJ","08066","856-423-5500","39.819","-75.2385","175","8","3","12","Miss J’s Café","","yes","Showers|Food|Fuel|Laundry|Repair","","","","TA/Petro official location master locmaster20260725.xlsx sha256 5ebe0e9f0341...; coordinates as supplied by operator","",""
"0530","TA","net-new-candidate","no-production-match","TA Tekonsha","15587 M-60","Tekonsha","MI","49092","517-767-4135","42.1065","-84.9897","85","6","4","5","","","yes","Showers|Fuel|Laundry|Repair","","","","TA/Petro official location master locmaster20260725.xlsx sha256 5ebe0e9f0341...; coordinates as supplied by operator","",""
"0531","TA","net-new-candidate","no-production-match","TA Missoula","8018 Hwy 93 N","Missoula","MT","59808","406-549-2327","46.9485","-114.1298","130","7","4","6","Miss J’s Café","","yes","Showers|Food|Fuel|Laundry|Repair","","","","TA/Petro official location master locmaster20260725.xlsx sha256 5ebe0e9f0341...; coordinates as supplied by operator","",""
"0532","TA","net-new-candidate","no-production-match","TA Lincoln","75246 Alabama 77","Lincoln","AL","35096","205-763-2771","33.5865","-86.1248","45","4","4","7","Popeyes","","yes","Showers|Food|Fuel|Laundry|Repair","","","","TA/Petro official location master locmaster20260725.xlsx sha256 5ebe0e9f0341...; coordinates as supplied by operator","",""
"0533","Petro","net-new-candidate","no-production-match","Petro North Hillsboro","101 Cornelius Road","Hillsboro","TX","76645","254-714-3000","32.0794","-97.0552","91","7","4","11","Miss J's","","yes","Showers|Food|Fuel|Laundry|Repair","","","","TA/Petro official location master locmaster20260725.xlsx sha256 5ebe0e9f0341...; coordinates as supplied by operator","",""
"0534","Petro","net-new-candidate","no-production-match","Petro Egan","114 Jasmin","Egan","LA","70531","337-783-0424","30.2314","-92.4624","127","6","","8","Miss J’s Café, Subway","","yes","Showers|Food|Fuel|Laundry","","","","TA/Petro official location master locmaster20260725.xlsx sha256 5ebe0e9f0341...; coordinates as supplied by operator","",""
"0535","Petro","net-new-candidate","no-production-match","Petro Angola","7265 North Baker Road","Fremont","IN","46737","260-322-2582","41.7483","-84.9932","200","6","0","10","Miss J's Diner","","yes","Showers|Food|Fuel|Laundry","","","","TA/Petro official location master locmaster20260725.xlsx sha256 5ebe0e9f0341...; coordinates as supplied by operator","",""
"0536","Petro","net-new-candidate","no-production-match","Petro Salina","2125 N. 9th St.","Salina","KS","67401","785-825-7723","38.8789","-97.613","75","6","4","6","Miss J's, Popeyes","","yes","Showers|Food|Fuel|Laundry|Repair","","","","TA/Petro official location master locmaster20260725.xlsx sha256 5ebe0e9f0341...; coordinates as supplied by operator","",""
"0537","Petro","net-new-candidate","no-production-match","Petro Gaston","14000 West State Road 28","Gaston","IN","47342","765-358-3326","40.2772","-85.5526","150","6","5","7","Miss J's Diner","","yes","Showers|Food|Fuel|Laundry|Repair","","","","TA/Petro official location master locmaster20260725.xlsx sha256 5ebe0e9f0341...; coordinates as supplied by operator","",""
"0538","Petro","net-new-candidate","no-production-match","Petro Pearsall","110 S. I-35 Frontage Rd.","Pearsall","TX","78061","830-334-8222","28.8996","-99.1158","175","10","5","8","Miss J's Burger, Miss J’s Café","","yes","Showers|Food|Fuel|Repair","","","","TA/Petro official location master locmaster20260725.xlsx sha256 5ebe0e9f0341...; coordinates as supplied by operator","",""
"0539","TA","probable-duplicate","same-operator-name-in-city|state","TA Montgomery","980 West South Blvd","Montgomery","AL","36105","334-288-3700","32.32746","-86.33221","125","10","2","8","Miss J’s Café","","yes","Showers|Food|Fuel|Laundry|Repair","866d463e-0f44-43fe-984f-33291dd073f0","CAT Scale — TA Montgomery, Montgomery","","TA/Petro official location master locmaster20260725.xlsx sha256 5ebe0e9f0341...; coordinates as supplied by operator","",""
"0543","TA","net-new-candidate","no-production-match","TA Lake Station","1201 Ripley Street","Lake Station","IN","46405","219-962-6552","41.5906","-87.2393","252","12","6","15","Popeyes","","yes","Showers|Food|Fuel|Laundry|Repair","","","","TA/Petro official location master locmaster20260725.xlsx sha256 5ebe0e9f0341...; coordinates as supplied by operator","",""
"0544","TA","probable-duplicate","same-address|city|state","TA Franklin","4400 Peytonsville Road","Franklin","TN","37064","615-794-8406","35.8603","-86.8299","74","6","2","7","Miss J’s Café","","yes","Showers|Food|Fuel|Laundry|Repair","647347d8-57c8-4ae1-8388-cdd3897bd0bf","TA Truck Service - TA Franklin #157","","TA/Petro official location master locmaster20260725.xlsx sha256 5ebe0e9f0341...; coordinates as supplied by operator","",""
"0554","TA","net-new-candidate","no-production-match","TA Jane Lew","102 Jesse Run Rd","Jane Lew","WV","26378","304-543-9604","39.1031","-80.38971","75","6","","6","IHOP; Arby's, Miss J’s Café","","","Showers|Food|Fuel|Laundry","","","","TA/Petro official location master locmaster20260725.xlsx sha256 5ebe0e9f0341...; coordinates as supplied by operator","",""
"0555","TA Express","net-new-candidate","no-production-match","TA Express Niagara Falls","6021 Porter Rd","Niagara Falls","NY","14304","716-461-4759","43.10695","-78.99444","60","4","","5","Miss J’s Café, Tim Horton's","Truck Wash","","Showers|Food|Fuel|Laundry","","","","TA/Petro official location master locmaster20260725.xlsx sha256 5ebe0e9f0341...; coordinates as supplied by operator","",""
"0556","TA Express","net-new-candidate","no-production-match","TA Express Medley","12200 NW South River Drive","Medley","FL","33178","786-697-6329","25.8847","-80.36621","58","3","","6","Miss J’s Café","","","Showers|Food|Fuel|Laundry","","","","TA/Petro official location master locmaster20260725.xlsx sha256 5ebe0e9f0341...; coordinates as supplied by operator","",""
"0567","TA Express","net-new-candidate","no-production-match","TA Express Grambling","1130 RWE Jones RD","Grambling","LA","71245","318-265-7559","32.5431","-92.71074","31","2","","6","Jimmy Johns, Miss J’s Café","","","Showers|Food|Fuel|Laundry","","","","TA/Petro official location master locmaster20260725.xlsx sha256 5ebe0e9f0341...; coordinates as supplied by operator","",""
"0648","TA Express","net-new-candidate","no-production-match","TA Express Brush","1041 N. Colorado Avenue","Brush","CO","80723","970-842-3122","40.2665","-103.621","15","","0","4","","","","Fuel","","","","TA/Petro official location master locmaster20260725.xlsx sha256 5ebe0e9f0341...; coordinates as supplied by operator","",""
"0649","TA Express","net-new-candidate","no-production-match","TA Express Walsenburg","455 US-85","Walsenburg","CO","81089","719-738-5733","37.6537","-104.7938","35","3","0","4","A&W All American Food","","","Showers|Food|Fuel|Laundry","","","","TA/Petro official location master locmaster20260725.xlsx sha256 5ebe0e9f0341...; coordinates as supplied by operator","",""
"0701","Goasis","rejected-or-ambiguous","non-core-brand-needs-category-review:Goasis","Goasis Ashland","715 US 250 East","Ashland","OH","44805","567-215-9000","40.8566","-82.2623","","","0","0","Pizza Hut Express, Popeyes, Starbucks","","","Food","","","","TA/Petro official location master locmaster20260725.xlsx sha256 5ebe0e9f0341...; coordinates as supplied by operator","",""
"0917","TA Express","net-new-candidate","no-production-match","TA Express Blaine","1300 Boblett St","Blaine","WA","98230","360-312-7779","48.99126","-122.73412","34","4","","5","Cinnabon, Jamba Juice, Pizza Hut Express","","yes","Showers|Food|Fuel|Laundry","","","","TA/Petro official location master locmaster20260725.xlsx sha256 5ebe0e9f0341...; coordinates as supplied by operator","",""
"0919","TA","net-new-candidate","no-production-match","TA Madera","32603 Avenue 7","Madera","CA","93637","559-214-2444","36.85236","-119.9518","78","5","0","6","Baja Fresh, Cinnabon, Fatburger, Indian Currey NAAN Stop, Jamba Juice, KFC, Pizza Hut Express","","yes","Showers|Food|Fuel|Laundry","","","","TA/Petro official location master locmaster20260725.xlsx sha256 5ebe0e9f0341...; coordinates as supplied by operator","",""
"0924","TA","net-new-candidate","no-production-match","TA Mt. Vernon","1501 East Mt. Vernon Blvd","Mt Vernon","MO","65712","417-701-3938","37.0905923","-93.8012484","250","6","3","9","Miss J's, Subway, Wendy's","","yes","Showers|Food|Fuel|Laundry|Repair","","","","TA/Petro official location master locmaster20260725.xlsx sha256 5ebe0e9f0341...; coordinates as supplied by operator","",""
"0925","TA","net-new-candidate","no-production-match","TA McComb","1120 Airport Fernwood Road","McComb","MS","39648","601-996-0614","31.18949","-90.48617","115","7","2","6","Denny's; Subway","","yes","Showers|Food|Fuel|Repair","","","","TA/Petro official location master locmaster20260725.xlsx sha256 5ebe0e9f0341...; coordinates as supplied by operator","",""
"0926","TA Express","net-new-candidate","no-production-match","TA Express Mooreville","590 MS 371","Mooreville","MS","38857","662-205-6298","34.279082","-88.568724","40","5","","7","Chester Fried Chicken, Sbarro","","yes","Showers|Food|Fuel|Laundry","","","","TA/Petro official location master locmaster20260725.xlsx sha256 5ebe0e9f0341...; coordinates as supplied by operator","",""
"0929","TA Express","net-new-candidate","no-production-match","TA Express Lamar","708 N. Main Street","Lamar","CO","81052","719-688-4024","38.09699","-102.61914","40","3","0","5","Arby's, Charleys Philly Steaks, Dunkin', KFC","","yes","Showers|Food|Fuel","","","","TA/Petro official location master locmaster20260725.xlsx sha256 5ebe0e9f0341...; coordinates as supplied by operator","",""
"0930","TA Express","net-new-candidate","no-production-match","TA Express South Coffeyville","111 E. County Road 2","South Coffeyville","OK","74072","918-842-4000","36.98543","-95.62498","40","4","","5","Golden Chick, The Stuffed Burrito Company","","","Showers|Food|Fuel|Laundry","","","","TA/Petro official location master locmaster20260725.xlsx sha256 5ebe0e9f0341...; coordinates as supplied by operator","",""
"0932","TA","net-new-candidate","no-production-match","TA Garden City","1265 Solar Avenue","Garden City","KS","67846","620-644-3844","38.00534","-100.88425","150","10","2","6","Black Bear Diner; Dunkin', Sbarro","","yes","Showers|Food|Fuel|Laundry|Repair","","","","TA/Petro official location master locmaster20260725.xlsx sha256 5ebe0e9f0341...; coordinates as supplied by operator","",""
"0933","TA","net-new-candidate","no-production-match","TA Pueblo","1275 Drew Dix Parkway","Pueblo","CO","81008","719-877-2453","38.34439","-104.6217","210","9","3","9","Black Bear Diner; Bojangles, Del Taco, Sbarro","","yes","Showers|Food|Fuel|Laundry|Repair","","","","TA/Petro official location master locmaster20260725.xlsx sha256 5ebe0e9f0341...; coordinates as supplied by operator","",""
"0939","TA Express","net-new-candidate","no-production-match","TA Express Hosston","6411 Hwy 2","Hosston","LA","71043","318-716-7057","32.89792","-93.86484","50","4","","7","Crispy Cajun, Howdy Crawfish, Hunt Brothers Pizza, Subway","","yes","Showers|Food|Fuel|Laundry","","","","TA/Petro official location master locmaster20260725.xlsx sha256 5ebe0e9f0341...; coordinates as supplied by operator","",""
"0940","TA Express","net-new-candidate","no-production-match","TA Express Dubois","424 W. Main Street","Dubois","ID","83423","208-374-5381","44.17658","-112.23663","30","2","","2","Blu Taco, Champs Chicken, Hangar 54 Pizza","","","Showers|Food|Fuel","","","","TA/Petro official location master locmaster20260725.xlsx sha256 5ebe0e9f0341...; coordinates as supplied by operator","",""
"0941","TA Express","net-new-candidate","no-production-match","TA Express Holstein","2010 Indorf Avenue","Holstein","IA","51025","712-371-9965","42.4740798579903","-95.5441132080078","39","2","","6","Dunkin', Hardee's","","yes","Showers|Food|Fuel|Laundry","","","","TA/Petro official location master locmaster20260725.xlsx sha256 5ebe0e9f0341...; coordinates as supplied by operator","",""
"0943","TA Express","net-new-candidate","no-production-match","TA Express Fairview","801 W. 1st Street","Fairview","KS","66425","785-288-8089","39.84123","-95.73311","67","3","1","6","A&W All American Food, Dunkin', Hunt Brothers Pizza, Miss J’s Café","Truck Wash","","Showers|Food|Fuel|Laundry|Repair","","","","TA/Petro official location master locmaster20260725.xlsx sha256 5ebe0e9f0341...; coordinates as supplied by operator","",""
"0945","TA","net-new-candidate","no-production-match","TA Vernon, TX","2817 US Hwy 287 W","Vernon","TX","76384","940-553-7121","34.15992","-99.29664","76","7","","7","Popeyes, Ranchero BBQ, Starbucks","","yes","Showers|Food|Fuel|Laundry","","","","TA/Petro official location master locmaster20260725.xlsx sha256 5ebe0e9f0341...; coordinates as supplied by operator","",""
"0946","TA Express","net-new-candidate","no-production-match","TA Express Minden","2198 Highway 532","Minden","LA","71055","318-588-0192","32.57203","-93.20295","51","3","","5","Charleys Philly Steaks, Sbarro","","","Showers|Food|Fuel|Laundry","","","","TA/Petro official location master locmaster20260725.xlsx sha256 5ebe0e9f0341...; coordinates as supplied by operator","",""
"0947","TA Express","net-new-candidate","no-production-match","TA Express Birmingham","901 Bankhead Hwy","Birmingham","AL","35204","205-777-9910","33.52936","-86.85116","85","7","","8","Arby's, Miss J’s Café","","yes","Showers|Food|Fuel|Laundry","","","","TA/Petro official location master locmaster20260725.xlsx sha256 5ebe0e9f0341...; coordinates as supplied by operator","",""
"0948","TA Express","net-new-candidate","no-production-match","TA Express Grand Forks","1212 North 47th Street","Grand Forks","ND","58203","701-317-3785","47.9322","-97.09564","65","8","","8","Miss J’s Café","","yes","Showers|Food|Fuel|Laundry","","","","TA/Petro official location master locmaster20260725.xlsx sha256 5ebe0e9f0341...; coordinates as supplied by operator","",""
"0949","TA Express","net-new-candidate","no-production-match","TA Express Williston","13553 64th Street","Williston","ND","58801","701-641-1393","48.34334","-103.61586","40","5","","8","Cinnabon, Miss J’s Café, Subway","","yes","Showers|Food|Fuel|Laundry","","","","TA/Petro official location master locmaster20260725.xlsx sha256 5ebe0e9f0341...; coordinates as supplied by operator","",""
"0951","TA","net-new-candidate","no-production-match","TA Grandview","100 Higgins Way","Grandview","WA","98930","509-405-0911","46.27591","-119.92876","100","6","3","5","Applebee's/IHOP; Miss J's Indian Cuisine, Miss J's Tacos, Miss J’s Café","","","Showers|Food|Fuel|Laundry|Repair","","","","TA/Petro official location master locmaster20260725.xlsx sha256 5ebe0e9f0341...; coordinates as supplied by operator","",""
"0954","TA","probable-duplicate","same-address|city|state","TA Atkins","100 Fish Lake Road","Atkins","AR","72823","479-886-6925","35.22162","-92.82594","150","6","3","8","Miss J's, Sbarro","","yes","Showers|Food|Fuel|Laundry|Repair","366ea2a6-4116-4ce3-bc64-01fdac0dcb60","TA Express Atkins","","TA/Petro official location master locmaster20260725.xlsx sha256 5ebe0e9f0341...; coordinates as supplied by operator","",""
"0958","TA","net-new-candidate","no-production-match","TA Williams","3065 220th Street","Williams","IA","50271","515-851-1339","42.47183","-93.56553","125","6","","6","Miss J's, Sbarro","","yes","Showers|Food|Fuel|Laundry","","","","TA/Petro official location master locmaster20260725.xlsx sha256 5ebe0e9f0341...; coordinates as supplied by operator","",""
"0962","TA Express","net-new-candidate","no-production-match","TA Express Hazleton","492 Can Do Expressway","Hazleton","PA","18202","570-599-5063","40.93879","-76.03577","50","3","","5","Miss J’s Café","","yes","Showers|Food|Fuel|Laundry","","","","TA/Petro official location master locmaster20260725.xlsx sha256 5ebe0e9f0341...; coordinates as supplied by operator","",""
"0963","TA Express","net-new-candidate","no-production-match","TA Express Pine Grove","482 Suedberg Road","Pine Grove","PA","17963","717-454-6803","40.53385","-76.43174","80","3","","6","Cinnabon, Miss J’s Café","Truck Wash","yes","Showers|Food|Fuel|Laundry","","","","TA/Petro official location master locmaster20260725.xlsx sha256 5ebe0e9f0341...; coordinates as supplied by operator","",""
"0966","TA Express","net-new-candidate","no-production-match","TA Express Savanna","9062 US Hwy 69","Savanna","OK","74565","405-446-4501","34.833383","-95.83959","60","3","","5","Dunkin', Miss J's, Sbarro","","","Showers|Food|Fuel|Laundry","","","","TA/Petro official location master locmaster20260725.xlsx sha256 5ebe0e9f0341...; coordinates as supplied by operator","",""
"0967","TA Express","net-new-candidate","no-production-match","TA Express Palmyra","887 Marion City Road","Palmyra","MO","63461","573-769-3638","39.78762","-91.51637","40","6","","5","","","yes","Showers|Fuel|Laundry","","","","TA/Petro official location master locmaster20260725.xlsx sha256 5ebe0e9f0341...; coordinates as supplied by operator","",""
"0968","Petro","net-new-candidate","no-production-match","Petro Henderson","1700 Railroad Pass Casino Road","Henderson","NV","89002","725-305-0745","35.9670745402109","-114.915674406748","100","5","","8","Dunkin', Sonic","Truck Wash","","Showers|Food|Fuel|Laundry","","","","TA/Petro official location master locmaster20260725.xlsx sha256 5ebe0e9f0341...; coordinates as supplied by operator","",""
"0969","TA Express","net-new-candidate","no-production-match","TA Express Henderson","1550 Railroad Pass Casino Road","Henderson","NV","89002","725-277-0932","35.9714738262293","-114.910506528296","200","5","","7","Starbucks","","yes","Showers|Food|Fuel","","","","TA/Petro official location master locmaster20260725.xlsx sha256 5ebe0e9f0341...; coordinates as supplied by operator","",""
"0974","TA","net-new-candidate","no-production-match","TA Mineral Wells","470 Frontage Road","Mineral Wells","WV","26150","304-761-3854","39.19482","-81.52601","104","5","","5","IHOP; Miss J’s Café","","yes","Showers|Food|Fuel|Laundry","","","","TA/Petro official location master locmaster20260725.xlsx sha256 5ebe0e9f0341...; coordinates as supplied by operator","",""
"0975","TA Express","net-new-candidate","no-production-match","TA Express Carlin","932 Fir Street","Carlin","NV","89822","702-421-3701","40.72071","-116.10756","50","4","","5","Bojangles","","","Showers|Food|Fuel|Laundry","","","","TA/Petro official location master locmaster20260725.xlsx sha256 5ebe0e9f0341...; coordinates as supplied by operator","",""
"0976","TA Express","net-new-candidate","no-production-match","TA Express Hutchinson","1515 South Main Street","South Hutchinson","KS","67505","620-669-9900","38.00858","-97.94209","80","4","","5","Applewood Restaurant; Sbarro","","yes","Showers|Food|Fuel|Laundry","","","","TA/Petro official location master locmaster20260725.xlsx sha256 5ebe0e9f0341...; coordinates as supplied by operator","",""
"0977","TA Express","net-new-candidate","no-production-match","TA Express Mankato","3010 Adams St.","Mankato","MN","56001","320-470-9288","44.16971","-93.92541","75","4","","8","Ten20 Tavern; Miss J's","","yes","Showers|Food|Fuel|Laundry","","","","TA/Petro official location master locmaster20260725.xlsx sha256 5ebe0e9f0341...; coordinates as supplied by operator","",""
"0978","TA Express","net-new-candidate","no-production-match","TA Express Houston","4808 N McCarty Street","Houston","TX","77013","832-993-7704","29.80378","-95.26491","70","6","","8","Miss J’s Café","","","Showers|Food|Fuel|Laundry","","","","TA/Petro official location master locmaster20260725.xlsx sha256 5ebe0e9f0341...; coordinates as supplied by operator","",""
"0979","TA Express","net-new-candidate","no-production-match","TA Express Grand Junction","2222 Highway 6","Grand Junction","CO","81505","970-901-1445","39.109","-108.64079","65","8","","5","Miss J’s Café","","","Showers|Food|Fuel|Laundry","","","","TA/Petro official location master locmaster20260725.xlsx sha256 5ebe0e9f0341...; coordinates as supplied by operator","",""
"0982","TA Express","net-new-candidate","no-production-match","TA Express New Lisbon","1700 E Bridge Street","New Lisbon","WI","53950","608-350-9882","43.88579","-90.14664","50","4","","6","Miss J’s Café","","","Showers|Food|Fuel|Laundry","","","","TA/Petro official location master locmaster20260725.xlsx sha256 5ebe0e9f0341...; coordinates as supplied by operator","",""
"0983","TA","net-new-candidate","no-production-match","TA Shepherd","10100 US Highway 59","Shepherd","TX","77371","936-933-9574","30.44618","-95.03022","120","5","4","8","IHOP; Miss J’s Café","","","Showers|Food|Fuel|Laundry|Repair","","","","TA/Petro official location master locmaster20260725.xlsx sha256 5ebe0e9f0341...; coordinates as supplied by operator","",""
"0986","TA Express","net-new-candidate","no-production-match","TA Express Judsonia","9674 State Highway 13","Judsonia","AR","72081","501-530-1455","35.26844","-91.67619","92","6","","8","Bojangles, Sbarro","Truck Wash","yes","Showers|Food|Fuel|Laundry","","","","TA/Petro official location master locmaster20260725.xlsx sha256 5ebe0e9f0341...; coordinates as supplied by operator","",""
"0987","TA","net-new-candidate","no-production-match","TA Wellsville","1021 Poplar Street","Wellsville","KS","66092","785-800-5229","38.7076","-95.07404","76","4","","6","A&W All American Food, Blu Taco, Hunt Brothers Pizza, Miss J's","","","Showers|Food|Fuel|Laundry","","","","TA/Petro official location master locmaster20260725.xlsx sha256 5ebe0e9f0341...; coordinates as supplied by operator","",""
"0989","TA","net-new-candidate","no-production-match","TA Robertsdale","27801 County Road 64","Robertsdale","AL","36567","251-960-1150","30.63035","-87.61585","178","7","3","11","Derail Diner; Miss J's, Sbarro, Subway","","yes","Showers|Food|Fuel|Laundry|Repair","","","","TA/Petro official location master locmaster20260725.xlsx sha256 5ebe0e9f0341...; coordinates as supplied by operator","",""
