name,category,address,city,state,zip,phone,website,description,latitude,longitude,truckspaces,showers,food,fuel,laundry,restrooms,repair,catscale,wifi,security,interstate,exitnumber
"TA Ashland","truck-stops","100 North Carter Rd","Ashland","VA","23005-0712","804-798-6011","","183 truck parking spaces. 11 showers. 4 service bays. 8 diesel lanes. On site: Fuddruckers. Weigh scale on site (brand unconfirmed)","37.7598","-77.4631","183","yes","yes","yes","yes","","yes","","","","",""
"TA Greensboro","truck-stops","1101 NC Highway 61","Whitsett","NC","27377-0218","336-449-6060","","173 truck parking spaces. 13 showers. 6 service bays. 12 diesel lanes. On site: Burger King, Popeyes. Weigh scale on site (brand unconfirmed)","36.0635","-79.5636","173","yes","yes","yes","yes","","yes","","","","",""
"TA Brookville","truck-stops","245 Allegheny Blvd.","Brookville","PA","15825-8211","814-849-3051","","221 truck parking spaces. 8 showers. 6 service bays. 8 diesel lanes. On site: Taco Bell. Weigh scale on site (brand unconfirmed)","41.1729","-79.0992","221","yes","yes","yes","yes","","yes","","","","",""
"TA Columbia","truck-stops","2 Simpson Road","Columbia","NJ","07832-0305","908-496-4124","","172 truck parking spaces. 7 showers. 5 service bays. 8 diesel lanes. On site: Country Pride; Pizza Hut Express, Taco Bell Express. Weigh scale on site (brand unconfirmed)","40.9317","-75.0969","172","yes","yes","yes","yes","","yes","","","","",""
"TA Eloy","truck-stops","2949 North Toltec Road","Eloy","AZ","85131","520-466-7363","","234 truck parking spaces. 11 showers. 6 service bays. 12 diesel lanes. On site: A&W All American Food, Sbarro, Taco Bell. Weigh scale on site (brand unconfirmed)","32.7737","-111.6175","234","yes","yes","yes","yes","","yes","","","","",""
"TA Gallup","truck-stops","3404 W Historical Highway 66","Gallup","NM","87301-6841","505-863-6801","","76 truck parking spaces. 9 showers. 6 service bays. 8 diesel lanes. On site: Country Pride. Weigh scale on site (brand unconfirmed)","35.5059","-108.8359","76","yes","yes","yes","yes","","yes","","","","",""
"TA Gary","truck-stops","2510 Burr St.","Gary","IN","46406","219-845-3721","","318 truck parking spaces. 14 showers. 6 service bays. 16 diesel lanes. On site: Pizza Hut Express, Taco Bell. Weigh scale on site (brand unconfirmed)","41.573","-87.4045","318","yes","yes","yes","yes","","yes","","","","",""
"TA Dayton","truck-stops","6762 US Rte 127","Eaton","OH","45320-0030","937-456-5522","","198 truck parking spaces. 9 showers. 6 service bays. 8 diesel lanes. On site: Burger King. Weigh scale on site (brand unconfirmed)","39.84","-84.6282","198","yes","yes","yes","yes","","yes","","","","",""
"TA Harrisburg","truck-stops","7848 Linglestown Road","Harrisburg","PA","17112-0535","717-652-4556","","178 truck parking spaces. 13 showers. 6 service bays. 9 diesel lanes. On site: Country Pride. Weigh scale on site (brand unconfirmed)","40.355","-76.7241","178","yes","yes","yes","yes","","yes","","","","",""
"TA Las Cruces","truck-stops","202 N. Motel Blvd","Las Cruces","NM","88007","575-527-7400","","201 truck parking spaces. 10 showers. 6 service bays. 8 diesel lanes. On site: Burger King, Pizza Hut Express, Taco Bell. Weigh scale on site (brand unconfirmed)","32.2977","-106.8115","201","yes","yes","yes","yes","","yes","","","","",""
"TA Lodi","truck-stops","8834 Lake Road","Seville","OH","44273-0125","330-769-2053","","237 truck parking spaces. 10 showers. 6 service bays. 9 diesel lanes. On site: IHOP; Burger King, Popeyes, Starbucks. Weigh scale on site (brand unconfirmed)","41.0322","-81.9078","237","yes","yes","yes","yes","","yes","","","","",""
"TA Tuscaloosa","truck-stops","3501 Buttermilk Road","Tuscaloosa","AL","35453-9364","205-554-0215","","151 truck parking spaces. 12 showers. 6 service bays. 10 diesel lanes. On site: Popeyes. Weigh scale on site (brand unconfirmed)","33.1759","-87.4462","151","yes","yes","yes","yes","","yes","","","","",""
"TA Baytown","truck-stops","6800 Thompson Road","Baytown","TX","77521","281-424-7772","","173 truck parking spaces. 10 showers. 6 service bays. 12 diesel lanes. On site: IHOP. Weigh scale on site (brand unconfirmed)","29.7967","-95.0311","173","yes","yes","yes","yes","","yes","","","","",""
"TA Elkton","truck-stops","1400 Elkton Road","Elkton","MD","21921","410-398-7000","","151 truck parking spaces. 10 showers. 3 service bays. 10 diesel lanes. Weigh scale on site (brand unconfirmed)","39.6436","-75.7974","151","yes","","yes","yes","","yes","","","","",""
"TA Willington","truck-stops","327 Ruby Road","Willington","CT","06279","860-684-0499","","240 truck parking spaces. 10 showers. 3 service bays. 8 diesel lanes. On site: Country Pride; Burger King. Weigh scale on site (brand unconfirmed)","41.9177","-72.2615","240","yes","yes","yes","yes","","yes","","","","",""
"TA Santa Rosa","truck-stops","2634 Historic Route 66","Santa Rosa","NM","88435-0372","575-935-9939","","116 truck parking spaces. 9 showers. 3 service bays. 11 diesel lanes. On site: Popeyes, Subway. Weigh scale on site (brand unconfirmed)","34.9443","-104.6407","116","yes","yes","yes","yes","","yes","","","","",""
"TA London","truck-stops","940 US RT 42 NE","London","OH","43140-0560","740-852-3810","","138 truck parking spaces. 10 showers. 6 service bays. 8 diesel lanes. On site: Popeyes. Weigh scale on site (brand unconfirmed)","39.9538","-83.3796","138","yes","yes","yes","yes","","yes","","","","",""
"TA Spartanburg","truck-stops","1402 East Main St.","Duncan","SC","29334-9647","864-433-0711","","187 truck parking spaces. 11 showers. 8 service bays. 8 diesel lanes. On site: Country Pride. Weigh scale on site (brand unconfirmed)","34.914","-82.11","187","yes","yes","yes","yes","","yes","","","","",""
"Petro Ontario","truck-stops","4325 E. Guasti Rd.","Ontario","CA","91761-7807","909-390-7800","","559 truck parking spaces. 30 showers. 4 service bays. 16 diesel lanes. On site: Iron Skillet; Burger King, Popeyes. Weigh scale on site (brand unconfirmed)","34.0647","-117.5566","559","yes","yes","yes","yes","","yes","","","","",""
"TA Kingsville","truck-stops","5551 St Rt 193","Kingsville","OH","44048","440-224-2035","","158 truck parking spaces. 9 showers. 2 service bays. 10 diesel lanes. On site: Burger King. Weigh scale on site (brand unconfirmed)","41.8765","-80.6671","158","yes","yes","yes","yes","","yes","","","","",""
"TA Chicago North","truck-stops","16650 W. Russell Road","Zion","IL","60099","847-395-5580","","215 truck parking spaces. 12 showers. 3 service bays. 10 diesel lanes. Weigh scale on site (brand unconfirmed)","42.4857","-87.951","215","yes","","yes","yes","","yes","","","","",""
"TA Wheeling","truck-stops","270 W. Alexander Road","Valley Grove","WV","26060-8025","304-547-1521","","168 truck parking spaces. 12 showers. 4 service bays. 8 diesel lanes. On site: Country Pride. Weigh scale on site (brand unconfirmed)","40.0694","-80.5677","168","yes","yes","yes","yes","","yes","","","","",""
"TA Earle","truck-stops","408 Highway 149 North","Earle","AR","72331","870-657-2105","","137 truck parking spaces. 9 showers. 6 service bays. 8 diesel lanes. On site: Burger King, Pizza Hut Express, Taco Bell. Weigh scale on site (brand unconfirmed)","35.1364","-90.488","137","yes","yes","yes","yes","","yes","","","","",""
"TA Effingham","truck-stops","1702 West Evergreen Ave","Effingham","IL","62401-1388","217-347-7183","","137 truck parking spaces. 10 showers. 6 service bays. 11 diesel lanes. On site: Dunkin', Popeyes, Sbarro. Weigh scale on site (brand unconfirmed)","39.1364","-88.5662","137","yes","yes","yes","yes","","yes","","","","",""
"TA Oklahoma City East","truck-stops","801 South Council Road","Oklahoma City","OK","73128-4218","405-787-7411","","175 truck parking spaces. 12 showers. 6 service bays. 10 diesel lanes. On site: IHOP. Weigh scale on site (brand unconfirmed)","35.458","-97.6556","175","yes","yes","yes","yes","","yes","","","","",""
"TA Hebron","truck-stops","10679 Lancaster Road, SE","Hebron","OH","43025-0520","740-467-2900","","130 truck parking spaces. 10 showers. 6 service bays. 8 diesel lanes. On site: Popeyes, Sbarro. Weigh scale on site (brand unconfirmed)","39.9389","-82.5349","130","yes","yes","yes","yes","","yes","","","","",""
"TA Coachella","truck-stops","46155 Dillon Road","Coachella","CA","92236","760-342-6200","","205 truck parking spaces. 15 showers. 4 service bays. 12 diesel lanes. On site: Arby's, Popeyes, Taco Bell. Weigh scale on site (brand unconfirmed)","33.7139","-116.1756","205","yes","yes","yes","yes","","yes","","","","",""
"TA Mt Vernon","truck-stops","4510 Broadway St","Mt. Vernon","IL","62864","618-244-4242","","136 truck parking spaces. 11 showers. 6 service bays. 8 diesel lanes. On site: Popeyes. Weigh scale on site (brand unconfirmed)","38.3134","-88.9594","136","yes","yes","yes","yes","","yes","","","","",""
"TA Elgin","truck-stops","19 N. 430 US Hwy 20","Hampshire","IL","60140","847-683-4550","","92 truck parking spaces. 10 showers. 2 service bays. 8 diesel lanes. On site: Popeyes. Weigh scale on site (brand unconfirmed)","42.1451","-88.5095","92","yes","yes","yes","yes","","yes","","","","",""
"TA Madison","truck-stops","2021 Eatonton Road","Madison","GA","30650","706-342-4176","","149 truck parking spaces. 7 showers. 6 service bays. 7 diesel lanes. On site: Popeyes. Weigh scale on site (brand unconfirmed)","33.5524","-83.4748","149","yes","yes","yes","yes","","yes","","","","",""
"TA Tallulah","truck-stops","224 Highway 65 South","Tallulah","LA","71282","318-574-5900","","135 truck parking spaces. 7 showers. 5 service bays. 8 diesel lanes. On site: Country Pride. Weigh scale on site (brand unconfirmed)","32.3886","-91.2006","135","yes","yes","yes","yes","","yes","","","","",""
"TA Meridian","truck-stops","2150 Russell Mt. Gilead Road","Meridian","MS","39301","601-483-7611","","90 truck parking spaces. 6 showers. 5 service bays. 8 diesel lanes. On site: Country Pride. Weigh scale on site (brand unconfirmed)","32.3962","-88.5826","90","yes","yes","yes","yes","","yes","","","","",""
"TA Bloomsbury","truck-stops","975 State Route 173","Bloomsbury","NJ","08804","908-479-4136","","122 truck parking spaces. 7 showers. 4 service bays. 9 diesel lanes. On site: Country Pride; Burger King. Weigh scale on site (brand unconfirmed)","40.6594","-75.075","122","yes","yes","yes","yes","","yes","","","","",""
"TA Rockwall","truck-stops","2105 South Goliad St.","Rockwall","TX","75032","972-722-7450","","100 truck parking spaces. 7 showers. 3 service bays. 6 diesel lanes. On site: Burger King, Pizza Hut Express. Weigh scale on site (brand unconfirmed)","32.9074","-96.45","100","yes","yes","yes","yes","","yes","","","","",""
"TA Madison","truck-stops","5901 Highway 51","DeForest","WI","53532","608-249-9000","","118 truck parking spaces. 9 showers. 4 service bays. 8 diesel lanes. On site: Popeyes. Weigh scale on site (brand unconfirmed)","43.1745","-89.3255","118","yes","yes","yes","yes","","yes","","","","",""
"TA Matthews","truck-stops","854 State Hwy 80","Matthews","MO","63867","573-471-8644","","114 truck parking spaces. 6 showers. 5 service bays. 8 diesel lanes. On site: Popeyes, Taco Bell Express. Weigh scale on site (brand unconfirmed)","36.7582","-89.5346","114","yes","yes","yes","yes","","yes","","","","",""
"TA Oak Grove","truck-stops","100 North Broadway","Oak Grove","MO","64075","816-690-4115","","118 truck parking spaces. 9 showers. 3 service bays. 10 diesel lanes. On site: IHOP; Popeyes. Weigh scale on site (brand unconfirmed)","39.0176","-94.1302","118","yes","yes","yes","yes","","yes","","","","",""
"TA Wildwood","truck-stops","556 St. Rt. 44","Wildwood","FL","34785","352-748-2501","","170 truck parking spaces. 10 showers. 5 service bays. 10 diesel lanes. On site: Pizza Hut Express, Popeyes. Weigh scale on site (brand unconfirmed)","28.875","-82.0939","170","yes","yes","yes","yes","","yes","","","","",""
"TA Mobile","truck-stops","9201 Grand Bay","Grand Bay","AL","36541","251-865-6175","","89 truck parking spaces. 8 showers. 5 service bays. 6 diesel lanes. On site: Dunkin', Popeyes. Weigh scale on site (brand unconfirmed)","30.4985","-88.3336","89","yes","yes","yes","yes","","yes","","","","",""
"TA Amarillo","truck-stops","7000 E. Interstate 40","Amarillo","TX","79118","806-342-3080","","185 truck parking spaces. 10 showers. 6 service bays. 8 diesel lanes. On site: Black Bear Diner; Burger King, Pizza Hut Express, Popeyes. Weigh scale on site (brand unconfirmed)","35.1915","-101.7589","185","yes","yes","yes","yes","","yes","","","","",""
"TA Aurora","truck-stops","21856 Bents Road NE","Aurora","OR","97002","503-678-2111","","275 truck parking spaces. 9 showers. 2 service bays. 8 diesel lanes. On site: Popeyes. Weigh scale on site (brand unconfirmed)","45.2361","-122.8072","275","yes","yes","yes","yes","","yes","","","","",""
"TA Redding","truck-stops","19483 Knighton Road","Redding","CA","96002","530-221-4760","","196 truck parking spaces. 7 showers. 2 service bays. 10 diesel lanes. On site: Pizza Hut Express, Popeyes. Weigh scale on site (brand unconfirmed)","40.5048","-122.3349","196","yes","yes","yes","yes","","yes","","","","",""
"TA Youngstown","truck-stops","5400 Seventy Six Drive","Youngstown","OH","44515","330-793-4426","","145 truck parking spaces. 9 showers. 5 service bays. 10 diesel lanes. Weigh scale on site (brand unconfirmed)","41.1225","-80.7653","145","yes","","yes","yes","","yes","","","","",""
"TA Oklahoma City West","truck-stops","501 South Morgan Road","Oklahoma City","OK","73128","405-324-5376","","101 truck parking spaces. 8 showers. 3 service bays. 8 diesel lanes. On site: Fazoli's, Popeyes. Weigh scale on site (brand unconfirmed)","35.4617","-97.6906","101","yes","yes","yes","yes","","yes","","","","",""
"TA Tooele","truck-stops","8836 North Highway 40","Salt Lake City","UT","84074","801-250-8585","","191 truck parking spaces. 11 showers. 3 service bays. 7 diesel lanes. On site: Burger King, Taco Bell. Weigh scale on site (brand unconfirmed)","40.6899","-112.2629","191","yes","yes","yes","yes","","yes","","","","",""
"TA Council Bluffs","truck-stops","3210 South Seven Street","Council Bluffs","IA","51501","712-366-2217","","78 truck parking spaces. 8 showers. 2 service bays. 8 diesel lanes. Weigh scale on site (brand unconfirmed)","41.2287","-95.8536","78","yes","","yes","yes","","yes","","","","",""
"TA Barkeyville","truck-stops","5644 St. Rt. 8","Harrisville","PA","16038-9641","814-786-7988","","112 truck parking spaces. 8 showers. 3 service bays. 8 diesel lanes. On site: Country Pride. Weigh scale on site (brand unconfirmed)","41.1992","-79.9758","112","yes","yes","yes","yes","","yes","","","","",""
"TA Lamar","truck-stops","5600 Nittany Valley Drive","Lamar","PA","16848-0278","570-726-4996","","168 truck parking spaces. 11 showers. 3 service bays. 9 diesel lanes. On site: Country Pride. Weigh scale on site (brand unconfirmed)","41.0275","-77.521","168","yes","yes","yes","yes","","yes","","","","",""
"TA Monroe","truck-stops","1255 N Dixie Hwy","Monroe","MI","48162","734-384-7952","","156 truck parking spaces. 10 showers. 3 service bays. 8 diesel lanes. On site: Fazoli's, Popeyes, Tim Horton's. Weigh scale on site (brand unconfirmed)","41.9267","-83.3632","156","yes","yes","yes","yes","","yes","","","","",""
"TA Janesville","truck-stops","3222 Hwy. 14 East","Janesville","WI","53546-8218","608-752-8700","","96 truck parking spaces. 12 showers. 4 service bays. 8 diesel lanes. On site: Chester Fried Chicken, Cinnabon, Hunt Brothers Pizza, Wendy's. Weigh scale on site (brand unconfirmed)","42.7143","-88.9793","96","yes","yes","yes","yes","","yes","","","","",""
"TA Walcott","truck-stops","755 W. Iowa 80 Road","Walcott","IA","52773","563-284-6961","","900 truck parking spaces. 24 showers. 7 service bays. 15 diesel lanes. On site: Iowa 80 Kitchen; Blimpie, Dairy Queen, Orange Julius, Pizza Hut Express, Starbucks, Taco Bell, Wendy's. Truck wash: Truckomat Truck Wash. Weigh scale on site (brand unconfirmed)","41.6179","-90.7815","900","yes","yes","yes","yes","","yes","","","","",""
"TA Albuquerque","truck-stops","2501 University Blvd., NE","Albuquerque","NM","87107","505-884-1066","","150 truck parking spaces. 10 showers. 3 service bays. 8 diesel lanes. On site: Country Pride. Weigh scale on site (brand unconfirmed)","35.1111","-106.6247","150","yes","yes","yes","yes","","yes","","","","",""
"TA Wapakoneta","truck-stops","1775 Bellefontaine St.","Wapakoneta","OH","45895","567-712-5101","","145 truck parking spaces. 7 showers. 3 service bays. 8 diesel lanes. On site: Miss J's Diner; Miss J’s Café. Weigh scale on site (brand unconfirmed)","40.5582","-84.1656","145","yes","yes","yes","","","yes","","","","",""
"TA Toledo","truck-stops","3483 Libbey Road","Perrysburg","OH","43551-9750","567-970-3800","","177 truck parking spaces. 12 showers. 4 service bays. 10 diesel lanes. On site: Taco Bell. Weigh scale on site (brand unconfirmed)","41.5215","-83.4624","177","yes","yes","yes","yes","","yes","","","","",""
"TA Ann Arbor","truck-stops","200 Baker Road","Dexter","MI","48130","734-426-3951","","203 truck parking spaces. 8 showers. 3 service bays. 9 diesel lanes. On site: Popeyes. Weigh scale on site (brand unconfirmed)","42.2963","-83.8764","203","yes","yes","yes","yes","","yes","","","","",""
"TA Ogallala","truck-stops","103 Prospector Drive","Ogallala","NE","69153-3198","308-284-3667","","94 truck parking spaces. 9 showers. 2 service bays. 8 diesel lanes. On site: Country Pride. Weigh scale on site (brand unconfirmed)","41.1138","-101.7116","94","yes","yes","yes","yes","","yes","","","","",""
"TA Oakley","truck-stops","1001 Hwy 40","Oakley","KS","67748","785-672-4111","","84 truck parking spaces. 6 showers. 6 service bays. 8 diesel lanes. On site: IHOP; Sonic, Subway. Weigh scale on site (brand unconfirmed)","39.1188","-100.811","84","yes","yes","yes","yes","","yes","","","","",""
"TA Bloomington","truck-stops","505 Truckers Lane","Bloomington","IL","61701","309-827-4676","","160 truck parking spaces. 8 showers. 6 service bays. 8 diesel lanes. Weigh scale on site (brand unconfirmed)","40.488","-89.0262","160","yes","","yes","yes","","yes","","","","",""
"TA Kingman","truck-stops","946 West Beale Street","Kingman","AZ","86401","928-753-7600","","115 truck parking spaces. 11 showers. 5 service bays. 10 diesel lanes. On site: Black Bear Diner; Popeyes. Weigh scale on site (brand unconfirmed)","35.1901","-114.0702","115","yes","yes","yes","yes","","yes","","","","",""
"TA North Canton","truck-stops","4450 Portage St. NW","Canton","OH","44720","330-494-7507","","85 truck parking spaces. 4 showers. 6 diesel lanes. Weigh scale on site (brand unconfirmed)","40.8788","-81.4295","85","yes","","yes","yes","","yes","","","","",""
"TA Las Vegas","truck-stops","8050 Dean Martin Drive","Las Vegas","NV","89139","702-361-1176","","144 truck parking spaces. 13 showers. 3 service bays. 10 diesel lanes. On site: Burger King, Taco Time. Weigh scale on site (brand unconfirmed)","36.0433","-115.1873","144","yes","yes","yes","yes","","yes","","","","",""
"TA Sawyer","truck-stops","6100 Sawyer Road","Sawyer","MI","49125","269-426-4884","","155 truck parking spaces. 9 showers. 3 service bays. 10 diesel lanes. On site: Burger King, Pizza Hut, Popeyes, Taco Bell Express. Weigh scale on site (brand unconfirmed)","41.8845","-86.6001","155","yes","yes","yes","yes","","yes","","","","",""
"TA Antioch","truck-stops","13011 Old Hickory Blvd.","Antioch","TN","37013","615-641-6731","","122 truck parking spaces. 10 showers. 5 service bays. 7 diesel lanes. On site: Burger King, Popeyes. Weigh scale on site (brand unconfirmed)","36.015","-86.6184","122","yes","yes","yes","yes","","yes","","","","",""
"TA Strafford","truck-stops","225 E. Evergreen","Strafford","MO","65757-0069","417-736-2161","","140 truck parking spaces. 8 showers. 2 service bays. 8 diesel lanes. On site: Denny's; Miss J's, Subway, Taco Bell. Weigh scale on site (brand unconfirmed)","37.2745","-93.1152","140","yes","yes","yes","yes","","yes","","","","",""
"TA Jeffersonville","truck-stops","12403 US Rt 35 NW","Jeffersonville","OH","43128-0068","740-948-2365","","144 truck parking spaces. 7 showers. 5 service bays. 10 diesel lanes. On site: IHOP; Pizza Hut Express, Popeyes. Weigh scale on site (brand unconfirmed)","39.6166","-83.6038","144","yes","yes","yes","yes","","yes","","","","",""
"TA Richmond","truck-stops","10134 Lewistown Road","Ashland","VA","23005","804-798-6021","","317 truck parking spaces. 10 showers. 6 service bays. 7 diesel lanes. On site: Pizza Hut Express, Popeyes. Weigh scale on site (brand unconfirmed)","37.7237","-77.4479","317","yes","yes","yes","yes","","yes","","","","",""
"TA Wytheville","truck-stops","1025 Peppers Ferry Road","Wytheville","VA","24382","276-228-8676","","114 truck parking spaces. 12 showers. 6 service bays. 10 diesel lanes. On site: IHOP; Popeyes, Subway, Taco Bell. Weigh scale on site (brand unconfirmed)","36.9651","-81.0676","114","yes","yes","yes","yes","","yes","","","","",""
"TA Cartersville","truck-stops","981 Cassville-White Road","Cartersville","GA","30121","770-607-8885","","212 truck parking spaces. 10 showers. 6 service bays. 8 diesel lanes. On site: IHOP; Burger King, Popeyes, Taco Bell & Pizza Hut Express. Weigh scale on site (brand unconfirmed)","34.2739","-84.8075","212","yes","yes","yes","yes","","yes","","","","",""
"TA San Antonio","truck-stops","6170 I-10 East","San Antonio","TX","78219","210-310-0145","","238 truck parking spaces. 10 showers. 7 service bays. 8 diesel lanes. On site: Burger King, Fazoli's, Popeyes. Weigh scale on site (brand unconfirmed)","29.4433","-98.3618","238","yes","yes","yes","yes","","yes","","","","",""
"TA Commerce City","truck-stops","5101 Quebec Street","Commerce City","CO","80022","303-286-0123","","224 truck parking spaces. 10 showers. 6 service bays. 8 diesel lanes. On site: Burger King, Pizza Hut Express, Popeyes. Weigh scale on site (brand unconfirmed)","39.7901","-104.9043","224","yes","yes","yes","yes","","yes","","","","",""
"TA Hurricane","truck-stops","4195 State Route 34","Hurricane","WV","25526-9772","304-757-7600","","76 truck parking spaces. 7 showers. 5 service bays. 9 diesel lanes. Weigh scale on site (brand unconfirmed)","38.4543","-81.935","76","yes","","yes","yes","","yes","","","","",""
"TA Dallas South","truck-stops","7751 Bonnie View Rd","Dallas","TX","75241","469-941-3150","","136 truck parking spaces. 9 showers. 5 service bays. 8 diesel lanes. On site: Burger King, Taco Bell & Pizza Hut Express. Weigh scale on site (brand unconfirmed)","32.6534","-96.7517","136","yes","yes","yes","yes","","yes","","","","",""
"TA Sayre","truck-stops","11603 N. 1900 Rd.","Sayre","OK","73662","580-928-5571","","101 truck parking spaces. 7 showers. 2 service bays. 10 diesel lanes. On site: Subway, Taco Bell. Weigh scale on site (brand unconfirmed)","35.3355","-99.5946","101","yes","yes","yes","","","yes","","","","",""
"TA Laredo","truck-stops","1010 Beltway Parkway","Laredo","TX","78045","956-724-2016","","336 truck parking spaces. 15 showers. 5 service bays. 8 diesel lanes. On site: IHOP; Burger King, Taco Bell. Weigh scale on site (brand unconfirmed)","27.6875","-99.4634","336","yes","yes","yes","yes","","yes","","","","",""
"TA Southington","truck-stops","1875 Meriden-Waterbury Turnpike","Milldale","CT","06467","860-621-0106","","145 truck parking spaces. 10 showers. 3 service bays. 8 diesel lanes. On site: Popeyes, Taco Bell. Weigh scale on site (brand unconfirmed)","41.5647","-72.9102","145","yes","yes","yes","yes","","yes","","","","",""
"TA Commerce","truck-stops","30732 Hwy 441 South","Commerce","GA","30529","706-335-5198","","89 truck parking spaces. 14 showers. 4 service bays. 8 diesel lanes. On site: Fuddruckers. Weigh scale on site (brand unconfirmed)","34.2528","-83.4632","89","yes","yes","yes","yes","","yes","","","","",""
"TA Express Tampa","truck-stops","11706 Tampa Gateway Blvd.","Seffner","FL","33584","813-262-1560","","81 truck parking spaces. 7 showers. 3 service bays. 6 diesel lanes. On site: Arby's, Popeyes. Weigh scale on site (brand unconfirmed)","28.0099","-82.301","81","yes","yes","yes","yes","","yes","","","","",""
"TA Buttonwillow","truck-stops","27769 Lagoon Drive","Buttonwillow","CA","93206-0004","661-764-5266","","170 truck parking spaces. 8 showers. 2 service bays. 8 diesel lanes. On site: Popeyes, Taco Bell. Weigh scale on site (brand unconfirmed)","35.401","-119.3961","170","yes","yes","yes","yes","","yes","","","","",""
"TA Lafayette","truck-stops","1701 North University Ave.","Lafayette","LA","70507-6399","337-237-0176","","128 truck parking spaces. 9 showers. 2 service bays. 8 diesel lanes. On site: Sbarro. Weigh scale on site (brand unconfirmed)","30.2521","-92.0381","128","yes","yes","yes","yes","","yes","","","","",""
"TA Ontario","truck-stops","4265 East Guasti Road","Ontario","CA","91761-1571","909-390-2525","","549 truck parking spaces. 17 showers. 6 service bays. 8 diesel lanes. On site: Country Pride; Pizza Hut Express, Taco Bell. Weigh scale on site (brand unconfirmed)","34.0649","-117.5599","549","yes","yes","yes","yes","","yes","","","","",""
"TA Santa Nella","truck-stops","12310 State Highway 33","Santa Nella","CA","95322-9735","209-826-0741","","216 truck parking spaces. 12 showers. 4 service bays. 8 diesel lanes. On site: IHOP; Popeyes. Weigh scale on site (brand unconfirmed)","37.1101","-121.0147","216","yes","yes","yes","yes","","yes","","","","",""
"TA Boise","truck-stops","4115 Broadway Ave","Boise","ID","83705","208-344-1091","","171 truck parking spaces. 12 showers. 3 service bays. 7 diesel lanes. On site: Country Pride; Subway, Taco Bell. Weigh scale on site (brand unconfirmed)","43.5656","-116.1994","171","yes","yes","yes","yes","","yes","","","","",""
"TA Livingston","truck-stops","435 Winton Parkway","Livingston","CA","95334","209-799-3500","","102 truck parking spaces. 7 showers. 5 service bays. 6 diesel lanes. On site: Burger King, Popeyes. Weigh scale on site (brand unconfirmed)","37.3876","-120.7382","102","yes","yes","yes","yes","","yes","","","","",""
"TA Express New Haven","truck-stops","3 East Industrial Road","Branford","CT","06405-6508","203-481-0301","","75 truck parking spaces. 7 showers. 4 service bays. 6 diesel lanes. On site: Pizza Hut Express, Popeyes, Starbucks. Weigh scale on site (brand unconfirmed)","41.2968","-72.7595","75","yes","yes","yes","yes","","yes","","","","",""
"TA Sparks","truck-stops","200 North McCarren","Sparks","NV","89431-5419","775-359-0550","","200 truck parking spaces. 10 showers. 3 service bays. 8 diesel lanes. On site: Fuddruckers. Weigh scale on site (brand unconfirmed)","39.5351","-119.7361","200","yes","yes","yes","yes","","yes","","","","",""
"TA Whitestown","truck-stops","5930 Whitestown Pkwy","Whitestown","IN","46075-9801","317-769-3291","","169 truck parking spaces. 9 showers. 4 service bays. 7 diesel lanes. On site: Popeyes. Weigh scale on site (brand unconfirmed)","39.9478","-86.357","169","yes","yes","yes","yes","","yes","","","","",""
"TA Wheat Ridge","truck-stops","12151 West 44th Avenue","Wheat Ridge","CO","80033-2448","303-423-8250","","116 truck parking spaces. 7 showers. 2 service bays. 8 diesel lanes. On site: Highway Kitchen. Weigh scale on site (brand unconfirmed)","39.7793","-105.1349","116","yes","yes","yes","yes","","yes","","","","",""
"TA Foristell","truck-stops","3265 N. Service Road East","Foristell","MO","63348-0069","636-673-2295","","95 truck parking spaces. 8 showers. 5 service bays. 8 diesel lanes. On site: Popeyes, Taco Bell & Pizza Hut Express. Weigh scale on site (brand unconfirmed)","38.8171","-90.9495","95","yes","yes","yes","yes","","yes","","","","",""
"TA Seattle East","truck-stops","46630 North Bend Way","North Bend","WA","98045","425-888-1119","","140 truck parking spaces. 8 showers. 3 service bays. 6 diesel lanes. On site: Popeyes, Starbucks. Weigh scale on site (brand unconfirmed)","47.4683","-121.7181","140","yes","yes","yes","yes","","yes","","","","",""
"TA Savannah","truck-stops","4401 Hwy. 17","Richmond Hill","GA","31324-0280","912-756-3381","","222 truck parking spaces. 8 showers. 6 service bays. 9 diesel lanes. On site: Fuddruckers; Popeyes. Weigh scale on site (brand unconfirmed)","31.9252","-81.3327","222","yes","yes","yes","yes","","yes","","","","",""
"TA Marianna","truck-stops","2112 Highway 71 South","Marianna","FL","32448","850-526-3303","","123 truck parking spaces. 9 showers. 5 service bays. 8 diesel lanes. On site: Popeyes, Taco Bell & Pizza Hut Express. Weigh scale on site (brand unconfirmed)","30.7187","-85.1837","123","yes","yes","yes","yes","","yes","","","","",""
"TA Manning","truck-stops","3014 Paxville Highway","Manning","SC","29102","803-791-9095","","84 truck parking spaces. 8 showers. 6 service bays. 8 diesel lanes. On site: Popeyes. Weigh scale on site (brand unconfirmed)","33.7046","-80.242","84","yes","yes","yes","yes","","yes","","","","",""
"TA Slidell","truck-stops","1682 Gause Blvd","Slidell","LA","70458-1361","985-643-9974","","111 truck parking spaces. 10 showers. 3 service bays. 10 diesel lanes. On site: Country Pride. Weigh scale on site (brand unconfirmed)","30.2864","-89.7511","111","yes","yes","yes","yes","","yes","","","","",""
"TA Mill City","truck-stops","6000 E. Frontage Road","Mill City","NV","89418","775-538-7311","","152 truck parking spaces. 10 showers. 2 service bays. 10 diesel lanes. On site: Taco Bell Express. Weigh scale on site (brand unconfirmed)","40.6932","-118.056","152","yes","yes","yes","yes","","yes","","","","",""
"TA Troutdale","truck-stops","790 N W Frontage Road","Troutdale","OR","97060","503-666-1588","","240 truck parking spaces. 12 showers. 4 service bays. 10 diesel lanes. On site: Country Pride; Popeyes, Subway. Weigh scale on site (brand unconfirmed)","45.5438","-122.3958","240","yes","yes","yes","yes","","yes","","","","",""
"TA Express Parowan","truck-stops","1130 N. 100 W.","Parowan","UT","84761","435-477-3311","","90 truck parking spaces. 6 showers. 6 service bays. 5 diesel lanes. On site: Subway, Taco Bell. Weigh scale on site (brand unconfirmed)","37.8607","-112.8291","90","yes","yes","yes","yes","","yes","","","","",""
"TA Cheyenne","truck-stops","4000 I-80 Service Road","Burns","WY","82053","307-365-6670","","140 truck parking spaces. 12 showers. 3 service bays. 9 diesel lanes. On site: Country Pride; Burger King, Taco Bell. Weigh scale on site (brand unconfirmed)","41.1602","-104.5207","140","yes","yes","yes","yes","","yes","","","","",""
"TA Ft. Bridger","truck-stops","I-80 at Bigelow Road, Exit 30","Ft. Bridger","WY","82933","307-209-2115","","165 truck parking spaces. 9 showers. 3 service bays. 10 diesel lanes. On site: Burger King, Taco Bell Express. Weigh scale on site (brand unconfirmed)","41.3144","-110.5095","165","yes","yes","yes","yes","","yes","","","","",""
"TA Grand Island","truck-stops","8033 West Holling Rd.","Alda","NE","68810-0167","308-382-5902","","82 truck parking spaces. 7 showers. 2 service bays. 6 diesel lanes. On site: Country Pride. Weigh scale on site (brand unconfirmed)","40.7998","-98.496","82","yes","yes","yes","yes","","yes","","","","",""
"TA Pembroke","truck-stops","8420 Alleghany","Corfu","NY","14036-0276","585-599-4577","","132 truck parking spaces. 6 showers. 6 service bays. 8 diesel lanes. On site: Country Pride. Weigh scale on site (brand unconfirmed)","43.0059","-78.4056","132","yes","yes","yes","yes","","yes","","","","",""
"TA Vero Beach","truck-stops","8909 20th Street","Vero Beach","FL","32966","772-562-1791","","162 truck parking spaces. 9 showers. 6 service bays. 8 diesel lanes. On site: Popeyes, Subway. Weigh scale on site (brand unconfirmed)","27.6381","-80.511","162","yes","yes","yes","yes","","yes","","","","",""
"TA Troy","truck-stops","819 Edwardsville Rd.","Troy","IL","62294","618-667-9931","","92 truck parking spaces. 7 showers. 5 service bays. 8 diesel lanes. On site: Baskin Robbins, Dunkin'. Weigh scale on site (brand unconfirmed)","38.7338","-89.9098","92","yes","yes","yes","yes","","yes","","","","",""
"TA Davy Crockett Travel Center","truck-stops","195 Van Hill Road","Greeneville","TN","37745","423-234-4451","","245 truck parking spaces. 10 showers. 6 service bays. 8 diesel lanes. On site: IHOP; Dunkin', Papa John's Pizza. Weigh scale on site (brand unconfirmed)","36.3254","-82.8354","245","yes","yes","yes","yes","","yes","","","","",""
"TA Binghamton","truck-stops","753 Upper Court Street","Binghamton","NY","13904","607-775-3500","","125 truck parking spaces. 6 showers. 3 service bays. 6 diesel lanes. On site: Country Pride. Weigh scale on site (brand unconfirmed)","42.1013","-75.8418","125","yes","yes","yes","yes","","yes","","","","",""
"TA Dansville","truck-stops","9616 Commerce Drive","Dansville","NY","14437","585-335-6023","","102 truck parking spaces. 5 showers. 2 service bays. 8 diesel lanes. On site: Country Pride. Weigh scale on site (brand unconfirmed)","42.5662","-77.7195","102","yes","yes","yes","yes","","yes","","","","",""
"TA Maybrook","truck-stops","125 Neelytown Road","Montgomery","NY","12549","845-457-3163","","160 truck parking spaces. 11 showers. 5 service bays. 10 diesel lanes. On site: Country Pride; Pizza Hut Express. Weigh scale on site (brand unconfirmed)","41.5042","-74.2207","160","yes","yes","yes","yes","","yes","","","","",""
"TA Greenland","truck-stops","108 Ocean Road","Greenland","NH","03840","603-436-3636","","72 truck parking spaces. 7 showers. 8 diesel lanes. On site: Country Pride. Weigh scale on site (brand unconfirmed)","43.0431","-70.8182","72","yes","yes","yes","yes","","","","","","",""
"TA Bloomsburg","truck-stops","6 Buckhorn Road","Bloomsburg","PA","17815","570-784-9400","","190 truck parking spaces. 13 showers. 4 service bays. 11 diesel lanes. On site: Country Pride; Subway. Weigh scale on site (brand unconfirmed)","41.0143","-76.4928","190","yes","yes","yes","yes","","yes","","","","",""
"TA Greencastle","truck-stops","10835 John Wayne Drive","Greencastle","PA","17225","717-597-7762","","190 truck parking spaces. 14 showers. 4 service bays. 12 diesel lanes. On site: Country Pride. Weigh scale on site (brand unconfirmed)","39.7846","-77.7126","190","yes","yes","yes","yes","","yes","","","","",""
"TA Milesburg","truck-stops","875 N. Eagle Valley Rd.","Milesburg","PA","16853","814-355-7561","","122 truck parking spaces. 4 showers. 8 diesel lanes. On site: Country Pride; Subway. Weigh scale on site (brand unconfirmed)","40.9589","-77.763","122","yes","yes","yes","yes","","yes","","","","",""
"TA Harborcreek","truck-stops","4050 Depot Road","Erie","PA","16510","814-899-1919","","266 truck parking spaces. 11 showers. 6 service bays. 10 diesel lanes. On site: IHOP; Pizza Hut Express, Subway. Truck wash: Blue Beacon Truck Wash. Weigh scale on site (brand unconfirmed)","42.1409","-79.9246","266","yes","yes","yes","yes","","yes","","","","",""
"TA Porter","truck-stops","1600 West US Hwy 20","Porter","IN","46304","219-926-8566","","212 truck parking spaces. 9 showers. 6 service bays. 12 diesel lanes. On site: Popeyes, Taco Bell & Pizza Hut Express. Weigh scale on site (brand unconfirmed)","41.6125","-87.0985","212","yes","yes","yes","yes","","yes","","","","",""
"TA Candler","truck-stops","153 Wiggins Road","Candler","NC","28715","828-665-1156","","106 truck parking spaces. 8 showers. 4 service bays. 8 diesel lanes. On site: Country Pride. Weigh scale on site (brand unconfirmed)","35.5432","-82.754","106","yes","yes","yes","yes","","yes","","","","",""
"TA Prescott","truck-stops","1806 Hwy 371 West","Prescott","AR","71857","870-887-8900","","292 truck parking spaces. 11 showers. 7 service bays. 10 diesel lanes. On site: Subway, Taco Bell. Weigh scale on site (brand unconfirmed)","33.8112","-93.427","292","yes","yes","yes","yes","","yes","","","","",""
"TA Tonopah","truck-stops","1010 N. 339th Avenue","Tonopah","AZ","85354","623-386-6443","","407 truck parking spaces. 18 showers. 5 service bays. 12 diesel lanes. On site: Black Bear Diner; Subway, Taco Bell & Pizza Hut Express. Weigh scale on site (brand unconfirmed)","33.4587","-112.7823","407","yes","yes","yes","yes","","yes","","","","",""
"TA Willcox","truck-stops","1501 North Fort Grant Road","Willcox","AZ","85643","520-384-5311","","229 truck parking spaces. 10 showers. 5 service bays. 8 diesel lanes. On site: Country Pride; Popeyes, Subway. Weigh scale on site (brand unconfirmed)","32.2688","-109.8479","229","yes","yes","yes","yes","","yes","","","","",""
"TA Barstow","truck-stops","2930 Lenwood Road","Barstow","CA","92311","760-253-2922","","303 truck parking spaces. 17 showers. 7 service bays. 16 diesel lanes. On site: Black Bear Diner; Subway. Weigh scale on site (brand unconfirmed)","34.8537","-117.0888","303","yes","yes","yes","yes","","yes","","","","",""
"TA Limon","truck-stops","2200 Ninth Street","Limon","CO","80828","719-775-2811","","104 truck parking spaces. 8 showers. 5 service bays. 8 diesel lanes. On site: Country Pride; Subway. Weigh scale on site (brand unconfirmed)","39.271","-103.7067","104","yes","yes","yes","yes","","yes","","","","",""
"TA Moriarty","truck-stops","1700 U.S. Route 66 West","Moriarty","NM","87035","505-832-4421","","245 truck parking spaces. 10 showers. 4 service bays. 10 diesel lanes. On site: Country Pride; Burger King, Pizza Hut Express. Weigh scale on site (brand unconfirmed)","35.0095","-106.065","245","yes","yes","yes","yes","","yes","","","","",""
"TA Big Spring","truck-stops","704 West Interstate 20","Big Spring","TX","79720","432-264-4444","","108 truck parking spaces. 9 showers. 5 service bays. 6 diesel lanes. On site: IHOP; Popeyes, Subway. Weigh scale on site (brand unconfirmed)","32.2648","-101.49","108","yes","yes","yes","yes","","yes","","","","",""
"TA Ganado","truck-stops","802 E. York, Hwy 59","Ganado","TX","77962","361-541-5575","","104 truck parking spaces. 9 showers. 5 service bays. 8 diesel lanes. On site: Burger King, Subway. Weigh scale on site (brand unconfirmed)","29.0496","-96.5034","104","yes","yes","yes","yes","","yes","","","","",""
"TA New Braunfels","truck-stops","4817 I-35 North","New Braunfels","TX","78130","830-608-9395","","220 truck parking spaces. 13 showers. 6 service bays. 10 diesel lanes. On site: Black Bear Diner; Popeyes, Subway. Weigh scale on site (brand unconfirmed)","29.7489","-98.0579","220","yes","yes","yes","yes","","yes","","","","",""
"TA Terrell","truck-stops","1700 Wilson Road","Terrell","TX","75161","972-563-6939","","300 truck parking spaces. 12 showers. 5 service bays. 12 diesel lanes. On site: Pizza Hut Express, Subway. Weigh scale on site (brand unconfirmed)","32.6908","-96.2441","300","yes","yes","yes","yes","","yes","","","","",""
"TA Rawlins","truck-stops","1400 Higley Blvd., Exit 214","Rawlins","WY","82301","307-324-8722","","188 truck parking spaces. 12 showers. 4 service bays. 12 diesel lanes. On site: Country Pride; Subway. Weigh scale on site (brand unconfirmed)","41.7762","-107.2243","188","yes","yes","yes","yes","","yes","","","","",""
"TA Edinburg","truck-stops","8301 N.Hwy. 281","Edinburg","TX","78541-7060","956-383-0788","","105 truck parking spaces. 5 showers. 2 service bays. 5 diesel lanes. On site: Tule Tree Legendary Burritos. Weigh scale on site (brand unconfirmed)","26.3845","-98.1435","105","yes","yes","yes","yes","","yes","","","","",""
"TA Morris","truck-stops","21 Romines Drive","Morris","IL","60450","815-942-5690","","292 truck parking spaces. 6 showers. 4 service bays. 8 diesel lanes. On site: Black Bear Diner; Charleys Philly Steaks. Weigh scale on site (brand unconfirmed)","41.3917","-88.4203","292","yes","yes","yes","yes","","yes","","","","",""
"TA Greenwood","truck-stops","8560 Greenwood Rd","Greenwood","LA","71033","318-938-5411","","177 truck parking spaces. 10 showers. 4 service bays. 9 diesel lanes. On site: KFC, Subway. Weigh scale on site (brand unconfirmed)","32.4461","-93.9493","177","yes","yes","yes","yes","","yes","","","","",""
"Petro Columbia","truck-stops","2154 S. Beltline Blvd.","Columbia","SC","29201","803-908-4889","","134 truck parking spaces. 10 showers. 6 service bays. 8 diesel lanes. On site: Quaker Steak & Lube; Starbucks. Weigh scale on site (brand unconfirmed)","33.9533","-80.9896","134","yes","yes","yes","yes","","yes","","","","",""
"TA Wheeler Ridge","truck-stops","5552 South Wheeler Ridge Road","Arvin","CA","93203","661-858-2804","","306 truck parking spaces. 10 showers. 4 service bays. 8 diesel lanes. On site: Black Bear Diner; Burger King, Pizza Hut Express, Popeyes, Subway, Taco Bell. Truck wash: Blue Beacon Truck Wash. Weigh scale on site (brand unconfirmed)","34.992","-118.9412","306","yes","yes","yes","yes","","yes","","","","",""
"TA DeMotte","truck-stops","11166 West State Road 10","DeMotte","IN","46310","219-507-7013","","133 truck parking spaces. 6 showers. 4 service bays. 7 diesel lanes. On site: Burger King. Weigh scale on site (brand unconfirmed)","41.1456","-87.2597","133","yes","yes","yes","yes","","yes","","","","",""
"TA Battle Creek","truck-stops","15874 Eleven Mile Rd.","Battle Creek","MI","49014","269-965-7721","","157 truck parking spaces. 6 showers. 5 service bays. 9 diesel lanes. On site: Country Pride. Weigh scale on site (brand unconfirmed)","42.3029","-85.0811","157","yes","yes","yes","","","yes","","","","",""
"TA Holbrook","truck-stops","3747 Express Drive","Holbrook","AZ","86025","928-524-3006","","75 truck parking spaces. 9 showers. 4 service bays. 8 diesel lanes. On site: Popeyes. Weigh scale on site (brand unconfirmed)","34.9054","-110.2108","75","yes","yes","yes","yes","","yes","","","","",""
"TA Baldwin","truck-stops","1024 US 301 South","Baldwin","FL","32234","904-266-4281","","90 truck parking spaces. 6 showers. 2 service bays. 6 diesel lanes. On site: Arby's. Weigh scale on site (brand unconfirmed)","30.2855","-81.9841","90","yes","yes","yes","yes","","yes","","","","",""
"TA Jacksonville South","truck-stops","1650 C.R. 210 West","Jacksonville","FL","32259-2011","904-829-3946","","87 truck parking spaces. 6 showers. 3 service bays. 7 diesel lanes. On site: Popeyes, Subway. Weigh scale on site (brand unconfirmed)","30.0661","-81.4961","87","yes","yes","yes","yes","","yes","","","","",""
"TA Mocksville","truck-stops","1670 US Hwy 601 N","Mocksville","NC","27028","336-751-3815","","130 truck parking spaces. 7 showers. 3 service bays. 8 diesel lanes. On site: Popeyes. Weigh scale on site (brand unconfirmed)","35.925","-80.5917","130","yes","yes","yes","yes","","yes","","","","",""
"TA Beto Junction","truck-stops","2775 Highway 75","Lebo","KS","66856","620-256-6311","","226 truck parking spaces. 8 showers. 3 service bays. 7 diesel lanes. On site: Country Pride; Wendy's. Weigh scale on site (brand unconfirmed)","38.4276","-95.7272","226","yes","yes","yes","yes","","yes","","","","",""
"TA West Greenwich","truck-stops","849 Victory Hwy West","West Greenwich","RI","02817","401-397-7774","","180 truck parking spaces. 6 showers. 3 service bays. 6 diesel lanes. On site: Popeyes. Weigh scale on site (brand unconfirmed)","41.6081","-71.6638","180","yes","yes","yes","yes","","yes","","","","",""
"TA Brooklyn","truck-stops","4124 V18 Rd.","Brooklyn","IA","52211","641-631-0047","","70 truck parking spaces. 5 showers. 4 service bays. 7 diesel lanes. On site: Country Pride; Hunt Brothers Pizza. Weigh scale on site (brand unconfirmed)","41.6978","-92.4459","70","yes","yes","yes","yes","","yes","","","","",""
"TA Clayton","truck-stops","10346 S. State Road 39","Clayton","IN","46118-9184","317-539-6515","","100 truck parking spaces. 6 showers. 2 service bays. 8 diesel lanes. On site: Country Pride. Weigh scale on site (brand unconfirmed)","39.6113","-86.4807","100","yes","yes","yes","yes","","yes","","","","",""
"TA Express Alexander","truck-stops","14256 US-85","Alexander","ND","58831","701-707-1770","","55 truck parking spaces. 6 showers. 6 diesel lanes. On site: Champs Chicken. Weigh scale on site (brand unconfirmed)","47.8053","-103.6452","55","yes","yes","yes","yes","","","","","","",""
"TA Laurel","truck-stops","11360 South Frontage Road","Laurel","MT","59044","406-628-4324","","80 truck parking spaces. 4 showers. 5 diesel lanes. On site: TA Cafe. Weigh scale on site (brand unconfirmed)","45.6823","-108.7038","80","yes","yes","yes","yes","","","","","","",""
"TA Denton","truck-stops","6420 North I-35","Denton","TX","76207","940-383-1458","","138 truck parking spaces. 7 showers. 6 service bays. 8 diesel lanes. On site: Burger King, Pizza Hut. Weigh scale on site (brand unconfirmed)","33.2622","-97.1767","138","yes","yes","yes","yes","","yes","","","","",""
"TA Atlanta South","truck-stops","122 Truckstop Way","Jackson","GA","30233-0967","770-775-2076","","108 truck parking spaces. 8 showers. 4 service bays. 8 diesel lanes. On site: IHOP; Subway. Weigh scale on site (brand unconfirmed)","33.2065","-84.0585","108","yes","yes","yes","yes","","yes","","","","",""
"TA Bernardo","truck-stops","6701 US Hwy 90","Sealy","TX","77474","979-732-2986","","43 truck parking spaces. 5 showers. 8 diesel lanes. On site: Carl's Jr., Dunkin'. Weigh scale on site (brand unconfirmed)","29.7427","-96.3301","43","yes","yes","yes","yes","","","","","","",""
"TA Express Steele","truck-stops","620 Mitchell Avenue North","Steele","ND","58482","701-475-2274","","70 truck parking spaces. 6 showers. 1 service bays. 7 diesel lanes. On site: Caribou Coffee, Cinnabon, Pizza Hut Express, Subway","46.8618","-99.9157","70","yes","yes","yes","yes","","yes","","","","",""
"TA Express Hot Springs","truck-stops","27638 US 385","Hot Springs","SD","57747","605-745-4215","","75 truck parking spaces. 2 showers. 4 diesel lanes. On site: Cinnabon, Pizza Hut, Subway. Weigh scale on site (brand unconfirmed)","43.3986","-103.3958","75","yes","yes","yes","yes","","","","","","",""
"TA Express Summit","truck-stops","45789 US Hwy 12","Summit","SD","57266","605-398-6493","","70 truck parking spaces. 4 showers. 4 service bays. 8 diesel lanes. On site: Caribou Coffee, Cinnabon, Pizza Hut Express, Subway. Weigh scale on site (brand unconfirmed)","45.3112","-97.04626","70","yes","yes","yes","yes","","yes","","","","",""
"TA Express Vermillion","truck-stops","47051 SD Hwy 50","Burbank","SD","57010","605-624-2062","","105 truck parking spaces. 5 showers. 8 diesel lanes. On site: Caribou Coffee, Cinnabon, Pizza Hut Express, Subway. Weigh scale on site (brand unconfirmed)","42.785","-96.797","105","yes","yes","yes","yes","","","","","","",""
"TA Huntington","truck-stops","5945 US Hwy 30","Huntington","OR","97907","541-869-2301","","140 truck parking spaces. 6 showers. 8 diesel lanes. On site: Miss J's","44.29342","-117.22491","140","yes","yes","yes","yes","","","","","","",""
"TA Express Baytown South","truck-stops","5490 N Hwy 146","Baytown","TX","77523","409-277-3841","","29 truck parking spaces. 3 showers. 4 diesel lanes. On site: Miss J's, Schlotzsky’s. Weigh scale on site (brand unconfirmed)","29.77736","-94.91346","29","yes","yes","yes","yes","","","","","","",""
"TA Express Biggs Junction","truck-stops","91464 Biggs-Rufus Hwy","Wasco","OR","97065","541-739-2106","","35 truck parking spaces. 7 showers. 8 diesel lanes. On site: Krispy Krunchy Chicken, Pizza Hut, Taco Bell","45.66881","-120.83487","35","yes","yes","yes","yes","","","","","","",""
"TA Express Kilgore","truck-stops","4403 TX - 42","Kilgore","TX","75662","430-253-2656","","63 truck parking spaces. 7 showers. 6 diesel lanes. On site: Baskin Robbins, Dunkin', Miss J’s Café, Wendy's","32.428842","-94.864307","63","yes","yes","yes","yes","","","","","","",""
"TA Express Almeda","truck-stops","12602 South Freeway","Almeda","TX","77047","713-788-8639","","50 truck parking spaces. 3 showers. 4 diesel lanes. On site: Miss J’s Café, Subway. Weigh scale on site (brand unconfirmed)","29.6141","-95.38816","50","yes","yes","yes","","","","","","","",""
"TA Express West Point","truck-stops","3000 Kia Blvd","West Point","GA","31833","706-984-9499","","26 truck parking spaces. 4 showers. 6 diesel lanes. On site: Miss J’s Café, Starbucks. Weigh scale on site (brand unconfirmed)","32.93035","-85.11613","26","yes","yes","yes","","","","","","","",""
"TA Express Edgerton","truck-stops","32501 W 200th Street","Edgerton","KS","66021","913-882-3362","","90 truck parking spaces. 4 showers. 6 diesel lanes. On site: IHOP; Goodcents, Miss J’s Café","38.76281","-94.96248","90","yes","yes","yes","yes","","","","","","",""
"TA Express Mount Vernon","truck-stops","300 SE Access Rd","Mount Vernon","TX","75457","903-537-9200","","110 truck parking spaces. 6 showers. 4 service bays. 9 diesel lanes. On site: Taco Casa; Cotton Belt Bbq, Duke's Bakery, Pickadilly Circus Pizza, The Original Fried Pie Shop","33.14914","-95.20939","110","yes","yes","yes","yes","","yes","","","","",""
"TA Lake City","truck-stops","14197 South US HWY 441","Lake City","FL","32024","386-202-6500","","250 truck parking spaces. 14 showers. 5 service bays. 9 diesel lanes. On site: Roadhouse Chicken Co.; Sbarro. Weigh scale on site (brand unconfirmed)","29.99558","-82.59672","250","yes","yes","yes","yes","","yes","","","","",""
"TA Express Nacogdoches","truck-stops","2615 NW Stallings Drive","Nacogdoches","TX","75964","936-234-7998","","95 truck parking spaces. 5 showers. 5 diesel lanes. On site: Denny's; Miss J’s Café","31.65211","-94.67876","95","yes","yes","yes","yes","","","","","","",""
"TA Express Fairfield","truck-stops","1015 West Commerce St","Fairfield","TX","75840","903-915-8296","","102 truck parking spaces. 9 showers. 8 diesel lanes. On site: Miss J's, The Original Fried Pie Shop, Whataburger. Weigh scale on site (brand unconfirmed)","31.72559","-96.17767","102","yes","yes","yes","yes","","","","","","",""
"TA Express White Hills","truck-stops","19210 US Hwy 93","White Hills","AZ","86445","928-285-2431","","67 truck parking spaces. 7 showers. 7 diesel lanes. On site: Carl's Jr., Del Taco, Einstein Bagels, Sbarro. Weigh scale on site (brand unconfirmed)","35.684","-114.4672","67","yes","yes","yes","yes","","","","","","",""
"TA Express Carthage","truck-stops","1086 US 59 South","Carthage","TX","75633","903-690-0272","","76 truck parking spaces. 4 showers. 5 diesel lanes. On site: Denny's","32.12982","-94.3326","76","yes","yes","yes","yes","","","","","","",""
"Petro El Paso","truck-stops","1295 Horizon Blvd.","El Paso","TX","79927","915-790-4529","","290 truck parking spaces. 15 showers. 6 service bays. 12 diesel lanes. On site: Black Bear Diner. Truck wash: Blue Beacon Truck Wash. Weigh scale on site (brand unconfirmed)","31.6609","-106.2424","290","yes","yes","yes","yes","","yes","","","","",""
"Petro Weatherford","truck-stops","2001 Santa Fe Dr","Weatherford","TX","76086","817-599-9411","","275 truck parking spaces. 16 showers. 5 service bays. 12 diesel lanes. On site: Iron Skillet; Popeyes. Weigh scale on site (brand unconfirmed)","32.7389","-97.7654","275","yes","yes","yes","yes","","yes","","","","",""
"Petro Laramie","truck-stops","1855 West Curtis","Laramie","WY","82070","307-745-6480","","236 truck parking spaces. 14 showers. 5 service bays. 12 diesel lanes. On site: Iron Skillet. Truck wash: Blue Beacon Truck Wash. Weigh scale on site (brand unconfirmed)","41.3287","-105.6194","236","yes","yes","yes","yes","","yes","","","","",""
"Petro Beaumont","truck-stops","5405 Walden Rd","Beaumont","TX","77705","409-842-9600","","275 truck parking spaces. 13 showers. 6 service bays. 12 diesel lanes. On site: Black Bear Diner. Truck wash: Blue Beacon Truck Wash. Weigh scale on site (brand unconfirmed)","30.037","-94.1561","275","yes","yes","yes","yes","","yes","","","","",""
"Petro San Antonio","truck-stops","1112 Ackerman Road","San Antonio","TX","78219","210-661-9416","","250 truck parking spaces. 13 showers. 7 service bays. 12 diesel lanes. On site: Black Bear Diner. Truck wash: Blue Beacon Truck Wash. Weigh scale on site (brand unconfirmed)","29.4376","-98.3799","250","yes","yes","yes","yes","","yes","","","","",""
"Petro Eloy","truck-stops","5235 N. Sunland Gin Rd.","Casa Grande","AZ","85131","520-836-3983","","175 truck parking spaces. 10 showers. 4 service bays. 11 diesel lanes. On site: Black Bear Diner. Truck wash: Blue Beacon Truck Wash. Weigh scale on site (brand unconfirmed)","32.8124","-111.6702","175","yes","yes","yes","yes","","yes","","","","",""
"Petro Amarillo","truck-stops","8500 E I-40 @ Lakeside Drive","Amarillo","TX","79118","806-372-4899","","280 truck parking spaces. 22 showers. 5 service bays. 12 diesel lanes. On site: Iron Skillet. Weigh scale on site (brand unconfirmed)","35.1917","-101.7437","280","yes","yes","yes","yes","","yes","","","","",""
"Petro Shreveport","truck-stops","6910 W Bert Kouns Industrial Loop","Shreveport","LA","71129","318-686-6111","","218 truck parking spaces. 15 showers. 5 service bays. 12 diesel lanes. On site: Iron Skillet. Weigh scale on site (brand unconfirmed)","32.4446","-93.901","218","yes","yes","yes","yes","","yes","","","","",""
"Petro Corning","truck-stops","2151 South Avenue","Corning","CA","96021","530-824-4685","","120 truck parking spaces. 14 showers. 6 service bays. 12 diesel lanes. On site: Iron Skillet. Weigh scale on site (brand unconfirmed)","39.9059","-122.1967","120","yes","yes","yes","yes","","yes","","","","",""
"Petro Hammond","truck-stops","2100 S.W. Railroad Ave.","Hammond","LA","70403","985-542-4981","","200 truck parking spaces. 12 showers. 4 service bays. 12 diesel lanes. On site: Iron Skillet. Truck wash: Blue Beacon Truck Wash. Weigh scale on site (brand unconfirmed)","30.477","-90.4579","200","yes","yes","yes","yes","","yes","","","","",""
"Petro W. Memphis","truck-stops","3900 Petro Road","West Memphis","AR","72301","870-702-5540","","280 truck parking spaces. 17 showers. 6 service bays. 12 diesel lanes. On site: IHOP. Weigh scale on site (brand unconfirmed)","35.1544","-90.136","280","yes","yes","yes","yes","","yes","","","","",""
"Petro Milan","truck-stops","1430 Motel Drive","Milan","NM","87021","505-285-6648","","200 truck parking spaces. 13 showers. 3 service bays. 12 diesel lanes. On site: Iron Skillet. Weigh scale on site (brand unconfirmed)","35.181","-107.9038","200","yes","yes","yes","yes","","yes","","","","",""
"Petro Bordentown","truck-stops","402 Rising Sun Square Road","Bordentown","NJ","08505","609-298-6070","","490 truck parking spaces. 20 showers. 6 service bays. 12 diesel lanes. On site: Iron Skillet; Arby's. Truck wash: Blue Beacon Truck Wash. Weigh scale on site (brand unconfirmed)","40.1234","-74.7131","490","yes","yes","yes","yes","","yes","","","","",""
"Petro Kingman","truck-stops","970 South Blake Ranch Road","Kingman","AZ","86401","928-681-5246","","280 truck parking spaces. 17 showers. 5 service bays. 12 diesel lanes. On site: Iron Skillet; Dunkin'. Weigh scale on site (brand unconfirmed)","35.1779","-113.7887","280","yes","yes","yes","yes","","yes","","","","",""
"Petro Oklahoma City","truck-stops","20 Martin Luther King Blvd","Oklahoma City","OK","73117","405-228-7040","","280 truck parking spaces. 14 showers. 5 service bays. 12 diesel lanes. On site: Iron Skillet. Weigh scale on site (brand unconfirmed)","35.4662","-97.4755","280","yes","yes","yes","yes","","yes","","","","",""
"Petro Perrysburg","truck-stops","26416 Baker Rd.","Perrysburg","OH","43551","419-443-1800","","375 truck parking spaces. 14 showers. 4 service bays. 12 diesel lanes. On site: Fork and Compass. Truck wash: Blue Beacon Truck Wash. Weigh scale on site (brand unconfirmed)","41.5355","-83.4664","375","yes","yes","yes","yes","","yes","","","","",""
"Petro Kingdom City","truck-stops","3304 Gold Road","Kingdom City","MO","65262","573-642-0676","","235 truck parking spaces. 15 showers. 5 service bays. 12 diesel lanes. On site: Iron Skillet. Weigh scale on site (brand unconfirmed)","38.9405","-91.9399","235","yes","yes","yes","yes","","yes","","","","",""
"Petro Bucksville","truck-stops","22526 Highway 216","McCalla","AL","35111","205-477-9178","","255 truck parking spaces. 14 showers. 5 service bays. 12 diesel lanes. On site: Iron Skillet; Popeyes. Weigh scale on site (brand unconfirmed)","33.2796","-87.0919","255","yes","yes","yes","yes","","yes","","","","",""
"Petro Girard","truck-stops","1 Petro Place","Girard","OH","44420","330-505-3700","","323 truck parking spaces. 14 showers. 5 service bays. 14 diesel lanes. On site: Iron Skillet. Weigh scale on site (brand unconfirmed)","41.1408","-80.7172","323","yes","yes","yes","yes","","yes","","","","",""
"Petro Effingham","truck-stops","1805 West Fayette Ave","Effingham","IL","62401","217-347-0480","","212 truck parking spaces. 19 showers. 5 service bays. 14 diesel lanes. On site: IHOP. Weigh scale on site (brand unconfirmed)","39.1197","-88.5723","212","yes","yes","yes","yes","","yes","","","","",""
"Petro Atlanta","truck-stops","3181 Donald Lee Hollowell Pkwy.","Atlanta","GA","30318","404-794-7772","","411 truck parking spaces. 14 showers. 6 service bays. 16 diesel lanes. On site: Iron Skillet; Burger King. Weigh scale on site (brand unconfirmed)","33.7865","-84.4905","411","yes","yes","yes","yes","","yes","","","","",""
"Petro Ocala","truck-stops","7401 West Hwy 318","Reddick","FL","32686","352-591-1881","","270 truck parking spaces. 14 showers. 5 service bays. 12 diesel lanes. On site: Iron Skillet; Wendy's. Weigh scale on site (brand unconfirmed)","29.409","-82.2462","270","yes","yes","yes","yes","","yes","","","","",""
"Petro Phoenix","truck-stops","3730 Fern Valley Rd.","Phoenix","OR","97535","541-535-3372","","87 truck parking spaces. 6 showers. 4 service bays. 8 diesel lanes. On site: Iron Skillet. Weigh scale on site (brand unconfirmed)","42.2795","-122.8116","87","yes","yes","yes","yes","","yes","","","","",""
"Petro North Baltimore","truck-stops","12906 Deshler Rd.","North Baltimore","OH","45872","419-257-3744","","250 truck parking spaces. 10 showers. 5 service bays. 14 diesel lanes. On site: IHOP; Taco Bell & Pizza Hut Express. Weigh scale on site (brand unconfirmed)","41.1738","-83.6475","250","yes","yes","yes","yes","","yes","","","","",""
"Petro N. Little Rock","truck-stops","3205 Valentine Road","North Little Rock","AR","72117","501-945-3206","","250 truck parking spaces. 14 showers. 6 service bays. 10 diesel lanes. On site: Iron Skillet. Weigh scale on site (brand unconfirmed)","34.781","-92.1298","250","yes","yes","yes","yes","","yes","","","","",""
"Petro Wheeler Ridge","truck-stops","5821 Dennis McCarthy Dr.","Lebec","CA","93243","661-663-4341","","415 truck parking spaces. 19 showers. 6 service bays. 12 diesel lanes. On site: IHOP; Arby's, Baskin Robbins, Subway, Wendy's. Weigh scale on site (brand unconfirmed)","34.9861","-118.9481","415","yes","yes","yes","yes","","yes","","","","",""
"Petro Mebane","truck-stops","500 Buckhorn Road","Mebane","NC","27302","919-304-7476","","285 truck parking spaces. 19 showers. 5 service bays. 12 diesel lanes. On site: IHOP; Dunkin'. Weigh scale on site (brand unconfirmed)","36.0772","-79.2251","285","yes","yes","yes","yes","","yes","","","","",""
"Petro Glendale","truck-stops","554 W. Glendale Hodgenville Road","Glendale","KY","42740","270-369-6840","","263 truck parking spaces. 19 showers. 5 service bays. 12 diesel lanes. On site: Iron Skillet. Truck wash: Blue Beacon Truck Wash. Weigh scale on site (brand unconfirmed)","37.5984","-85.8734","263","yes","yes","yes","yes","","yes","","","","",""
"Petro North Las Vegas","truck-stops","6595 North Hollywood Blvd","North Las Vegas","NV","89115","702-632-2640","","207 truck parking spaces. 16 showers. 5 service bays. 12 diesel lanes. On site: Iron Skillet; Dunkin'. Weigh scale on site (brand unconfirmed)","36.2797","-115.0261","207","yes","yes","yes","yes","","yes","","","","",""
"TA Hillsboro","truck-stops","160 State Hwy 77","Hillsboro","TX","76645","254-283-6556","","201 truck parking spaces. 10 showers. 5 service bays. 8 diesel lanes. On site: IHOP; Burger King. Weigh scale on site (brand unconfirmed)","32.0455","-97.092","201","yes","yes","yes","yes","","yes","","","","",""
"Petro Carlisle","truck-stops","1201 Harrisburg Ave, Route 11","Carlisle","PA","17013","717-249-1919","","380 truck parking spaces. 20 showers. 6 service bays. 12 diesel lanes. On site: Iron Skillet. Weigh scale on site (brand unconfirmed)","40.2319","-77.1418","380","yes","yes","yes","yes","","yes","","","","",""
"Petro Sparks","truck-stops","1950 East Greg St.","Sparks","NV","89431","775-355-8888","","400 truck parking spaces. 14 showers. 5 service bays. 10 diesel lanes. On site: Iron Skillet. Weigh scale on site (brand unconfirmed)","39.5233","-119.7087","400","yes","yes","yes","yes","","yes","","","","",""
"Petro Spokane","truck-stops","10506 West Aero Road","Spokane","WA","99224","509-842-1100","","200 truck parking spaces. 11 showers. 5 service bays. 10 diesel lanes. On site: Iron Skillet; Starbucks. Weigh scale on site (brand unconfirmed)","47.5906","-117.5612","200","yes","yes","yes","yes","","yes","","","","",""
"Petro Kingsland","truck-stops","1105 East King Avenue","Kingsland","GA","31548","912-882-3111","","136 truck parking spaces. 5 showers. 5 service bays. 9 diesel lanes. On site: Popeyes. Weigh scale on site (brand unconfirmed)","30.7942","-81.6662","136","yes","yes","yes","yes","","yes","","","","",""
"Petro Santa Nella","truck-stops","28991 West Gonzaga","Santa Nella","CA","95322","209-827-8025","","124 truck parking spaces. 7 showers. 12 diesel lanes. On site: Burger King. Weigh scale on site (brand unconfirmed)","37.0547","-121.0155","124","yes","yes","yes","yes","","","","","","",""
"TA Truck Service Franklin","truck-stops","101 Trotter Lane","Franklin","KY","42134","270-586-0877","","4 service bays","36.7163","-86.5244","","","","","","","yes","","","","",""
"Petro Kingston Springs","truck-stops","162 Luyben Hills Road","Kingston Springs","TN","37082","615-952-3208","","68 truck parking spaces. 6 showers. 4 service bays. 8 diesel lanes. On site: Iron Skillet. Weigh scale on site (brand unconfirmed)","36.0824","-87.0955","68","yes","yes","yes","yes","","yes","","","","",""
"TA Express Vinton","truck-stops","601 Westway Blvd.","Canutillo","TX","79835","915-886-5761","","65 truck parking spaces. 6 showers. 5 service bays. 7 diesel lanes. On site: Subway. Weigh scale on site (brand unconfirmed)","31.9581","-106.58","65","yes","yes","yes","yes","","yes","","","","",""
"Petro Gadsden","truck-stops","1724 West Grand Avenue","Gadsden","AL","35904","256-413-7135","","162 truck parking spaces. 9 showers. 6 service bays. 11 diesel lanes. On site: Hunt Brothers Pizza, Popeyes, Starbucks. Weigh scale on site (brand unconfirmed)","33.9956","-86.0827","162","yes","yes","yes","yes","","yes","","","","",""
"Petro Joplin","truck-stops","4240 Highway 43","Joplin","MO","64804","417-624-3400","","465 truck parking spaces. 18 showers. 8 service bays. 12 diesel lanes. On site: Black Bear Diner; Blimpie, Dairy Queen, Mcdonald's, Starbucks, Taco Bell & Pizza Hut Express. Weigh scale on site (brand unconfirmed)","37.0072","-94.5523","465","yes","yes","yes","yes","","yes","","","","",""
"Petro New Paris","truck-stops","9787 US Route 40 West","New Paris","OH","45347","937-637-7800","","197 truck parking spaces. 13 showers. 4 service bays. 12 diesel lanes. On site: Iron Skillet. Truck wash: Blue Beacon Truck Wash. Weigh scale on site (brand unconfirmed)","39.8346","-84.8111","197","yes","yes","yes","yes","","yes","","","","",""
"Petro Rochelle","truck-stops","900 Petro Rd","Rochelle","IL","61068","815-562-3716","","350 truck parking spaces. 16 showers. 5 service bays. 10 diesel lanes. On site: Iron Skillet; Hub City Express","41.9356","-89.0335","350","yes","yes","yes","","","yes","","","","",""
"Petro Fargo","truck-stops","4510 19th Ave S.W.","Fargo","ND","58103","701-282-8105","","209 truck parking spaces. 10 showers. 4 service bays. 16 diesel lanes. On site: Dolly Down; Charleys Philly Steaks, Cinnabon, Papa John's Pizza, Popeyes","46.8503","-96.8632","209","yes","yes","yes","yes","","yes","","","","",""
"Petro York","truck-stops","4700 S. Lincoln Ave.","York","NE","68467","402-362-1776","","250 truck parking spaces. 16 showers. 5 service bays. 10 diesel lanes. On site: Iron Skillet; Pizza Hut Express. Truck wash: Blue Beacon Truck Wash. Weigh scale on site (brand unconfirmed)","40.8182","-97.5989","250","yes","yes","yes","yes","","yes","","","","",""
"Petro Monee","truck-stops","5915 Monee Road","Monee","IL","60449","708-534-0400","","90 truck parking spaces. 8 showers. 5 service bays. 7 diesel lanes. Weigh scale on site (brand unconfirmed)","41.4258","-87.7549","90","yes","","yes","yes","","yes","","","","",""
"Petro Gary","truck-stops","3001 Grant Street","Gary","IN","46408","219-884-1133","","405 truck parking spaces. 15 showers. 6 service bays. 15 diesel lanes. On site: Iron Skillet; Taco Bell & Pizza Hut Express. Weigh scale on site (brand unconfirmed)","41.5638","-87.3557","405","yes","yes","yes","yes","","yes","","","","",""
"Petro Waterloo","truck-stops","1255 Route 414","Waterloo","NY","13165","315-220-6550","","221 truck parking spaces. 18 showers. 5 service bays. 12 diesel lanes. On site: Iron Skillet. Weigh scale on site (brand unconfirmed)","42.9653","-76.8454","221","yes","yes","yes","yes","","yes","","","","",""
"Petro Glade Spring","truck-stops","12433 Maple St.","Glade Spring","VA","24340","276-429-6000","","280 truck parking spaces. 8 showers. 5 service bays. 9 diesel lanes. On site: Arby's, Sbarro, Starbucks. Weigh scale on site (brand unconfirmed)","36.7708","-81.7793","280","yes","yes","yes","","","yes","","","","",""
"Petro Brazil","truck-stops","1035 W. State Road 42","Brazil","IN","47834","812-446-2296","","102 truck parking spaces. 8 showers. 4 service bays. 8 diesel lanes. On site: Iron Skillet. Weigh scale on site (brand unconfirmed)","39.4455","-87.127","102","yes","yes","yes","yes","","yes","","","","",""
"Petro Carnesville","truck-stops","10200 Old Federal Rd.","Carnesville","GA","30521","706-335-1984","","221 truck parking spaces. 18 showers. 5 service bays. 12 diesel lanes. On site: Iron Skillet. Truck wash: Blue Beacon Truck Wash. Weigh scale on site (brand unconfirmed)","34.3481","-83.3199","221","yes","yes","yes","","","yes","","","","",""
"Petro Scranton","truck-stops","98 Grove St.","DuPont","PA","18641","570-654-5111","","428 truck parking spaces. 22 showers. 6 service bays. 10 diesel lanes. On site: Iron Skillet/Metro Deli; Metro Deli. Weigh scale on site (brand unconfirmed)","41.3302","-75.7417","428","yes","yes","yes","yes","","yes","","","","",""
"Petro Greensburg","truck-stops","1409 South County Rd. 850 East","Greensburg","IN","47240","812-663-2333","","90 truck parking spaces. 8 showers. 3 service bays. 7 diesel lanes. On site: Iron Skillet. Weigh scale on site (brand unconfirmed)","39.3188","-85.326","90","yes","yes","yes","yes","","yes","","","","",""
"Petro Remington","truck-stops","4230 West Highway 24","Remington","IN","47977","219-261-2172","","150 truck parking spaces. 8 showers. 4 service bays. 8 diesel lanes. On site: Iron Skillet. Weigh scale on site (brand unconfirmed)","40.767","-87.1261","150","yes","yes","yes","yes","","yes","","","","",""
"Petro Deming","truck-stops","14150 STE C Hwy 418 SW","Deming","NM","88030","575-546-7070","","150 truck parking spaces. 9 showers. 3 service bays. 10 diesel lanes. On site: Iron Skillet; Starbucks. Weigh scale on site (brand unconfirmed)","32.2386","-107.9927","150","yes","yes","yes","yes","","yes","","","","",""
"Petro Colby","truck-stops","700 West Horton","Colby","KS","67701","785-460-0044","","90 truck parking spaces. 7 showers. 5 service bays. 7 diesel lanes. On site: City Wok Fresh Chinese, Qdoba Mexican Grill, Starbucks. Weigh scale on site (brand unconfirmed)","39.3617","-101.0537","90","yes","yes","yes","yes","","yes","","","","",""
"Petro Napoleon","truck-stops","900 American Road","Napoleon","OH","43545","567-694-9977","","107 truck parking spaces. 7 showers. 3 service bays. 8 diesel lanes. On site: Miss J's Diner; Miss J’s Café. Weigh scale on site (brand unconfirmed)","41.4178","-84.1045","107","yes","yes","yes","yes","","yes","","","","",""
"Petro Clearwater","truck-stops","950 State Highway 24","Clearwater","MN","55320","320-558-2261","","200 truck parking spaces. 7 showers. 8 diesel lanes. On site: Nelson Brothers. Weigh scale on site (brand unconfirmed)","45.4126","-94.0549","200","yes","yes","yes","yes","","","","","","",""
"Petro Wells","truck-stops","1440 6th Street","Wells","NV","89835","775-455-4305","","250 truck parking spaces. 5 showers. 3 service bays. 6 diesel lanes. On site: Iron Skillet; Dunkin'. Weigh scale on site (brand unconfirmed)","41.101","-114.9561","250","yes","yes","yes","yes","","yes","","","","",""
"Petro Albert Lea","truck-stops","820 Happy Trails Lane","Albert Lea","MN","56007","507-481-9434","","300 truck parking spaces. 10 showers. 7 service bays. 10 diesel lanes. On site: Skol Tavern; Caribou Coffee, Mcdonald's, Sbarro, Taco Bell. Truck wash: Truck Wash. Weigh scale on site (brand unconfirmed)","43.6571","-93.3174","300","yes","yes","yes","yes","","yes","","","","",""
"Petro Johnson's Corner","truck-stops","2842 SE Frontage Road","Johnstown","CO","80534","970-667-2069","","110 truck parking spaces. 6 showers. 6 diesel lanes. On site: Black Bear Diner. Weigh scale on site (brand unconfirmed)","40.363","-104.984","110","yes","yes","yes","yes","","","","","","",""
"Petro Wilmington","truck-stops","24225 W. Lorenzo Road","Wilmington","IL","60481","779-232-7975","","229 truck parking spaces. 9 showers. 5 service bays. 8 diesel lanes. On site: Charleys Philly Steaks, Highway Kitchen. Weigh scale on site (brand unconfirmed)","41.3454","-88.1974","229","yes","yes","yes","yes","","yes","","","","",""
"Petro Portage","truck-stops","North 5800 Kinney Rd.","Portage","WI","53901","608-742-6551","","300 truck parking spaces. 14 showers. 4 service bays. 12 diesel lanes. On site: Iron Skillet; Subway. Weigh scale on site (brand unconfirmed)","43.4864","-89.498","300","yes","yes","yes","yes","","yes","","","","",""
"TA Express Statesboro","truck-stops","2930 Highway 301 South","Register","GA","30452","912-480-0102","","125 truck parking spaces. 4 showers. 3 service bays. 8 diesel lanes. On site: Burger King. Weigh scale on site (brand unconfirmed)","32.3030701","-81.872155","125","yes","yes","yes","yes","","yes","","","","",""
"TA Ash Fork","truck-stops","950 W Old Highway 66","Ash Fork","AZ","86320","928-405-7788","","200 truck parking spaces. 12 showers. 14 diesel lanes. On site: Del Taco, KFC, Sbarro","35.22159","-112.497545","200","yes","yes","yes","yes","","","","","","",""
"TA Sweetwater","truck-stops","100 South Hopkins Rd","Sweetwater","TX","79556","325-235-8488","","110 truck parking spaces. 6 showers. 8 service bays. 8 diesel lanes. On site: Family Restaurant; Pizza Hut Express, Popeyes. Weigh scale on site (brand unconfirmed)","32.44859","-100.44327","110","yes","yes","yes","yes","","yes","","","","",""
"Petro Raphine","truck-stops","2440 Raphine Road","Raphine","VA","24472","540-377-2111","","725 truck parking spaces. 19 showers. 8 service bays. 16 diesel lanes. On site: Quaker Steak & Lube; Burger King, Nathan's Famous Express, Papa John's Pizza, Popeyes, Subway. Weigh scale on site (brand unconfirmed)","37.929","-79.2292","725","yes","yes","yes","yes","","yes","","","","",""
"TA Lexington","truck-stops","2516 N. Lee Highway","Lexington","VA","24450","540-463-3478","","250 truck parking spaces. 8 showers. 7 service bays. 8 diesel lanes. On site: IHOP. Weigh scale on site (brand unconfirmed)","37.8318","-79.3779","250","yes","yes","yes","yes","","yes","","","","",""
"TA Express Olancha","truck-stops","20 Gills Station Road","Olancha","CA","93549","760-961-4377","","70 truck parking spaces. 3 showers. 5 diesel lanes. On site: Chester Fried Chicken, Subway. Weigh scale on site (brand unconfirmed)","36.0477112117458","-117.945387358076","70","yes","yes","yes","yes","","","","","","",""
"TA Express Osseo","truck-stops","12613 Gunderson Road","Osseo","WI","54758","715-533-6884","","60 truck parking spaces. 6 showers. 7 diesel lanes. On site: Family Restaurant; Hunt Brothers Pizza, Miss J’s Café. Weigh scale on site (brand unconfirmed)","44.57829","-91.19926","60","yes","yes","yes","yes","","","","","","",""
"TA Express Riverton","truck-stops","2855 Overpass Road","Riverton","IL","62561","217-606-7666","","44 truck parking spaces. 4 showers. 5 diesel lanes. On site: Little Caesar's, Taco John's. Weigh scale on site (brand unconfirmed)","39.8423772","-89.5210377","44","yes","yes","yes","yes","","","","","","",""
"TA Express Thomson","truck-stops","2657 Cobbham Road","Thomson","GA","30824","706-962-1708","","100 truck parking spaces. 6 showers. 7 diesel lanes. On site: Foster Freeze, Miss J’s Café. Weigh scale on site (brand unconfirmed)","33.50988","-82.44975","100","yes","yes","yes","yes","","","","","","",""
"TA Express Ronks","truck-stops","2622 Lincoln Hwy East","Ronks","PA","17527","717-687-6112","","41 truck parking spaces. 3 showers. 5 diesel lanes. On site: Chester Fried Chicken, Subway. Weigh scale on site (brand unconfirmed)","40.0197","-76.1818","41","yes","yes","yes","yes","","","","","","",""
"TA Express Huntsville","truck-stops","500 I-45","Huntsville","TX","77320","936-295-2488","","50 truck parking spaces. 3 showers. 6 diesel lanes. On site: Primo Taqueria; Chester Fried Chicken, Cinnabon, Sbarro. Truck wash: Truck Wash","30.7391369","-95.591114","50","yes","yes","yes","","","","","","","",""
"TA Express Eagleville","truck-stops","24024 E State Hwy N","Eagleville","MO","64442","660-415-5903","","40 truck parking spaces. 3 showers. 5 diesel lanes. On site: Miss J's","40.46555","-93.97423","40","yes","yes","yes","yes","","","","","","",""
"TA Express Dale","truck-stops","102 Rocket Way","Dale","IN","47523","812-937-6918","","130 truck parking spaces. 8 showers. 8 diesel lanes. On site: Arby's, Dunkin'. Weigh scale on site (brand unconfirmed)","38.182217044195","-86.986193215774","130","yes","yes","yes","yes","","","","","","",""
"TA Express Pleasanton","truck-stops","109963 Interstate 37","Pleasanton","TX","78064","726-224-0813","","75 truck parking spaces. 5 showers. 5 diesel lanes. On site: Big Madre. Weigh scale on site (brand unconfirmed)","28.995209","-98.433321","75","yes","yes","yes","yes","","","","","","",""
"TA Express Jonesboro","truck-stops","3021 DR MLK JR DR","Jonesboro","AR","72401","870-919-7760","","90 truck parking spaces. 7 showers. 6 diesel lanes. On site: KFC, Miss J's. Weigh scale on site (brand unconfirmed)","35.80805","-90.62719","90","yes","yes","yes","yes","","","","","","",""
"TA Express Belton","truck-stops","8101 South Interstate Hwy 35 Service Rd.","Belton","TX","76513","737-333-5305","","64 truck parking spaces. 7 showers. 6 diesel lanes. On site: Champs Chicken, Pizza Hut Express, Ranch Eats","30.98543","-97.503002","64","yes","yes","yes","yes","","","","","","",""
"TA Express Norwood","truck-stops","741 State Hwy E","Norwood","MO","65717","417-746-4777","","40 truck parking spaces. 6 showers. 7 diesel lanes. On site: Ozark Café; Miss J's, Sbarro. Weigh scale on site (brand unconfirmed)","37.1169071","-92.4200916","40","yes","yes","yes","","","","","","","",""
"TA Express Tonkawa","truck-stops","16700 W South Ave","Tonkawa","OK","74653","580-670-1199","","32 truck parking spaces. 5 showers. 5 diesel lanes. On site: Dunkin', Miss J's. Weigh scale on site (brand unconfirmed)","36.69598","-97.35146","32","yes","yes","yes","yes","","","","","","",""
"TA Express Decatur","truck-stops","3400 S US Highway 287","Decatur","TX","76234","940-245-8146","","77 truck parking spaces. 7 showers. 8 diesel lanes. On site: Golden Chick, Miss J's Smokehouse. Weigh scale on site (brand unconfirmed)","33.2026580851408","-97.5684288797929","77","yes","yes","yes","yes","","","","","","",""
"TA Express Wendover","truck-stops","800 Leppy Hills Blvd","West Wendover","NV","89883","775-546-1649","","153 truck parking spaces. 9 showers. 8 diesel lanes. On site: Black Bear Diner; Bojangles, Del Taco, Sbarro","40.7421","-114.05883","153","yes","yes","yes","yes","","","","","","",""
"TA Express Littlefield","truck-stops","3225 E Rincon Road","Littlefield","AZ","86432","928-727-3707","","200 truck parking spaces. 9 showers. 9 diesel lanes. On site: Del Taco, KFC, Sbarro. Weigh scale on site (brand unconfirmed)","36.89331","-113.93172","200","yes","yes","yes","yes","","","","","","",""
"Petro Oak Grove","truck-stops","301 SW First Street","Oak Grove","MO","64075","816-690-4455","","305 truck parking spaces. 12 showers. 5 service bays. 8 diesel lanes. On site: Wendy's. Weigh scale on site (brand unconfirmed)","39.015","-94.131","305","yes","yes","yes","yes","","yes","","","","",""
"TA Cuba","truck-stops","5922 MO - 19","Cuba","MO","65453","573-885-3992","","412 truck parking spaces. 16 showers. 3 service bays. 20 diesel lanes. On site: IHOP. Weigh scale on site (brand unconfirmed)","38.07385","-91.40694","412","yes","yes","yes","yes","","yes","","","","",""
"TA Express Fair Play","truck-stops","272 Herring Rd","Fair Play","SC","29643","864-280-7320","","52 truck parking spaces. 7 showers. 3 service bays. 5 diesel lanes. On site: Cheryl’s Potato Boat; KFC. Weigh scale on site (brand unconfirmed)","34.50464","-82.96549","52","yes","yes","yes","yes","","yes","","","","",""
"TA Smiths Grove","truck-stops","605 S Main St","Smiths Grove","KY","42171","270-563-4713","","120 truck parking spaces. 6 showers. 2 service bays. 6 diesel lanes. On site: Highway Kitchen, Taco Bell. Weigh scale on site (brand unconfirmed)","37.045027","-86.210351","120","yes","yes","yes","","","yes","","","","",""
"TA Springer","truck-stops","18 Old French Rd.","Springer","NM","87747","575-483-5004","","100 truck parking spaces. 12 showers. 2 service bays. 6 diesel lanes. On site: Russell's Restaurant; Subway. Weigh scale on site (brand unconfirmed)","36.4499710346809","-104.592856021367","100","yes","yes","yes","yes","","yes","","","","",""
"TA Glenrio","truck-stops","1583 Frontage Rd 4132","Glenrio","NM","88434","575-288-9968","","175 truck parking spaces. 8 showers. 10 diesel lanes. On site: Russell's Route 66 Café; Subway. Weigh scale on site (brand unconfirmed)","35.1752464706606","-103.104072865847","175","yes","yes","yes","yes","","","","","","",""
"TA Breezewood","truck-stops","16563 Lincoln Hwy","Breezewood","PA","15533","814-707-9284","","200 truck parking spaces. 13 showers. 5 service bays. 9 diesel lanes. On site: Arby's, Baskin Robbins, Dunkin', Gateway Homestyle Express, Papi's Pizza, Wings And Subs. Weigh scale on site (brand unconfirmed)","40.00035503","-78.23407728","200","yes","yes","yes","yes","","yes","","","","",""
"TA Cowpens","truck-stops","175 Truck Stop Rd","Cowpens","SC","29330","864-755-4335","","80 truck parking spaces. 8 showers. 2 service bays. 6 diesel lanes. On site: Sbarro. Weigh scale on site (brand unconfirmed)","35.046879","-81.812281","80","yes","yes","yes","yes","","yes","","","","",""
"TA Express Kansas City","truck-stops","4610 Kansas Ave","Kansas City","KS","66106","913-359-6767","","28 truck parking spaces. 2 showers. 8 diesel lanes. On site: Highway Kitchen. Weigh scale on site (brand unconfirmed)","39.090626","-94.682921","28","yes","yes","yes","yes","","","","","","",""
"TA Express Laplace","truck-stops","4301 Main St.","Laplace","LA","70068","985-315-8194","","117 truck parking spaces. 8 showers. 10 diesel lanes. On site: Subway. Weigh scale on site (brand unconfirmed)","30.086244","-90.444959","117","yes","yes","yes","yes","","","","","","",""
"TA Express St. Rose","truck-stops","10405 E. Airline Hwy","St. Rose","LA","70087","985-262-7189","","55 truck parking spaces. 3 showers. 10 diesel lanes. On site: KFC. Weigh scale on site (brand unconfirmed)","29.973535","-90.299078","55","yes","yes","yes","","","","","","","",""
"TA Coburg","truck-stops","32910 E. Pearl St.","Coburg","OR","97408","541-868-2880","","100 truck parking spaces. 8 showers. 2 service bays. 8 diesel lanes. On site: Coburg Crossing Cafe. Truck wash: Truck Wash. Weigh scale on site (brand unconfirmed)","44.13637","-123.05737","100","yes","yes","yes","yes","","yes","","","","",""
"Petro Dodge City","truck-stops","426 Alabama Highway 69 S","Hanceville","AL","35077","256-287-1299","","322 truck parking spaces. 9 showers. 5 service bays. 10 diesel lanes. On site: Baskin Robbins, Burger King, Dunkin', Papa John's Pizza, Popeyes. Weigh scale on site (brand unconfirmed)","34.05078","-86.87234","322","yes","yes","yes","yes","","yes","","","","",""
"TA Express Stony Creek","truck-stops","13306 St. John Church Road","Stony Creek","VA","23882","434-246-2881","","80 truck parking spaces. 6 showers. 7 diesel lanes. On site: Popeyes, Starbucks, Subway. Weigh scale on site (brand unconfirmed)","36.977708","-77.395497","80","yes","yes","yes","","","","","","","",""
"TA Express Warfield","truck-stops","12461 Old Stage Rd.","Warfield","VA","23889","804-478-4403","","80 truck parking spaces. 5 showers. 6 diesel lanes. On site: Little Caesar's, Subway. Weigh scale on site (brand unconfirmed)","36.9405939298108","-77.7352231306991","80","yes","yes","yes","","","","","","","",""
"Petro Racine","truck-stops","717 S. Sylvania Avenue","Sturtevant","WI","53177","262-884-7500","","158 truck parking spaces. 6 service bays. 7 diesel lanes. On site: Blue Badger Bar and Grill; Dunkin', Krispy Krunchy Chicken, O&H Danish Bakery, Taco Bell. Weigh scale on site (brand unconfirmed)","42.72512","-87.955725","158","","yes","yes","yes","","yes","","","","",""
"TA Express Holland","truck-stops","16250 N Ave","Holland","IA","50642","319-823-1477","","92 truck parking spaces. 2 showers. 5 diesel lanes. On site: Arby's, Godfather Pizza","42.466575","-92.7672","92","yes","yes","yes","yes","","","","","","",""
"Petro Shorter","truck-stops","428 Main St","Shorter","AL","36075","334-727-3354","","53 truck parking spaces. 6 showers. 4 diesel lanes. On site: Charleys Philly Steaks, Miss J’s Café. Weigh scale on site (brand unconfirmed)","32.4056","-85.9556","53","yes","yes","yes","yes","","","","","","",""
"Petro Jackson","truck-stops","970 W Frontage Road","Jackson","MS","39201","601-292-0950","","194 truck parking spaces. 15 showers. 5 service bays. 10 diesel lanes. On site: Miss J's. Weigh scale on site (brand unconfirmed)","32.2787","-90.1977","194","yes","yes","yes","yes","","yes","","","","",""
"TA Columbia North","truck-stops","99 Plumbers Road","Columbia","SC","29203","839-228-0693","","78 truck parking spaces. 9 showers. 2 service bays. 4 diesel lanes. On site: Dunkin', Miss J’s Café, Taco Bell. Weigh scale on site (brand unconfirmed)","34.0747","-80.9971","78","yes","yes","yes","yes","","yes","","","","",""
"TA Fultonville","truck-stops","40 Riverside Drive","Fultonville","NY","12072","838-292-9580","","121 truck parking spaces. 8 showers. 2 service bays. 10 diesel lanes. On site: Miss J's Diner; Miss J's, Sbarro. Weigh scale on site (brand unconfirmed)","42.948546","-74.363064","121","yes","yes","yes","yes","","yes","","","","",""
"TA Express North Houston","truck-stops","1104 N Sam Houston Pkwy E","Houston","TX","77032","346-740-1066","","80 truck parking spaces. 5 showers. 7 diesel lanes. On site: Denny's; Cinnabon, Miss J's, Schlotzsky’s","29.93796","-95.37247","80","yes","yes","yes","yes","","","","","","",""
"TA Express Fort Wayne","truck-stops","3037 Goshen Road","Fort Wayne","IN","46808","260-402-4570","","215 truck parking spaces. 6 showers. 8 diesel lanes. On site: Miss J's Diner; Miss J’s Café, Sbarro. Weigh scale on site (brand unconfirmed)","41.11858","-85.18421","215","yes","yes","yes","","","","","","","",""
"TA Jackson","truck-stops","80 Dixon Run Road","Jackson","OH","45640","740-988-7793","","110 truck parking spaces. 4 showers. 3 service bays. 6 diesel lanes. On site: Miss J's Diner; Miss J's Pizzeria. Weigh scale on site (brand unconfirmed)","38.99646","-82.55335","110","yes","yes","yes","yes","","yes","","","","",""
"TA Express Junction","truck-stops","115 S Segovia Access Rd","Junction","TX","76849","325-338-0993","","70 truck parking spaces. 4 showers. 5 diesel lanes. On site: Miss J’s Café, Sonic","30.41758","-99.67229","70","yes","yes","yes","","","","","","","",""
"TA Express Kingsville","truck-stops","2104 E. Corral Ave","Kingsville","TX","78363","361-424-1518","","40 truck parking spaces. 3 showers. 7 diesel lanes. On site: Charleys Philly Steaks, Miss J’s Café. Weigh scale on site (brand unconfirmed)","27.53175","-97.84155","40","yes","yes","yes","yes","","","","","","",""
"TA Fillmore","truck-stops","885 S Park Ave","Fillmore","UT","84631","435-222-4431","","40 truck parking spaces. 3 showers. 6 diesel lanes. On site: Miss J's","38.95037","-112.35277","40","yes","yes","yes","yes","","","","","","",""
"TA Express Rock Springs","truck-stops","1620 Elk Street","Rock Springs","WY","82901","307-522-8996","","65 truck parking spaces. 3 showers. 7 diesel lanes. On site: Miss J's","41.6122","-109.22972","65","yes","yes","yes","yes","","","","","","",""
"TA Concordia","truck-stops","102 N W 4th Street","Concordia","MO","64020-0745","660-460-7412","","146 truck parking spaces. 12 showers. 2 service bays. 10 diesel lanes. On site: Subway. Weigh scale on site (brand unconfirmed)","38.9941","-93.5678","146","yes","yes","yes","yes","","yes","","","","",""
"TA Rogers","truck-stops","13400 Rogers Drive","Rogers","MN","55374-0238","763-428-2277","","80 truck parking spaces. 8 showers. 3 service bays. 8 diesel lanes. Weigh scale on site (brand unconfirmed)","45.1969","-93.5492","80","yes","","yes","yes","","yes","","","","",""
"TA Hudson","truck-stops","713 Hwy 12","Hudson","WI","54016-0630","715-386-5835","","86 truck parking spaces. 8 showers. 2 service bays. 6 diesel lanes. On site: Miss J’s Café. Weigh scale on site (brand unconfirmed)","44.9655","-92.6785","86","yes","yes","yes","yes","","yes","","","","",""
"TA Florence","truck-stops","2301 W. Lucas Street","Florence","SC","29501","843-292-0386","","77 truck parking spaces. 5 showers. 9 diesel lanes. On site: Miss J’s Café, Popeyes. Weigh scale on site (brand unconfirmed)","34.2364","-79.8065","77","yes","yes","yes","yes","","","","","","",""
"TA Bridgeport","truck-stops","6364 Dixie Hwy","Bridgeport","MI","48722-9566","989-777-7650","","70 truck parking spaces. 4 showers. 2 service bays. 7 diesel lanes. On site: Miss J's Diner. Weigh scale on site (brand unconfirmed)","43.3517","-83.869","70","yes","yes","yes","yes","","yes","","","","",""
"TA Paulsboro","truck-stops","171 Berkley Road","Paulsboro","NJ","08066","856-423-5500","","175 truck parking spaces. 8 showers. 3 service bays. 12 diesel lanes. On site: Miss J’s Café. Weigh scale on site (brand unconfirmed)","39.819","-75.2385","175","yes","yes","yes","yes","","yes","","","","",""
"TA Tekonsha","truck-stops","15587 M-60","Tekonsha","MI","49092","517-767-4135","","85 truck parking spaces. 6 showers. 4 service bays. 5 diesel lanes. Weigh scale on site (brand unconfirmed)","42.1065","-84.9897","85","yes","","yes","yes","","yes","","","","",""
"TA Missoula","truck-stops","8018 Hwy 93 N","Missoula","MT","59808","406-549-2327","","130 truck parking spaces. 7 showers. 4 service bays. 6 diesel lanes. On site: Miss J’s Café. Weigh scale on site (brand unconfirmed)","46.9485","-114.1298","130","yes","yes","yes","yes","","yes","","","","",""
"TA Lincoln","truck-stops","75246 Alabama 77","Lincoln","AL","35096","205-763-2771","","45 truck parking spaces. 4 showers. 4 service bays. 7 diesel lanes. On site: Popeyes. Weigh scale on site (brand unconfirmed)","33.5865","-86.1248","45","yes","yes","yes","yes","","yes","","","","",""
"Petro North Hillsboro","truck-stops","101 Cornelius Road","Hillsboro","TX","76645","254-714-3000","","91 truck parking spaces. 7 showers. 4 service bays. 11 diesel lanes. On site: Miss J's. Weigh scale on site (brand unconfirmed)","32.0794","-97.0552","91","yes","yes","yes","yes","","yes","","","","",""
"Petro Egan","truck-stops","114 Jasmin","Egan","LA","70531","337-783-0424","","127 truck parking spaces. 6 showers. 8 diesel lanes. On site: Miss J’s Café, Subway. Weigh scale on site (brand unconfirmed)","30.2314","-92.4624","127","yes","yes","yes","yes","","","","","","",""
"Petro Angola","truck-stops","7265 North Baker Road","Fremont","IN","46737","260-322-2582","","200 truck parking spaces. 6 showers. 10 diesel lanes. On site: Miss J's Diner. Weigh scale on site (brand unconfirmed)","41.7483","-84.9932","200","yes","yes","yes","yes","","","","","","",""
"Petro Salina","truck-stops","2125 N. 9th St.","Salina","KS","67401","785-825-7723","","75 truck parking spaces. 6 showers. 4 service bays. 6 diesel lanes. On site: Miss J's, Popeyes. Weigh scale on site (brand unconfirmed)","38.8789","-97.613","75","yes","yes","yes","yes","","yes","","","","",""
"Petro Gaston","truck-stops","14000 West State Road 28","Gaston","IN","47342","765-358-3326","","150 truck parking spaces. 6 showers. 5 service bays. 7 diesel lanes. On site: Miss J's Diner. Weigh scale on site (brand unconfirmed)","40.2772","-85.5526","150","yes","yes","yes","yes","","yes","","","","",""
"Petro Pearsall","truck-stops","110 S. I-35 Frontage Rd.","Pearsall","TX","78061","830-334-8222","","175 truck parking spaces. 10 showers. 5 service bays. 8 diesel lanes. On site: Miss J's Burger, Miss J’s Café. Weigh scale on site (brand unconfirmed)","28.8996","-99.1158","175","yes","yes","yes","","","yes","","","","",""
"TA Montgomery","truck-stops","980 West South Blvd","Montgomery","AL","36105","334-288-3700","","125 truck parking spaces. 10 showers. 2 service bays. 8 diesel lanes. On site: Miss J’s Café. Weigh scale on site (brand unconfirmed)","32.32746","-86.33221","125","yes","yes","yes","yes","","yes","","","","",""
"TA Lake Station","truck-stops","1201 Ripley Street","Lake Station","IN","46405","219-962-6552","","252 truck parking spaces. 12 showers. 6 service bays. 15 diesel lanes. On site: Popeyes. Weigh scale on site (brand unconfirmed)","41.5906","-87.2393","252","yes","yes","yes","yes","","yes","","","","",""
"TA Franklin","truck-stops","4400 Peytonsville Road","Franklin","TN","37064","615-794-8406","","74 truck parking spaces. 6 showers. 2 service bays. 7 diesel lanes. On site: Miss J’s Café. Weigh scale on site (brand unconfirmed)","35.8603","-86.8299","74","yes","yes","yes","yes","","yes","","","","",""
"TA Jane Lew","truck-stops","102 Jesse Run Rd","Jane Lew","WV","26378","304-543-9604","","75 truck parking spaces. 6 showers. 6 diesel lanes. On site: IHOP; Arby's, Miss J’s Café","39.1031","-80.38971","75","yes","yes","yes","yes","","","","","","",""
"TA Express Niagara Falls","truck-stops","6021 Porter Rd","Niagara Falls","NY","14304","716-461-4759","","60 truck parking spaces. 4 showers. 5 diesel lanes. On site: Miss J’s Café, Tim Horton's. Truck wash: Truck Wash","43.10695","-78.99444","60","yes","yes","yes","yes","","","","","","",""
"TA Express Medley","truck-stops","12200 NW South River Drive","Medley","FL","33178","786-697-6329","","58 truck parking spaces. 3 showers. 6 diesel lanes. On site: Miss J’s Café","25.8847","-80.36621","58","yes","yes","yes","yes","","","","","","",""
"TA Express Grambling","truck-stops","1130 RWE Jones RD","Grambling","LA","71245","318-265-7559","","31 truck parking spaces. 2 showers. 6 diesel lanes. On site: Jimmy Johns, Miss J’s Café","32.5431","-92.71074","31","yes","yes","yes","yes","","","","","","",""
"TA Express Brush","truck-stops","1041 N. Colorado Avenue","Brush","CO","80723","970-842-3122","","15 truck parking spaces. 4 diesel lanes","40.2665","-103.621","15","","","yes","","","","","","","",""
"TA Express Walsenburg","truck-stops","455 US-85","Walsenburg","CO","81089","719-738-5733","","35 truck parking spaces. 3 showers. 4 diesel lanes. On site: A&W All American Food","37.6537","-104.7938","35","yes","yes","yes","yes","","","","","","",""
"TA Express Blaine","truck-stops","1300 Boblett St","Blaine","WA","98230","360-312-7779","","34 truck parking spaces. 4 showers. 5 diesel lanes. On site: Cinnabon, Jamba Juice, Pizza Hut Express. Weigh scale on site (brand unconfirmed)","48.99126","-122.73412","34","yes","yes","yes","yes","","","","","","",""
"TA Madera","truck-stops","32603 Avenue 7","Madera","CA","93637","559-214-2444","","78 truck parking spaces. 5 showers. 6 diesel lanes. On site: Baja Fresh, Cinnabon, Fatburger, Indian Currey NAAN Stop, Jamba Juice, KFC, Pizza Hut Express. Weigh scale on site (brand unconfirmed)","36.85236","-119.9518","78","yes","yes","yes","yes","","","","","","",""
"TA Mt. Vernon","truck-stops","1501 East Mt. Vernon Blvd","Mt Vernon","MO","65712","417-701-3938","","250 truck parking spaces. 6 showers. 3 service bays. 9 diesel lanes. On site: Miss J's, Subway, Wendy's. Weigh scale on site (brand unconfirmed)","37.0905923","-93.8012484","250","yes","yes","yes","yes","","yes","","","","",""
"TA McComb","truck-stops","1120 Airport Fernwood Road","McComb","MS","39648","601-996-0614","","115 truck parking spaces. 7 showers. 2 service bays. 6 diesel lanes. On site: Denny's; Subway. Weigh scale on site (brand unconfirmed)","31.18949","-90.48617","115","yes","yes","yes","","","yes","","","","",""
"TA Express Mooreville","truck-stops","590 MS 371","Mooreville","MS","38857","662-205-6298","","40 truck parking spaces. 5 showers. 7 diesel lanes. On site: Chester Fried Chicken, Sbarro. Weigh scale on site (brand unconfirmed)","34.279082","-88.568724","40","yes","yes","yes","yes","","","","","","",""
"TA Express Lamar","truck-stops","708 N. Main Street","Lamar","CO","81052","719-688-4024","","40 truck parking spaces. 3 showers. 5 diesel lanes. On site: Arby's, Charleys Philly Steaks, Dunkin', KFC. Weigh scale on site (brand unconfirmed)","38.09699","-102.61914","40","yes","yes","yes","","","","","","","",""
"TA Express South Coffeyville","truck-stops","111 E. County Road 2","South Coffeyville","OK","74072","918-842-4000","","40 truck parking spaces. 4 showers. 5 diesel lanes. On site: Golden Chick, The Stuffed Burrito Company","36.98543","-95.62498","40","yes","yes","yes","yes","","","","","","",""
"TA Garden City","truck-stops","1265 Solar Avenue","Garden City","KS","67846","620-644-3844","","150 truck parking spaces. 10 showers. 2 service bays. 6 diesel lanes. On site: Black Bear Diner; Dunkin', Sbarro. Weigh scale on site (brand unconfirmed)","38.00534","-100.88425","150","yes","yes","yes","yes","","yes","","","","",""
"TA Pueblo","truck-stops","1275 Drew Dix Parkway","Pueblo","CO","81008","719-877-2453","","210 truck parking spaces. 9 showers. 3 service bays. 9 diesel lanes. On site: Black Bear Diner; Bojangles, Del Taco, Sbarro. Weigh scale on site (brand unconfirmed)","38.34439","-104.6217","210","yes","yes","yes","yes","","yes","","","","",""
"TA Express Hosston","truck-stops","6411 Hwy 2","Hosston","LA","71043","318-716-7057","","50 truck parking spaces. 4 showers. 7 diesel lanes. On site: Crispy Cajun, Howdy Crawfish, Hunt Brothers Pizza, Subway. Weigh scale on site (brand unconfirmed)","32.89792","-93.86484","50","yes","yes","yes","yes","","","","","","",""
"TA Express Dubois","truck-stops","424 W. Main Street","Dubois","ID","83423","208-374-5381","","30 truck parking spaces. 2 showers. 2 diesel lanes. On site: Blu Taco, Champs Chicken, Hangar 54 Pizza","44.17658","-112.23663","30","yes","yes","yes","","","","","","","",""
"TA Express Holstein","truck-stops","2010 Indorf Avenue","Holstein","IA","51025","712-371-9965","","39 truck parking spaces. 2 showers. 6 diesel lanes. On site: Dunkin', Hardee's. Weigh scale on site (brand unconfirmed)","42.4740798579903","-95.5441132080078","39","yes","yes","yes","yes","","","","","","",""
"TA Express Fairview","truck-stops","801 W. 1st Street","Fairview","KS","66425","785-288-8089","","67 truck parking spaces. 3 showers. 1 service bays. 6 diesel lanes. On site: A&W All American Food, Dunkin', Hunt Brothers Pizza, Miss J’s Café. Truck wash: Truck Wash","39.84123","-95.73311","67","yes","yes","yes","yes","","yes","","","","",""
"TA Vernon, TX","truck-stops","2817 US Hwy 287 W","Vernon","TX","76384","940-553-7121","","76 truck parking spaces. 7 showers. 7 diesel lanes. On site: Popeyes, Ranchero BBQ, Starbucks. Weigh scale on site (brand unconfirmed)","34.15992","-99.29664","76","yes","yes","yes","yes","","","","","","",""
"TA Express Minden","truck-stops","2198 Highway 532","Minden","LA","71055","318-588-0192","","51 truck parking spaces. 3 showers. 5 diesel lanes. On site: Charleys Philly Steaks, Sbarro","32.57203","-93.20295","51","yes","yes","yes","yes","","","","","","",""
"TA Express Birmingham","truck-stops","901 Bankhead Hwy","Birmingham","AL","35204","205-777-9910","","85 truck parking spaces. 7 showers. 8 diesel lanes. On site: Arby's, Miss J’s Café. Weigh scale on site (brand unconfirmed)","33.52936","-86.85116","85","yes","yes","yes","yes","","","","","","",""
"TA Express Grand Forks","truck-stops","1212 North 47th Street","Grand Forks","ND","58203","701-317-3785","","65 truck parking spaces. 8 showers. 8 diesel lanes. On site: Miss J’s Café. Weigh scale on site (brand unconfirmed)","47.9322","-97.09564","65","yes","yes","yes","yes","","","","","","",""
"TA Express Williston","truck-stops","13553 64th Street","Williston","ND","58801","701-641-1393","","40 truck parking spaces. 5 showers. 8 diesel lanes. On site: Cinnabon, Miss J’s Café, Subway. Weigh scale on site (brand unconfirmed)","48.34334","-103.61586","40","yes","yes","yes","yes","","","","","","",""
"TA Grandview","truck-stops","100 Higgins Way","Grandview","WA","98930","509-405-0911","","100 truck parking spaces. 6 showers. 3 service bays. 5 diesel lanes. On site: Applebee's/IHOP; Miss J's Indian Cuisine, Miss J's Tacos, Miss J’s Café","46.27591","-119.92876","100","yes","yes","yes","yes","","yes","","","","",""
"TA Williams","truck-stops","3065 220th Street","Williams","IA","50271","515-851-1339","","125 truck parking spaces. 6 showers. 6 diesel lanes. On site: Miss J's, Sbarro. Weigh scale on site (brand unconfirmed)","42.47183","-93.56553","125","yes","yes","yes","yes","","","","","","",""
"TA Express Hazleton","truck-stops","492 Can Do Expressway","Hazleton","PA","18202","570-599-5063","","50 truck parking spaces. 3 showers. 5 diesel lanes. On site: Miss J’s Café. Weigh scale on site (brand unconfirmed)","40.93879","-76.03577","50","yes","yes","yes","yes","","","","","","",""
"TA Express Pine Grove","truck-stops","482 Suedberg Road","Pine Grove","PA","17963","717-454-6803","","80 truck parking spaces. 3 showers. 6 diesel lanes. On site: Cinnabon, Miss J’s Café. Truck wash: Truck Wash. Weigh scale on site (brand unconfirmed)","40.53385","-76.43174","80","yes","yes","yes","yes","","","","","","",""
"TA Express Savanna","truck-stops","9062 US Hwy 69","Savanna","OK","74565","405-446-4501","","60 truck parking spaces. 3 showers. 5 diesel lanes. On site: Dunkin', Miss J's, Sbarro","34.833383","-95.83959","60","yes","yes","yes","yes","","","","","","",""
"TA Express Palmyra","truck-stops","887 Marion City Road","Palmyra","MO","63461","573-769-3638","","40 truck parking spaces. 6 showers. 5 diesel lanes. Weigh scale on site (brand unconfirmed)","39.78762","-91.51637","40","yes","","yes","yes","","","","","","",""
"Petro Henderson","truck-stops","1700 Railroad Pass Casino Road","Henderson","NV","89002","725-305-0745","","100 truck parking spaces. 5 showers. 8 diesel lanes. On site: Dunkin', Sonic. Truck wash: Truck Wash","35.9670745402109","-114.915674406748","100","yes","yes","yes","yes","","","","","","",""
"TA Express Henderson","truck-stops","1550 Railroad Pass Casino Road","Henderson","NV","89002","725-277-0932","","200 truck parking spaces. 5 showers. 7 diesel lanes. On site: Starbucks. Weigh scale on site (brand unconfirmed)","35.9714738262293","-114.910506528296","200","yes","yes","yes","","","","","","","",""
"TA Mineral Wells","truck-stops","470 Frontage Road","Mineral Wells","WV","26150","304-761-3854","","104 truck parking spaces. 5 showers. 5 diesel lanes. On site: IHOP; Miss J’s Café. Weigh scale on site (brand unconfirmed)","39.19482","-81.52601","104","yes","yes","yes","yes","","","","","","",""
"TA Express Carlin","truck-stops","932 Fir Street","Carlin","NV","89822","702-421-3701","","50 truck parking spaces. 4 showers. 5 diesel lanes. On site: Bojangles","40.72071","-116.10756","50","yes","yes","yes","yes","","","","","","",""
"TA Express Hutchinson","truck-stops","1515 South Main Street","South Hutchinson","KS","67505","620-669-9900","","80 truck parking spaces. 4 showers. 5 diesel lanes. On site: Applewood Restaurant; Sbarro. Weigh scale on site (brand unconfirmed)","38.00858","-97.94209","80","yes","yes","yes","yes","","","","","","",""
"TA Express Mankato","truck-stops","3010 Adams St.","Mankato","MN","56001","320-470-9288","","75 truck parking spaces. 4 showers. 8 diesel lanes. On site: Ten20 Tavern; Miss J's. Weigh scale on site (brand unconfirmed)","44.16971","-93.92541","75","yes","yes","yes","yes","","","","","","",""
"TA Express Houston","truck-stops","4808 N McCarty Street","Houston","TX","77013","832-993-7704","","70 truck parking spaces. 6 showers. 8 diesel lanes. On site: Miss J’s Café","29.80378","-95.26491","70","yes","yes","yes","yes","","","","","","",""
"TA Express Grand Junction","truck-stops","2222 Highway 6","Grand Junction","CO","81505","970-901-1445","","65 truck parking spaces. 8 showers. 5 diesel lanes. On site: Miss J’s Café","39.109","-108.64079","65","yes","yes","yes","yes","","","","","","",""
"TA Express New Lisbon","truck-stops","1700 E Bridge Street","New Lisbon","WI","53950","608-350-9882","","50 truck parking spaces. 4 showers. 6 diesel lanes. On site: Miss J’s Café","43.88579","-90.14664","50","yes","yes","yes","yes","","","","","","",""
"TA Shepherd","truck-stops","10100 US Highway 59","Shepherd","TX","77371","936-933-9574","","120 truck parking spaces. 5 showers. 4 service bays. 8 diesel lanes. On site: IHOP; Miss J’s Café","30.44618","-95.03022","120","yes","yes","yes","yes","","yes","","","","",""
"TA Express Judsonia","truck-stops","9674 State Highway 13","Judsonia","AR","72081","501-530-1455","","92 truck parking spaces. 6 showers. 8 diesel lanes. On site: Bojangles, Sbarro. Truck wash: Truck Wash. Weigh scale on site (brand unconfirmed)","35.26844","-91.67619","92","yes","yes","yes","yes","","","","","","",""
"TA Wellsville","truck-stops","1021 Poplar Street","Wellsville","KS","66092","785-800-5229","","76 truck parking spaces. 4 showers. 6 diesel lanes. On site: A&W All American Food, Blu Taco, Hunt Brothers Pizza, Miss J's","38.7076","-95.07404","76","yes","yes","yes","yes","","","","","","",""
"TA Robertsdale","truck-stops","27801 County Road 64","Robertsdale","AL","36567","251-960-1150","","178 truck parking spaces. 7 showers. 3 service bays. 11 diesel lanes. On site: Derail Diner; Miss J's, Sbarro, Subway. Weigh scale on site (brand unconfirmed)","30.63035","-87.61585","178","yes","yes","yes","yes","","yes","","","","",""
