id,name,state,field,approved_value,source_file,source_sha256,master_date,evidence_directions,concurrency
4d83a5f4-3a68-4047-a6b3-cc2724e32ea3,TA Lincoln,AL,interstate,I-20,data/imports/locmaster20260725.xlsx,5ebe0e9f034153536fe3946a3e5cc3d5a45c9a59b010131d5ccee20e21553303,2026-07-25,"I-20, Exit 168",False
4d83a5f4-3a68-4047-a6b3-cc2724e32ea3,TA Lincoln,AL,exit_number,168,data/imports/locmaster20260725.xlsx,5ebe0e9f034153536fe3946a3e5cc3d5a45c9a59b010131d5ccee20e21553303,2026-07-25,"I-20, Exit 168",False
572fb3e7-00db-4124-be14-1973179305b1,TA Mobile,AL,interstate,I-10,data/imports/locmaster20260725.xlsx,5ebe0e9f034153536fe3946a3e5cc3d5a45c9a59b010131d5ccee20e21553303,2026-07-25,"I-10, Exit 4",False
572fb3e7-00db-4124-be14-1973179305b1,TA Mobile,AL,exit_number,4,data/imports/locmaster20260725.xlsx,5ebe0e9f034153536fe3946a3e5cc3d5a45c9a59b010131d5ccee20e21553303,2026-07-25,"I-10, Exit 4",False
6f59cf8c-3082-4665-b028-278e5cabb48a,Petro Gadsden,AL,interstate,I-59,data/imports/locmaster20260725.xlsx,5ebe0e9f034153536fe3946a3e5cc3d5a45c9a59b010131d5ccee20e21553303,2026-07-25,"I-59, Exit 181",False
6f59cf8c-3082-4665-b028-278e5cabb48a,Petro Gadsden,AL,exit_number,181,data/imports/locmaster20260725.xlsx,5ebe0e9f034153536fe3946a3e5cc3d5a45c9a59b010131d5ccee20e21553303,2026-07-25,"I-59, Exit 181",False
83ce88cc-b0ba-48dc-b375-068ee3ffc107,TA Tuscaloosa,AL,interstate,I-20,data/imports/locmaster20260725.xlsx,5ebe0e9f034153536fe3946a3e5cc3d5a45c9a59b010131d5ccee20e21553303,2026-07-25,"I-20/159 & Buttermilk Rd., Exit 77",False
83ce88cc-b0ba-48dc-b375-068ee3ffc107,TA Tuscaloosa,AL,exit_number,77,data/imports/locmaster20260725.xlsx,5ebe0e9f034153536fe3946a3e5cc3d5a45c9a59b010131d5ccee20e21553303,2026-07-25,"I-20/159 & Buttermilk Rd., Exit 77",False
89efc304-db46-447a-8b9a-b83ab93b9d9c,TA Express Birmingham,AL,interstate,I-20,data/imports/locmaster20260725.xlsx,5ebe0e9f034153536fe3946a3e5cc3d5a45c9a59b010131d5ccee20e21553303,2026-07-25,"I-20, Exit 123",False
89efc304-db46-447a-8b9a-b83ab93b9d9c,TA Express Birmingham,AL,exit_number,123,data/imports/locmaster20260725.xlsx,5ebe0e9f034153536fe3946a3e5cc3d5a45c9a59b010131d5ccee20e21553303,2026-07-25,"I-20, Exit 123",False
95a8fd44-581d-4dbc-b4db-0a12cfa04cbb,TA Robertsdale,AL,interstate,I-10,data/imports/locmaster20260725.xlsx,5ebe0e9f034153536fe3946a3e5cc3d5a45c9a59b010131d5ccee20e21553303,2026-07-25,"I-10, Exit  53",False
95a8fd44-581d-4dbc-b4db-0a12cfa04cbb,TA Robertsdale,AL,exit_number,53,data/imports/locmaster20260725.xlsx,5ebe0e9f034153536fe3946a3e5cc3d5a45c9a59b010131d5ccee20e21553303,2026-07-25,"I-10, Exit  53",False
aa22aebc-827d-4c44-afb4-98dd3be03ff1,Petro Bucksville,AL,interstate,I-20,data/imports/locmaster20260725.xlsx,5ebe0e9f034153536fe3946a3e5cc3d5a45c9a59b010131d5ccee20e21553303,2026-07-25,"I-20 & 1-59, Exit 100",False
aa22aebc-827d-4c44-afb4-98dd3be03ff1,Petro Bucksville,AL,exit_number,100,data/imports/locmaster20260725.xlsx,5ebe0e9f034153536fe3946a3e5cc3d5a45c9a59b010131d5ccee20e21553303,2026-07-25,"I-20 & 1-59, Exit 100",False
aa7af198-e51a-4d6a-ac33-dc29291321e4,Petro Shorter,AL,interstate,I-85,data/imports/locmaster20260725.xlsx,5ebe0e9f034153536fe3946a3e5cc3d5a45c9a59b010131d5ccee20e21553303,2026-07-25,"I-85, Exit 22",False
aa7af198-e51a-4d6a-ac33-dc29291321e4,Petro Shorter,AL,exit_number,22,data/imports/locmaster20260725.xlsx,5ebe0e9f034153536fe3946a3e5cc3d5a45c9a59b010131d5ccee20e21553303,2026-07-25,"I-85, Exit 22",False
09c2f55b-774e-4670-8120-e8f282978c00,TA Express Judsonia,AR,interstate,I-57,data/imports/locmaster20260725.xlsx,5ebe0e9f034153536fe3946a3e5cc3d5a45c9a59b010131d5ccee20e21553303,2026-07-25,"I-57, Exit 48",False
09c2f55b-774e-4670-8120-e8f282978c00,TA Express Judsonia,AR,exit_number,48,data/imports/locmaster20260725.xlsx,5ebe0e9f034153536fe3946a3e5cc3d5a45c9a59b010131d5ccee20e21553303,2026-07-25,"I-57, Exit 48",False
6032ab89-70c9-4df4-9c05-9e2d1eee2485,TA Prescott,AR,interstate,I-30,data/imports/locmaster20260725.xlsx,5ebe0e9f034153536fe3946a3e5cc3d5a45c9a59b010131d5ccee20e21553303,2026-07-25,"I-30, Exit 44",False
6032ab89-70c9-4df4-9c05-9e2d1eee2485,TA Prescott,AR,exit_number,44,data/imports/locmaster20260725.xlsx,5ebe0e9f034153536fe3946a3e5cc3d5a45c9a59b010131d5ccee20e21553303,2026-07-25,"I-30, Exit 44",False
eac91b9e-1cf4-491a-82b0-4441bbd6f045,TA Express Jonesboro,AR,interstate,I-555,data/imports/locmaster20260725.xlsx,5ebe0e9f034153536fe3946a3e5cc3d5a45c9a59b010131d5ccee20e21553303,2026-07-25,"I-555, Exit 39",False
eac91b9e-1cf4-491a-82b0-4441bbd6f045,TA Express Jonesboro,AR,exit_number,39,data/imports/locmaster20260725.xlsx,5ebe0e9f034153536fe3946a3e5cc3d5a45c9a59b010131d5ccee20e21553303,2026-07-25,"I-555, Exit 39",False
1722ae34-d370-4a32-b4d0-3ef0f6a1e6ba,TA Willcox,AZ,interstate,I-10,data/imports/locmaster20260725.xlsx,5ebe0e9f034153536fe3946a3e5cc3d5a45c9a59b010131d5ccee20e21553303,2026-07-25,"I-10, 1501 Fort Grant Rd., Exit 340",False
1722ae34-d370-4a32-b4d0-3ef0f6a1e6ba,TA Willcox,AZ,exit_number,340,data/imports/locmaster20260725.xlsx,5ebe0e9f034153536fe3946a3e5cc3d5a45c9a59b010131d5ccee20e21553303,2026-07-25,"I-10, 1501 Fort Grant Rd., Exit 340",False
249a5cf2-c5e2-44f1-9acf-b2bf69642433,Petro Eloy,AZ,interstate,I-10,data/imports/locmaster20260725.xlsx,5ebe0e9f034153536fe3946a3e5cc3d5a45c9a59b010131d5ccee20e21553303,2026-07-25,"I-10, Exit 200 at Sunland Gin Rd.",False
249a5cf2-c5e2-44f1-9acf-b2bf69642433,Petro Eloy,AZ,exit_number,200,data/imports/locmaster20260725.xlsx,5ebe0e9f034153536fe3946a3e5cc3d5a45c9a59b010131d5ccee20e21553303,2026-07-25,"I-10, Exit 200 at Sunland Gin Rd.",False
3a717f8d-0255-42a0-980d-65edf384ee7b,TA Tonopah,AZ,interstate,I-10,data/imports/locmaster20260725.xlsx,5ebe0e9f034153536fe3946a3e5cc3d5a45c9a59b010131d5ccee20e21553303,2026-07-25,"I-10 & 339th Ave., Exit 103",False
3a717f8d-0255-42a0-980d-65edf384ee7b,TA Tonopah,AZ,exit_number,103,data/imports/locmaster20260725.xlsx,5ebe0e9f034153536fe3946a3e5cc3d5a45c9a59b010131d5ccee20e21553303,2026-07-25,"I-10 & 339th Ave., Exit 103",False
53eac1be-8c71-41fe-852b-d6515f065b06,TA Express Littlefield,AZ,interstate,I-15,data/imports/locmaster20260725.xlsx,5ebe0e9f034153536fe3946a3e5cc3d5a45c9a59b010131d5ccee20e21553303,2026-07-25,"I-15, Exit 8",False
53eac1be-8c71-41fe-852b-d6515f065b06,TA Express Littlefield,AZ,exit_number,8,data/imports/locmaster20260725.xlsx,5ebe0e9f034153536fe3946a3e5cc3d5a45c9a59b010131d5ccee20e21553303,2026-07-25,"I-15, Exit 8",False
5868c989-c250-447d-85cf-a9838893ac86,TA Ash Fork,AZ,interstate,I-40,data/imports/locmaster20260725.xlsx,5ebe0e9f034153536fe3946a3e5cc3d5a45c9a59b010131d5ccee20e21553303,2026-07-25,"I-40, Exit 144, Northwest Corner",False
5868c989-c250-447d-85cf-a9838893ac86,TA Ash Fork,AZ,exit_number,144,data/imports/locmaster20260725.xlsx,5ebe0e9f034153536fe3946a3e5cc3d5a45c9a59b010131d5ccee20e21553303,2026-07-25,"I-40, Exit 144, Northwest Corner",False
acb31a81-5cf6-43e8-b150-6625dfa38988,Petro Kingman,AZ,interstate,I-40,data/imports/locmaster20260725.xlsx,5ebe0e9f034153536fe3946a3e5cc3d5a45c9a59b010131d5ccee20e21553303,2026-07-25,"I-40 at Blake Ranch Rd., Exit 66",False
acb31a81-5cf6-43e8-b150-6625dfa38988,Petro Kingman,AZ,exit_number,66,data/imports/locmaster20260725.xlsx,5ebe0e9f034153536fe3946a3e5cc3d5a45c9a59b010131d5ccee20e21553303,2026-07-25,"I-40 at Blake Ranch Rd., Exit 66",False
de5add61-864c-41ee-9997-341c3c60a9b6,TA Holbrook,AZ,interstate,I-40,data/imports/locmaster20260725.xlsx,5ebe0e9f034153536fe3946a3e5cc3d5a45c9a59b010131d5ccee20e21553303,2026-07-25,"I-40, Exit 283",False
de5add61-864c-41ee-9997-341c3c60a9b6,TA Holbrook,AZ,exit_number,283,data/imports/locmaster20260725.xlsx,5ebe0e9f034153536fe3946a3e5cc3d5a45c9a59b010131d5ccee20e21553303,2026-07-25,"I-40, Exit 283",False
ed302d2a-630e-48b8-8f94-7b9e75351624,TA Kingman,AZ,interstate,I-40,data/imports/locmaster20260725.xlsx,5ebe0e9f034153536fe3946a3e5cc3d5a45c9a59b010131d5ccee20e21553303,2026-07-25,"I-40, Exit 48",False
ed302d2a-630e-48b8-8f94-7b9e75351624,TA Kingman,AZ,exit_number,48,data/imports/locmaster20260725.xlsx,5ebe0e9f034153536fe3946a3e5cc3d5a45c9a59b010131d5ccee20e21553303,2026-07-25,"I-40, Exit 48",False
fbc89448-ea08-4d8c-8dfb-5aee3008f490,TA Eloy,AZ,interstate,I-10,data/imports/locmaster20260725.xlsx,5ebe0e9f034153536fe3946a3e5cc3d5a45c9a59b010131d5ccee20e21553303,2026-07-25,"I-10, Exit 203, Toltec Rd.",False
fbc89448-ea08-4d8c-8dfb-5aee3008f490,TA Eloy,AZ,exit_number,203,data/imports/locmaster20260725.xlsx,5ebe0e9f034153536fe3946a3e5cc3d5a45c9a59b010131d5ccee20e21553303,2026-07-25,"I-10, Exit 203, Toltec Rd.",False
2b385a1b-f950-4410-8f87-2ee4a7d5fb71,TA Wheeler Ridge,CA,interstate,I-5,data/imports/locmaster20260725.xlsx,5ebe0e9f034153536fe3946a3e5cc3d5a45c9a59b010131d5ccee20e21553303,2026-07-25,I-5 @ Lake Isabella or Laval Road,False
5853847c-19b3-4623-912f-4d965355ea1e,Petro Corning,CA,interstate,I-5,data/imports/locmaster20260725.xlsx,5ebe0e9f034153536fe3946a3e5cc3d5a45c9a59b010131d5ccee20e21553303,2026-07-25,"I-5 at South Avenue, Exit 630",False
5853847c-19b3-4623-912f-4d965355ea1e,Petro Corning,CA,exit_number,630,data/imports/locmaster20260725.xlsx,5ebe0e9f034153536fe3946a3e5cc3d5a45c9a59b010131d5ccee20e21553303,2026-07-25,"I-5 at South Avenue, Exit 630",False
5c4f1bd6-e79e-48b2-8d3c-b0cf4b91b934,TA Barstow,CA,interstate,I-15,data/imports/locmaster20260725.xlsx,5ebe0e9f034153536fe3946a3e5cc3d5a45c9a59b010131d5ccee20e21553303,2026-07-25,I-15 Exit 178/Lenwood Rd.,False
5c4f1bd6-e79e-48b2-8d3c-b0cf4b91b934,TA Barstow,CA,exit_number,178,data/imports/locmaster20260725.xlsx,5ebe0e9f034153536fe3946a3e5cc3d5a45c9a59b010131d5ccee20e21553303,2026-07-25,I-15 Exit 178/Lenwood Rd.,False
7220877f-0b69-4559-a7aa-175ab7e82c6e,Petro Wheeler Ridge,CA,interstate,I-5,data/imports/locmaster20260725.xlsx,5ebe0e9f034153536fe3946a3e5cc3d5a45c9a59b010131d5ccee20e21553303,2026-07-25,I-5 at Laval Road West,False
8a92c12c-7f82-40ca-8244-38a54f195999,TA Santa Nella,CA,interstate,I-5,data/imports/locmaster20260725.xlsx,5ebe0e9f034153536fe3946a3e5cc3d5a45c9a59b010131d5ccee20e21553303,2026-07-25,"I-5 & Hwy 33, Santa Nella Exit",False
9c7bdf1a-fe83-41ef-a925-a73eb3c4d4a4,Petro Ontario,CA,interstate,I-10,data/imports/locmaster20260725.xlsx,5ebe0e9f034153536fe3946a3e5cc3d5a45c9a59b010131d5ccee20e21553303,2026-07-25,I-10 & Milliken Ave. Exit 57,False
9c7bdf1a-fe83-41ef-a925-a73eb3c4d4a4,Petro Ontario,CA,exit_number,57,data/imports/locmaster20260725.xlsx,5ebe0e9f034153536fe3946a3e5cc3d5a45c9a59b010131d5ccee20e21553303,2026-07-25,I-10 & Milliken Ave. Exit 57,False
ac2fb202-c39a-49e4-a1ae-fc78ab554009,TA Coachella,CA,interstate,I-10,data/imports/locmaster20260725.xlsx,5ebe0e9f034153536fe3946a3e5cc3d5a45c9a59b010131d5ccee20e21553303,2026-07-25,I-10 at Exit 146 (Dillon Rd.),False
ac2fb202-c39a-49e4-a1ae-fc78ab554009,TA Coachella,CA,exit_number,146,data/imports/locmaster20260725.xlsx,5ebe0e9f034153536fe3946a3e5cc3d5a45c9a59b010131d5ccee20e21553303,2026-07-25,I-10 at Exit 146 (Dillon Rd.),False
d58dbde6-582b-4601-8bbf-bd8999741f2f,TA Redding,CA,interstate,I-5,data/imports/locmaster20260725.xlsx,5ebe0e9f034153536fe3946a3e5cc3d5a45c9a59b010131d5ccee20e21553303,2026-07-25,"I-5, Knighton Road",False
f522cc1a-d3b9-4b42-8e57-55f35c07fa69,TA Ontario,CA,interstate,I-10,data/imports/locmaster20260725.xlsx,5ebe0e9f034153536fe3946a3e5cc3d5a45c9a59b010131d5ccee20e21553303,2026-07-25,I-10 at Milliken Avenue,False
fb50e64a-1887-4db8-9415-2059d8b7ae88,TA Buttonwillow,CA,interstate,I-5,data/imports/locmaster20260725.xlsx,5ebe0e9f034153536fe3946a3e5cc3d5a45c9a59b010131d5ccee20e21553303,2026-07-25,"I-5, Exit 257, Highway 58",False
fb50e64a-1887-4db8-9415-2059d8b7ae88,TA Buttonwillow,CA,exit_number,257,data/imports/locmaster20260725.xlsx,5ebe0e9f034153536fe3946a3e5cc3d5a45c9a59b010131d5ccee20e21553303,2026-07-25,"I-5, Exit 257, Highway 58",False
1af7e56a-9913-49a4-99c2-9ab5af0dcdb3,Petro Johnson's Corner,CO,interstate,I-25,data/imports/locmaster20260725.xlsx,5ebe0e9f034153536fe3946a3e5cc3d5a45c9a59b010131d5ccee20e21553303,2026-07-25,"I-25, Exit 254",False
1af7e56a-9913-49a4-99c2-9ab5af0dcdb3,Petro Johnson's Corner,CO,exit_number,254,data/imports/locmaster20260725.xlsx,5ebe0e9f034153536fe3946a3e5cc3d5a45c9a59b010131d5ccee20e21553303,2026-07-25,"I-25, Exit 254",False
5d30b5eb-cba8-4759-af08-66c1a63dced3,TA Commerce City,CO,interstate,I-70,data/imports/locmaster20260725.xlsx,5ebe0e9f034153536fe3946a3e5cc3d5a45c9a59b010131d5ccee20e21553303,2026-07-25,"I-70/I-270, Exit 278 (Quebec St. Exit)",True
5d30b5eb-cba8-4759-af08-66c1a63dced3,TA Commerce City,CO,exit_number,278,data/imports/locmaster20260725.xlsx,5ebe0e9f034153536fe3946a3e5cc3d5a45c9a59b010131d5ccee20e21553303,2026-07-25,"I-70/I-270, Exit 278 (Quebec St. Exit)",True
6005b068-702b-42c9-9fcd-43c73359591d,TA Pueblo,CO,interstate,I-25,data/imports/locmaster20260725.xlsx,5ebe0e9f034153536fe3946a3e5cc3d5a45c9a59b010131d5ccee20e21553303,2026-07-25,I-25 Exit 104,False
6005b068-702b-42c9-9fcd-43c73359591d,TA Pueblo,CO,exit_number,104,data/imports/locmaster20260725.xlsx,5ebe0e9f034153536fe3946a3e5cc3d5a45c9a59b010131d5ccee20e21553303,2026-07-25,I-25 Exit 104,False
67812e7e-dcd5-4673-954d-4f4d783ba708,TA Express Brush,CO,interstate,I-76,data/imports/locmaster20260725.xlsx,5ebe0e9f034153536fe3946a3e5cc3d5a45c9a59b010131d5ccee20e21553303,2026-07-25,"I-76, Exit 90",False
67812e7e-dcd5-4673-954d-4f4d783ba708,TA Express Brush,CO,exit_number,90,data/imports/locmaster20260725.xlsx,5ebe0e9f034153536fe3946a3e5cc3d5a45c9a59b010131d5ccee20e21553303,2026-07-25,"I-76, Exit 90",False
72b9f7a6-7ee8-4498-b53e-6d3ef73fbfe1,TA Limon,CO,interstate,I-70,data/imports/locmaster20260725.xlsx,5ebe0e9f034153536fe3946a3e5cc3d5a45c9a59b010131d5ccee20e21553303,2026-07-25,"I-70 & Hwy 24, Exit 359",False
72b9f7a6-7ee8-4498-b53e-6d3ef73fbfe1,TA Limon,CO,exit_number,359,data/imports/locmaster20260725.xlsx,5ebe0e9f034153536fe3946a3e5cc3d5a45c9a59b010131d5ccee20e21553303,2026-07-25,"I-70 & Hwy 24, Exit 359",False
84c4403f-64c2-46e5-b2a5-bd39557d8f80,TA Wheat Ridge,CO,interstate,I-70,data/imports/locmaster20260725.xlsx,5ebe0e9f034153536fe3946a3e5cc3d5a45c9a59b010131d5ccee20e21553303,2026-07-25,"I-70, Exit 266",False
84c4403f-64c2-46e5-b2a5-bd39557d8f80,TA Wheat Ridge,CO,exit_number,266,data/imports/locmaster20260725.xlsx,5ebe0e9f034153536fe3946a3e5cc3d5a45c9a59b010131d5ccee20e21553303,2026-07-25,"I-70, Exit 266",False
bf0d01cb-2d92-4e53-9ccd-340cff7bfb4a,TA Express Walsenburg,CO,interstate,I-25,data/imports/locmaster20260725.xlsx,5ebe0e9f034153536fe3946a3e5cc3d5a45c9a59b010131d5ccee20e21553303,2026-07-25,"I-25, Exit 52",False
bf0d01cb-2d92-4e53-9ccd-340cff7bfb4a,TA Express Walsenburg,CO,exit_number,52,data/imports/locmaster20260725.xlsx,5ebe0e9f034153536fe3946a3e5cc3d5a45c9a59b010131d5ccee20e21553303,2026-07-25,"I-25, Exit 52",False
b1a810d9-fa26-4b9f-a829-7ff3a327a6ed,TA Southington,CT,interstate,I-84,data/imports/locmaster20260725.xlsx,5ebe0e9f034153536fe3946a3e5cc3d5a45c9a59b010131d5ccee20e21553303,2026-07-25,"I-84, Exit 28, Highway 322",False
b1a810d9-fa26-4b9f-a829-7ff3a327a6ed,TA Southington,CT,exit_number,28,data/imports/locmaster20260725.xlsx,5ebe0e9f034153536fe3946a3e5cc3d5a45c9a59b010131d5ccee20e21553303,2026-07-25,"I-84, Exit 28, Highway 322",False
e2294476-d094-44fa-85f2-88464d6fad92,TA Express New Haven,CT,interstate,I-95,data/imports/locmaster20260725.xlsx,5ebe0e9f034153536fe3946a3e5cc3d5a45c9a59b010131d5ccee20e21553303,2026-07-25,"I-95, Exit 56",False
e2294476-d094-44fa-85f2-88464d6fad92,TA Express New Haven,CT,exit_number,56,data/imports/locmaster20260725.xlsx,5ebe0e9f034153536fe3946a3e5cc3d5a45c9a59b010131d5ccee20e21553303,2026-07-25,"I-95, Exit 56",False
fa09d896-cd19-4d18-8362-ef5fa21d84be,TA Willington,CT,interstate,I-84,data/imports/locmaster20260725.xlsx,5ebe0e9f034153536fe3946a3e5cc3d5a45c9a59b010131d5ccee20e21553303,2026-07-25,"I-84, Exit 71 Ruby Rd.",False
fa09d896-cd19-4d18-8362-ef5fa21d84be,TA Willington,CT,exit_number,71,data/imports/locmaster20260725.xlsx,5ebe0e9f034153536fe3946a3e5cc3d5a45c9a59b010131d5ccee20e21553303,2026-07-25,"I-84, Exit 71 Ruby Rd.",False
354bc376-dbe6-4584-b8a5-1b4ec6e55c70,TA Express Tampa,FL,interstate,I-4,data/imports/locmaster20260725.xlsx,5ebe0e9f034153536fe3946a3e5cc3d5a45c9a59b010131d5ccee20e21553303,2026-07-25,"I-4, Exit 10",False
354bc376-dbe6-4584-b8a5-1b4ec6e55c70,TA Express Tampa,FL,exit_number,10,data/imports/locmaster20260725.xlsx,5ebe0e9f034153536fe3946a3e5cc3d5a45c9a59b010131d5ccee20e21553303,2026-07-25,"I-4, Exit 10",False
8961b7bf-e704-4c95-b7aa-13e323b7feb5,TA Baldwin,FL,interstate,I-10,data/imports/locmaster20260725.xlsx,5ebe0e9f034153536fe3946a3e5cc3d5a45c9a59b010131d5ccee20e21553303,2026-07-25,"I-10, Exit 343",False
8961b7bf-e704-4c95-b7aa-13e323b7feb5,TA Baldwin,FL,exit_number,343,data/imports/locmaster20260725.xlsx,5ebe0e9f034153536fe3946a3e5cc3d5a45c9a59b010131d5ccee20e21553303,2026-07-25,"I-10, Exit 343",False
c8d42a99-8adc-4143-9db1-61eed3e986d6,TA Marianna,FL,interstate,I-10,data/imports/locmaster20260725.xlsx,5ebe0e9f034153536fe3946a3e5cc3d5a45c9a59b010131d5ccee20e21553303,2026-07-25,"I-10, Exit 142",False
c8d42a99-8adc-4143-9db1-61eed3e986d6,TA Marianna,FL,exit_number,142,data/imports/locmaster20260725.xlsx,5ebe0e9f034153536fe3946a3e5cc3d5a45c9a59b010131d5ccee20e21553303,2026-07-25,"I-10, Exit 142",False
f3ec3f7f-ca2e-48b0-9cbc-113b78a155ba,TA Jacksonville South,FL,interstate,I-95,data/imports/locmaster20260725.xlsx,5ebe0e9f034153536fe3946a3e5cc3d5a45c9a59b010131d5ccee20e21553303,2026-07-25,"I-95, Exit 329",False
f3ec3f7f-ca2e-48b0-9cbc-113b78a155ba,TA Jacksonville South,FL,exit_number,329,data/imports/locmaster20260725.xlsx,5ebe0e9f034153536fe3946a3e5cc3d5a45c9a59b010131d5ccee20e21553303,2026-07-25,"I-95, Exit 329",False
15de1227-c048-4efc-9434-ac55e17356f1,TA Atlanta South,GA,interstate,I-75,data/imports/locmaster20260725.xlsx,5ebe0e9f034153536fe3946a3e5cc3d5a45c9a59b010131d5ccee20e21553303,2026-07-25,"I-75 & Georgia Hwy 36, Exit 201",False
15de1227-c048-4efc-9434-ac55e17356f1,TA Atlanta South,GA,exit_number,201,data/imports/locmaster20260725.xlsx,5ebe0e9f034153536fe3946a3e5cc3d5a45c9a59b010131d5ccee20e21553303,2026-07-25,"I-75 & Georgia Hwy 36, Exit 201",False
248c8882-cbfb-4e69-92a8-b229a54dceac,TA Express Thomson,GA,interstate,I-20,data/imports/locmaster20260725.xlsx,5ebe0e9f034153536fe3946a3e5cc3d5a45c9a59b010131d5ccee20e21553303,2026-07-25,I-20; Exit 175,False
248c8882-cbfb-4e69-92a8-b229a54dceac,TA Express Thomson,GA,exit_number,175,data/imports/locmaster20260725.xlsx,5ebe0e9f034153536fe3946a3e5cc3d5a45c9a59b010131d5ccee20e21553303,2026-07-25,I-20; Exit 175,False
3315aec6-1457-457d-a928-f2ac60c9601f,TA Express West Point,GA,interstate,I-85,data/imports/locmaster20260725.xlsx,5ebe0e9f034153536fe3946a3e5cc3d5a45c9a59b010131d5ccee20e21553303,2026-07-25,"I-85, Exit 6",False
3315aec6-1457-457d-a928-f2ac60c9601f,TA Express West Point,GA,exit_number,6,data/imports/locmaster20260725.xlsx,5ebe0e9f034153536fe3946a3e5cc3d5a45c9a59b010131d5ccee20e21553303,2026-07-25,"I-85, Exit 6",False
524f9828-f30b-4fd0-8c19-517ca2a94810,Petro Carnesville,GA,interstate,I-85,data/imports/locmaster20260725.xlsx,5ebe0e9f034153536fe3946a3e5cc3d5a45c9a59b010131d5ccee20e21553303,2026-07-25,"I-85, Exit 160",False
524f9828-f30b-4fd0-8c19-517ca2a94810,Petro Carnesville,GA,exit_number,160,data/imports/locmaster20260725.xlsx,5ebe0e9f034153536fe3946a3e5cc3d5a45c9a59b010131d5ccee20e21553303,2026-07-25,"I-85, Exit 160",False
5ef4d83d-9b81-40cc-b362-014183b69595,TA Commerce,GA,interstate,I-85,data/imports/locmaster20260725.xlsx,5ebe0e9f034153536fe3946a3e5cc3d5a45c9a59b010131d5ccee20e21553303,2026-07-25,"I-85 at U.S. 441, Exit 149",False
5ef4d83d-9b81-40cc-b362-014183b69595,TA Commerce,GA,exit_number,149,data/imports/locmaster20260725.xlsx,5ebe0e9f034153536fe3946a3e5cc3d5a45c9a59b010131d5ccee20e21553303,2026-07-25,"I-85 at U.S. 441, Exit 149",False
8f93fd04-a71e-4c59-8bbe-9c6bcd23f1fe,TA Madison,GA,interstate,I-20,data/imports/locmaster20260725.xlsx,5ebe0e9f034153536fe3946a3e5cc3d5a45c9a59b010131d5ccee20e21553303,2026-07-25,"I-20 & U.S. 441, Exit 114",False
8f93fd04-a71e-4c59-8bbe-9c6bcd23f1fe,TA Madison,GA,exit_number,114,data/imports/locmaster20260725.xlsx,5ebe0e9f034153536fe3946a3e5cc3d5a45c9a59b010131d5ccee20e21553303,2026-07-25,"I-20 & U.S. 441, Exit 114",False
95054be6-8ab3-4994-a0bf-92f85087cf2f,Petro Atlanta,GA,interstate,I-285,data/imports/locmaster20260725.xlsx,5ebe0e9f034153536fe3946a3e5cc3d5a45c9a59b010131d5ccee20e21553303,2026-07-25,"I-285, Exit 12 at Donald Lee Hollowell Hwy",False
95054be6-8ab3-4994-a0bf-92f85087cf2f,Petro Atlanta,GA,exit_number,12,data/imports/locmaster20260725.xlsx,5ebe0e9f034153536fe3946a3e5cc3d5a45c9a59b010131d5ccee20e21553303,2026-07-25,"I-285, Exit 12 at Donald Lee Hollowell Hwy",False
e32efb95-b1ab-4a54-a931-c6eb071a8448,TA Express Statesboro,GA,interstate,I-16,data/imports/locmaster20260725.xlsx,5ebe0e9f034153536fe3946a3e5cc3d5a45c9a59b010131d5ccee20e21553303,2026-07-25,"I-16, US-301, Exit 116",False
e32efb95-b1ab-4a54-a931-c6eb071a8448,TA Express Statesboro,GA,exit_number,116,data/imports/locmaster20260725.xlsx,5ebe0e9f034153536fe3946a3e5cc3d5a45c9a59b010131d5ccee20e21553303,2026-07-25,"I-16, US-301, Exit 116",False
3e8796c6-77f4-4c8c-9832-e46e040689c5,TA Brooklyn,IA,interstate,I-80,data/imports/locmaster20260725.xlsx,5ebe0e9f034153536fe3946a3e5cc3d5a45c9a59b010131d5ccee20e21553303,2026-07-25,"I-80, Exit 197",False
3e8796c6-77f4-4c8c-9832-e46e040689c5,TA Brooklyn,IA,exit_number,197,data/imports/locmaster20260725.xlsx,5ebe0e9f034153536fe3946a3e5cc3d5a45c9a59b010131d5ccee20e21553303,2026-07-25,"I-80, Exit 197",False
56e288be-090e-435c-982a-7d7355c5e464,TA Council Bluffs,IA,interstate,I-29,data/imports/locmaster20260725.xlsx,5ebe0e9f034153536fe3946a3e5cc3d5a45c9a59b010131d5ccee20e21553303,2026-07-25,"I-29(NB)/I-80(EB), Exit 48 I-29(SB)/I-80(WB), Exit 3 S. Expwy, Exit 49",True
cf1c022a-77d9-42a4-996a-4f012c353ed0,TA Walcott,IA,interstate,I-80,data/imports/locmaster20260725.xlsx,5ebe0e9f034153536fe3946a3e5cc3d5a45c9a59b010131d5ccee20e21553303,2026-07-25,"I-80, Exit 284",False
cf1c022a-77d9-42a4-996a-4f012c353ed0,TA Walcott,IA,exit_number,284,data/imports/locmaster20260725.xlsx,5ebe0e9f034153536fe3946a3e5cc3d5a45c9a59b010131d5ccee20e21553303,2026-07-25,"I-80, Exit 284",False
f97e88cd-9e27-4e36-9b20-777bd710ed92,TA Williams,IA,interstate,I-35,data/imports/locmaster20260725.xlsx,5ebe0e9f034153536fe3946a3e5cc3d5a45c9a59b010131d5ccee20e21553303,2026-07-25,"I-35, Exit 144",False
f97e88cd-9e27-4e36-9b20-777bd710ed92,TA Williams,IA,exit_number,144,data/imports/locmaster20260725.xlsx,5ebe0e9f034153536fe3946a3e5cc3d5a45c9a59b010131d5ccee20e21553303,2026-07-25,"I-35, Exit 144",False
0c347f93-9185-4cd7-89d6-a411df092ced,TA Boise,ID,interstate,I-84,data/imports/locmaster20260725.xlsx,5ebe0e9f034153536fe3946a3e5cc3d5a45c9a59b010131d5ccee20e21553303,2026-07-25,"I-84, Exit 54",False
0c347f93-9185-4cd7-89d6-a411df092ced,TA Boise,ID,exit_number,54,data/imports/locmaster20260725.xlsx,5ebe0e9f034153536fe3946a3e5cc3d5a45c9a59b010131d5ccee20e21553303,2026-07-25,"I-84, Exit 54",False
8b16110b-263b-41f1-81f7-f05a3c028b11,TA Express Dubois,ID,interstate,I-15,data/imports/locmaster20260725.xlsx,5ebe0e9f034153536fe3946a3e5cc3d5a45c9a59b010131d5ccee20e21553303,2026-07-25,"I-15, exit 137",False
8b16110b-263b-41f1-81f7-f05a3c028b11,TA Express Dubois,ID,exit_number,137,data/imports/locmaster20260725.xlsx,5ebe0e9f034153536fe3946a3e5cc3d5a45c9a59b010131d5ccee20e21553303,2026-07-25,"I-15, exit 137",False
2b72144a-269f-4d29-b6fe-0b9068ee7a37,Petro Effingham,IL,interstate,I-70,data/imports/locmaster20260725.xlsx,5ebe0e9f034153536fe3946a3e5cc3d5a45c9a59b010131d5ccee20e21553303,2026-07-25,"I-70/I-57, Exit 159 at West Fayette Ave.",True
2b72144a-269f-4d29-b6fe-0b9068ee7a37,Petro Effingham,IL,exit_number,159,data/imports/locmaster20260725.xlsx,5ebe0e9f034153536fe3946a3e5cc3d5a45c9a59b010131d5ccee20e21553303,2026-07-25,"I-70/I-57, Exit 159 at West Fayette Ave.",True
2e1fe245-218d-4632-bdd4-4b320d69eba1,TA Bloomington,IL,interstate,I-55,data/imports/locmaster20260725.xlsx,5ebe0e9f034153536fe3946a3e5cc3d5a45c9a59b010131d5ccee20e21553303,2026-07-25,"I-55, I-74, I-39 at Route 9, Exit 160",True
2e1fe245-218d-4632-bdd4-4b320d69eba1,TA Bloomington,IL,exit_number,160,data/imports/locmaster20260725.xlsx,5ebe0e9f034153536fe3946a3e5cc3d5a45c9a59b010131d5ccee20e21553303,2026-07-25,"I-55, I-74, I-39 at Route 9, Exit 160",True
3e613b47-7f44-420d-b839-01e19ad138ab,TA Elgin,IL,interstate,I-90,data/imports/locmaster20260725.xlsx,5ebe0e9f034153536fe3946a3e5cc3d5a45c9a59b010131d5ccee20e21553303,2026-07-25,"I-90, Exit 42",False
3e613b47-7f44-420d-b839-01e19ad138ab,TA Elgin,IL,exit_number,42,data/imports/locmaster20260725.xlsx,5ebe0e9f034153536fe3946a3e5cc3d5a45c9a59b010131d5ccee20e21553303,2026-07-25,"I-90, Exit 42",False
670336d0-8400-4a92-a882-d5be882b83cc,TA Effingham,IL,interstate,I-57,data/imports/locmaster20260725.xlsx,5ebe0e9f034153536fe3946a3e5cc3d5a45c9a59b010131d5ccee20e21553303,2026-07-25,"I-57 & I-70 State Route 32 & 33, Exit 160",True
670336d0-8400-4a92-a882-d5be882b83cc,TA Effingham,IL,exit_number,160,data/imports/locmaster20260725.xlsx,5ebe0e9f034153536fe3946a3e5cc3d5a45c9a59b010131d5ccee20e21553303,2026-07-25,"I-57 & I-70 State Route 32 & 33, Exit 160",True
7910dd09-6b8f-41da-a86b-1bbf6d07ee5c,TA Chicago North,IL,interstate,I-94,data/imports/locmaster20260725.xlsx,5ebe0e9f034153536fe3946a3e5cc3d5a45c9a59b010131d5ccee20e21553303,2026-07-25,"I-94 & Russell, Illinois/Wisconsin Line",False
8cb6b807-56bd-4e9a-8602-614ce19e1fc1,Petro Rochelle,IL,interstate,I-39,data/imports/locmaster20260725.xlsx,5ebe0e9f034153536fe3946a3e5cc3d5a45c9a59b010131d5ccee20e21553303,2026-07-25,"I-39 at Route 38, Exit 99",False
8cb6b807-56bd-4e9a-8602-614ce19e1fc1,Petro Rochelle,IL,exit_number,99,data/imports/locmaster20260725.xlsx,5ebe0e9f034153536fe3946a3e5cc3d5a45c9a59b010131d5ccee20e21553303,2026-07-25,"I-39 at Route 38, Exit 99",False
8cf8aaf4-ffe0-46b7-b6b7-2965c93d4ba4,TA Express Riverton,IL,interstate,I-72,data/imports/locmaster20260725.xlsx,5ebe0e9f034153536fe3946a3e5cc3d5a45c9a59b010131d5ccee20e21553303,2026-07-25,"I-72, Exit 108",False
8cf8aaf4-ffe0-46b7-b6b7-2965c93d4ba4,TA Express Riverton,IL,exit_number,108,data/imports/locmaster20260725.xlsx,5ebe0e9f034153536fe3946a3e5cc3d5a45c9a59b010131d5ccee20e21553303,2026-07-25,"I-72, Exit 108",False
b4676e5b-415d-49ad-89fc-54093a291c67,Petro Monee,IL,interstate,I-57,data/imports/locmaster20260725.xlsx,5ebe0e9f034153536fe3946a3e5cc3d5a45c9a59b010131d5ccee20e21553303,2026-07-25,"I-57, Exit 335",False
b4676e5b-415d-49ad-89fc-54093a291c67,Petro Monee,IL,exit_number,335,data/imports/locmaster20260725.xlsx,5ebe0e9f034153536fe3946a3e5cc3d5a45c9a59b010131d5ccee20e21553303,2026-07-25,"I-57, Exit 335",False
b98f412b-81ce-42ac-8977-adec80ca53ec,TA Mt Vernon,IL,interstate,I-57,data/imports/locmaster20260725.xlsx,5ebe0e9f034153536fe3946a3e5cc3d5a45c9a59b010131d5ccee20e21553303,2026-07-25,"I-57 & I-64, Exit 95",True
b98f412b-81ce-42ac-8977-adec80ca53ec,TA Mt Vernon,IL,exit_number,95,data/imports/locmaster20260725.xlsx,5ebe0e9f034153536fe3946a3e5cc3d5a45c9a59b010131d5ccee20e21553303,2026-07-25,"I-57 & I-64, Exit 95",True
c2856021-e58e-432f-a0e1-b909d41f2ce9,TA Morris,IL,interstate,I-80,data/imports/locmaster20260725.xlsx,5ebe0e9f034153536fe3946a3e5cc3d5a45c9a59b010131d5ccee20e21553303,2026-07-25,"I-80 & Route 47, Exit 112B",False
c2856021-e58e-432f-a0e1-b909d41f2ce9,TA Morris,IL,exit_number,112B,data/imports/locmaster20260725.xlsx,5ebe0e9f034153536fe3946a3e5cc3d5a45c9a59b010131d5ccee20e21553303,2026-07-25,"I-80 & Route 47, Exit 112B",False
c5ec9b22-8675-4047-8b0f-f80dbfc0b218,Petro Wilmington,IL,interstate,I-55,data/imports/locmaster20260725.xlsx,5ebe0e9f034153536fe3946a3e5cc3d5a45c9a59b010131d5ccee20e21553303,2026-07-25,"I-55, Exit 240",False
c5ec9b22-8675-4047-8b0f-f80dbfc0b218,Petro Wilmington,IL,exit_number,240,data/imports/locmaster20260725.xlsx,5ebe0e9f034153536fe3946a3e5cc3d5a45c9a59b010131d5ccee20e21553303,2026-07-25,"I-55, Exit 240",False
cbd7c985-75b5-4368-8bad-35d4c52784b0,TA Troy,IL,interstate,I-55,data/imports/locmaster20260725.xlsx,5ebe0e9f034153536fe3946a3e5cc3d5a45c9a59b010131d5ccee20e21553303,2026-07-25,"I-55/I-70 at State Route 162, Exit 18",True
cbd7c985-75b5-4368-8bad-35d4c52784b0,TA Troy,IL,exit_number,18,data/imports/locmaster20260725.xlsx,5ebe0e9f034153536fe3946a3e5cc3d5a45c9a59b010131d5ccee20e21553303,2026-07-25,"I-55/I-70 at State Route 162, Exit 18",True
02564379-d8e9-432b-813a-607b86ce9dc6,TA Lake Station,IN,interstate,I-80,data/imports/locmaster20260725.xlsx,5ebe0e9f034153536fe3946a3e5cc3d5a45c9a59b010131d5ccee20e21553303,2026-07-25,"I-80/I-94, Exit 15B",True
02564379-d8e9-432b-813a-607b86ce9dc6,TA Lake Station,IN,exit_number,15B,data/imports/locmaster20260725.xlsx,5ebe0e9f034153536fe3946a3e5cc3d5a45c9a59b010131d5ccee20e21553303,2026-07-25,"I-80/I-94, Exit 15B",True
27a3e6fd-17cb-4f9d-8047-c0170c2d5783,TA Porter,IN,interstate,I-94,data/imports/locmaster20260725.xlsx,5ebe0e9f034153536fe3946a3e5cc3d5a45c9a59b010131d5ccee20e21553303,2026-07-25,"I-94, Exit 22B",False
27a3e6fd-17cb-4f9d-8047-c0170c2d5783,TA Porter,IN,exit_number,22B,data/imports/locmaster20260725.xlsx,5ebe0e9f034153536fe3946a3e5cc3d5a45c9a59b010131d5ccee20e21553303,2026-07-25,"I-94, Exit 22B",False
27d37d5d-0313-44e4-9f0e-86cb7f2b0db5,TA DeMotte,IN,interstate,I-65,data/imports/locmaster20260725.xlsx,5ebe0e9f034153536fe3946a3e5cc3d5a45c9a59b010131d5ccee20e21553303,2026-07-25,"I-65, Exit 230",False
27d37d5d-0313-44e4-9f0e-86cb7f2b0db5,TA DeMotte,IN,exit_number,230,data/imports/locmaster20260725.xlsx,5ebe0e9f034153536fe3946a3e5cc3d5a45c9a59b010131d5ccee20e21553303,2026-07-25,"I-65, Exit 230",False
34a70d3b-0b4b-46d5-8bbf-50053ee3e4de,TA Express Dale,IN,interstate,I-64,data/imports/locmaster20260725.xlsx,5ebe0e9f034153536fe3946a3e5cc3d5a45c9a59b010131d5ccee20e21553303,2026-07-25,"I-64, Exit 57A",False
34a70d3b-0b4b-46d5-8bbf-50053ee3e4de,TA Express Dale,IN,exit_number,57A,data/imports/locmaster20260725.xlsx,5ebe0e9f034153536fe3946a3e5cc3d5a45c9a59b010131d5ccee20e21553303,2026-07-25,"I-64, Exit 57A",False
3c7f74fd-3ec0-4334-866d-21185e736f28,Petro Brazil,IN,interstate,I-70,data/imports/locmaster20260725.xlsx,5ebe0e9f034153536fe3946a3e5cc3d5a45c9a59b010131d5ccee20e21553303,2026-07-25,"I-70, Exit 23",False
3c7f74fd-3ec0-4334-866d-21185e736f28,Petro Brazil,IN,exit_number,23,data/imports/locmaster20260725.xlsx,5ebe0e9f034153536fe3946a3e5cc3d5a45c9a59b010131d5ccee20e21553303,2026-07-25,"I-70, Exit 23",False
5b9f3833-3c26-446a-9911-2a2470d265f5,Petro Gaston,IN,interstate,I-69,data/imports/locmaster20260725.xlsx,5ebe0e9f034153536fe3946a3e5cc3d5a45c9a59b010131d5ccee20e21553303,2026-07-25,"I-69, Exit 245",False
5b9f3833-3c26-446a-9911-2a2470d265f5,Petro Gaston,IN,exit_number,245,data/imports/locmaster20260725.xlsx,5ebe0e9f034153536fe3946a3e5cc3d5a45c9a59b010131d5ccee20e21553303,2026-07-25,"I-69, Exit 245",False
7e566af4-17cc-41e7-844b-7dcb0f755df3,TA Clayton,IN,interstate,I-70,data/imports/locmaster20260725.xlsx,5ebe0e9f034153536fe3946a3e5cc3d5a45c9a59b010131d5ccee20e21553303,2026-07-25,"I-70 & State Road 39, Exit 59",False
7e566af4-17cc-41e7-844b-7dcb0f755df3,TA Clayton,IN,exit_number,59,data/imports/locmaster20260725.xlsx,5ebe0e9f034153536fe3946a3e5cc3d5a45c9a59b010131d5ccee20e21553303,2026-07-25,"I-70 & State Road 39, Exit 59",False
cad3881e-22a2-46e5-a77d-84dd18c7d261,Petro Greensburg,IN,interstate,I-74,data/imports/locmaster20260725.xlsx,5ebe0e9f034153536fe3946a3e5cc3d5a45c9a59b010131d5ccee20e21553303,2026-07-25,"I-74, Exit 143",False
cad3881e-22a2-46e5-a77d-84dd18c7d261,Petro Greensburg,IN,exit_number,143,data/imports/locmaster20260725.xlsx,5ebe0e9f034153536fe3946a3e5cc3d5a45c9a59b010131d5ccee20e21553303,2026-07-25,"I-74, Exit 143",False
e5a53a41-d491-48fa-a73f-00c545239b16,TA Express Fort Wayne,IN,interstate,I-69,data/imports/locmaster20260725.xlsx,5ebe0e9f034153536fe3946a3e5cc3d5a45c9a59b010131d5ccee20e21553303,2026-07-25,"I-69, exit 309",False
e5a53a41-d491-48fa-a73f-00c545239b16,TA Express Fort Wayne,IN,exit_number,309,data/imports/locmaster20260725.xlsx,5ebe0e9f034153536fe3946a3e5cc3d5a45c9a59b010131d5ccee20e21553303,2026-07-25,"I-69, exit 309",False
f4cbbe52-930d-4e01-8359-f695d521df60,Petro Angola,IN,interstate,I-69,data/imports/locmaster20260725.xlsx,5ebe0e9f034153536fe3946a3e5cc3d5a45c9a59b010131d5ccee20e21553303,2026-07-25,"I-69, Exit 157/357(new)",False
f4cbbe52-930d-4e01-8359-f695d521df60,Petro Angola,IN,exit_number,157,data/imports/locmaster20260725.xlsx,5ebe0e9f034153536fe3946a3e5cc3d5a45c9a59b010131d5ccee20e21553303,2026-07-25,"I-69, Exit 157/357(new)",False
676a342f-b814-4485-8538-4c9c01069ab2,Petro Colby,KS,interstate,I-70,data/imports/locmaster20260725.xlsx,5ebe0e9f034153536fe3946a3e5cc3d5a45c9a59b010131d5ccee20e21553303,2026-07-25,"I-70, Exit 53",False
676a342f-b814-4485-8538-4c9c01069ab2,Petro Colby,KS,exit_number,53,data/imports/locmaster20260725.xlsx,5ebe0e9f034153536fe3946a3e5cc3d5a45c9a59b010131d5ccee20e21553303,2026-07-25,"I-70, Exit 53",False
6f7a664a-0574-4de1-8acc-7de5a8371ba8,TA Beto Junction,KS,interstate,I-35,data/imports/locmaster20260725.xlsx,5ebe0e9f034153536fe3946a3e5cc3d5a45c9a59b010131d5ccee20e21553303,2026-07-25,"U.S. 75 & I-35, Exit 155",False
6f7a664a-0574-4de1-8acc-7de5a8371ba8,TA Beto Junction,KS,exit_number,155,data/imports/locmaster20260725.xlsx,5ebe0e9f034153536fe3946a3e5cc3d5a45c9a59b010131d5ccee20e21553303,2026-07-25,"U.S. 75 & I-35, Exit 155",False
821c8dbb-5e52-4920-96a1-9d98bbeeaa8b,TA Express Edgerton,KS,interstate,I-35,data/imports/locmaster20260725.xlsx,5ebe0e9f034153536fe3946a3e5cc3d5a45c9a59b010131d5ccee20e21553303,2026-07-25,"I-35, Exit 205",False
821c8dbb-5e52-4920-96a1-9d98bbeeaa8b,TA Express Edgerton,KS,exit_number,205,data/imports/locmaster20260725.xlsx,5ebe0e9f034153536fe3946a3e5cc3d5a45c9a59b010131d5ccee20e21553303,2026-07-25,"I-35, Exit 205",False
8bdfa9b4-b6d9-4ad3-b282-c310238260a6,TA Oakley,KS,interstate,I-70,data/imports/locmaster20260725.xlsx,5ebe0e9f034153536fe3946a3e5cc3d5a45c9a59b010131d5ccee20e21553303,2026-07-25,"I-70 and U.S. 40, Exit 76",False
8bdfa9b4-b6d9-4ad3-b282-c310238260a6,TA Oakley,KS,exit_number,76,data/imports/locmaster20260725.xlsx,5ebe0e9f034153536fe3946a3e5cc3d5a45c9a59b010131d5ccee20e21553303,2026-07-25,"I-70 and U.S. 40, Exit 76",False
98bf5e1e-ec9e-4632-8c0e-637117ea9e4a,Petro Salina,KS,interstate,I-70,data/imports/locmaster20260725.xlsx,5ebe0e9f034153536fe3946a3e5cc3d5a45c9a59b010131d5ccee20e21553303,2026-07-25,"I-70, Exit 252",False
98bf5e1e-ec9e-4632-8c0e-637117ea9e4a,Petro Salina,KS,exit_number,252,data/imports/locmaster20260725.xlsx,5ebe0e9f034153536fe3946a3e5cc3d5a45c9a59b010131d5ccee20e21553303,2026-07-25,"I-70, Exit 252",False
2bde784a-0feb-43ca-bd29-8bb461612903,Petro Glendale,KY,interstate,I-65,data/imports/locmaster20260725.xlsx,5ebe0e9f034153536fe3946a3e5cc3d5a45c9a59b010131d5ccee20e21553303,2026-07-25,"I-65, Exit 86",False
2bde784a-0feb-43ca-bd29-8bb461612903,Petro Glendale,KY,exit_number,86,data/imports/locmaster20260725.xlsx,5ebe0e9f034153536fe3946a3e5cc3d5a45c9a59b010131d5ccee20e21553303,2026-07-25,"I-65, Exit 86",False
409390ee-aca9-4f0f-8f46-56675e324adc,TA Smiths Grove,KY,interstate,I-65,data/imports/locmaster20260725.xlsx,5ebe0e9f034153536fe3946a3e5cc3d5a45c9a59b010131d5ccee20e21553303,2026-07-25,"I-65, Exit 38",False
409390ee-aca9-4f0f-8f46-56675e324adc,TA Smiths Grove,KY,exit_number,38,data/imports/locmaster20260725.xlsx,5ebe0e9f034153536fe3946a3e5cc3d5a45c9a59b010131d5ccee20e21553303,2026-07-25,"I-65, Exit 38",False
ce461491-1e00-4179-92b7-126cd264a7f3,TA Truck Service Franklin,KY,interstate,I-65,data/imports/locmaster20260725.xlsx,5ebe0e9f034153536fe3946a3e5cc3d5a45c9a59b010131d5ccee20e21553303,2026-07-25,"I-65, Exit 6",False
ce461491-1e00-4179-92b7-126cd264a7f3,TA Truck Service Franklin,KY,exit_number,6,data/imports/locmaster20260725.xlsx,5ebe0e9f034153536fe3946a3e5cc3d5a45c9a59b010131d5ccee20e21553303,2026-07-25,"I-65, Exit 6",False
04ba7dbb-2a5b-4a1c-8b2a-f55a2025e4ad,Petro Shreveport,LA,interstate,I-20,data/imports/locmaster20260725.xlsx,5ebe0e9f034153536fe3946a3e5cc3d5a45c9a59b010131d5ccee20e21553303,2026-07-25,"I-20, Exit 8 at Industrial Loop",False
04ba7dbb-2a5b-4a1c-8b2a-f55a2025e4ad,Petro Shreveport,LA,exit_number,8,data/imports/locmaster20260725.xlsx,5ebe0e9f034153536fe3946a3e5cc3d5a45c9a59b010131d5ccee20e21553303,2026-07-25,"I-20, Exit 8 at Industrial Loop",False
0d926d31-2fa5-4ef2-9101-1b9e074c8495,Petro Hammond,LA,interstate,I-12,data/imports/locmaster20260725.xlsx,5ebe0e9f034153536fe3946a3e5cc3d5a45c9a59b010131d5ccee20e21553303,2026-07-25,"I-12, Exit 40 at Hwy 51",False
0d926d31-2fa5-4ef2-9101-1b9e074c8495,Petro Hammond,LA,exit_number,40,data/imports/locmaster20260725.xlsx,5ebe0e9f034153536fe3946a3e5cc3d5a45c9a59b010131d5ccee20e21553303,2026-07-25,"I-12, Exit 40 at Hwy 51",False
1e8f2e34-9b2b-40a2-9ae6-40a2062651b5,TA Express Hosston,LA,interstate,I-49,data/imports/locmaster20260725.xlsx,5ebe0e9f034153536fe3946a3e5cc3d5a45c9a59b010131d5ccee20e21553303,2026-07-25,"I-49, exit 237",False
1e8f2e34-9b2b-40a2-9ae6-40a2062651b5,TA Express Hosston,LA,exit_number,237,data/imports/locmaster20260725.xlsx,5ebe0e9f034153536fe3946a3e5cc3d5a45c9a59b010131d5ccee20e21553303,2026-07-25,"I-49, exit 237",False
32031c1e-0d62-46a2-94e5-7f0d4ea4a6e9,Petro Egan,LA,interstate,I-10,data/imports/locmaster20260725.xlsx,5ebe0e9f034153536fe3946a3e5cc3d5a45c9a59b010131d5ccee20e21553303,2026-07-25,"I-10, Exit 76",False
32031c1e-0d62-46a2-94e5-7f0d4ea4a6e9,Petro Egan,LA,exit_number,76,data/imports/locmaster20260725.xlsx,5ebe0e9f034153536fe3946a3e5cc3d5a45c9a59b010131d5ccee20e21553303,2026-07-25,"I-10, Exit 76",False
467704e4-9578-4109-a37c-6f035359f6b4,TA Greenwood,LA,interstate,I-20,data/imports/locmaster20260725.xlsx,5ebe0e9f034153536fe3946a3e5cc3d5a45c9a59b010131d5ccee20e21553303,2026-07-25,"I-20, Exit 5",False
467704e4-9578-4109-a37c-6f035359f6b4,TA Greenwood,LA,exit_number,5,data/imports/locmaster20260725.xlsx,5ebe0e9f034153536fe3946a3e5cc3d5a45c9a59b010131d5ccee20e21553303,2026-07-25,"I-20, Exit 5",False
4ba96d81-95a1-46a5-afaf-78678c45d232,TA Express Grambling,LA,interstate,I-20,data/imports/locmaster20260725.xlsx,5ebe0e9f034153536fe3946a3e5cc3d5a45c9a59b010131d5ccee20e21553303,2026-07-25,"I-20, Exit 81",False
4ba96d81-95a1-46a5-afaf-78678c45d232,TA Express Grambling,LA,exit_number,81,data/imports/locmaster20260725.xlsx,5ebe0e9f034153536fe3946a3e5cc3d5a45c9a59b010131d5ccee20e21553303,2026-07-25,"I-20, Exit 81",False
5a3d5ca7-5e82-4e44-a1c3-725da6ecfeb4,TA Lafayette,LA,interstate,I-10,data/imports/locmaster20260725.xlsx,5ebe0e9f034153536fe3946a3e5cc3d5a45c9a59b010131d5ccee20e21553303,2026-07-25,"I-10 & State Road 182, MM 101",False
6f39b35c-812e-4818-b251-8470c223e06f,TA Express Minden,LA,interstate,I-20,data/imports/locmaster20260725.xlsx,5ebe0e9f034153536fe3946a3e5cc3d5a45c9a59b010131d5ccee20e21553303,2026-07-25,"I-20, Exit 52",False
6f39b35c-812e-4818-b251-8470c223e06f,TA Express Minden,LA,exit_number,52,data/imports/locmaster20260725.xlsx,5ebe0e9f034153536fe3946a3e5cc3d5a45c9a59b010131d5ccee20e21553303,2026-07-25,"I-20, Exit 52",False
8ebaa65f-063e-4c52-abeb-a3a53820927c,TA Tallulah,LA,interstate,I-20,data/imports/locmaster20260725.xlsx,5ebe0e9f034153536fe3946a3e5cc3d5a45c9a59b010131d5ccee20e21553303,2026-07-25,"I-20 & U.S. 65, Exit 171",False
8ebaa65f-063e-4c52-abeb-a3a53820927c,TA Tallulah,LA,exit_number,171,data/imports/locmaster20260725.xlsx,5ebe0e9f034153536fe3946a3e5cc3d5a45c9a59b010131d5ccee20e21553303,2026-07-25,"I-20 & U.S. 65, Exit 171",False
d964745d-fcae-4925-88bb-52ba116e655d,TA Express St. Rose,LA,interstate,I-310,data/imports/locmaster20260725.xlsx,5ebe0e9f034153536fe3946a3e5cc3d5a45c9a59b010131d5ccee20e21553303,2026-07-25,I-310 Exit 2,False
d964745d-fcae-4925-88bb-52ba116e655d,TA Express St. Rose,LA,exit_number,2,data/imports/locmaster20260725.xlsx,5ebe0e9f034153536fe3946a3e5cc3d5a45c9a59b010131d5ccee20e21553303,2026-07-25,I-310 Exit 2,False
db388573-84aa-42ca-ba18-40922752d573,TA Slidell,LA,interstate,I-10,data/imports/locmaster20260725.xlsx,5ebe0e9f034153536fe3946a3e5cc3d5a45c9a59b010131d5ccee20e21553303,2026-07-25,"I-10, Exit 266",False
db388573-84aa-42ca-ba18-40922752d573,TA Slidell,LA,exit_number,266,data/imports/locmaster20260725.xlsx,5ebe0e9f034153536fe3946a3e5cc3d5a45c9a59b010131d5ccee20e21553303,2026-07-25,"I-10, Exit 266",False
92690d91-86e8-47bf-9a48-647aaa6140d0,TA Battle Creek,MI,interstate,I-94,data/imports/locmaster20260725.xlsx,5ebe0e9f034153536fe3946a3e5cc3d5a45c9a59b010131d5ccee20e21553303,2026-07-25,"I-94, Exit 104",False
92690d91-86e8-47bf-9a48-647aaa6140d0,TA Battle Creek,MI,exit_number,104,data/imports/locmaster20260725.xlsx,5ebe0e9f034153536fe3946a3e5cc3d5a45c9a59b010131d5ccee20e21553303,2026-07-25,"I-94, Exit 104",False
ba06c4b9-ca65-4489-92df-4f01e1643299,TA Ann Arbor,MI,interstate,I-94,data/imports/locmaster20260725.xlsx,5ebe0e9f034153536fe3946a3e5cc3d5a45c9a59b010131d5ccee20e21553303,2026-07-25,"I-94, Exit 167",False
ba06c4b9-ca65-4489-92df-4f01e1643299,TA Ann Arbor,MI,exit_number,167,data/imports/locmaster20260725.xlsx,5ebe0e9f034153536fe3946a3e5cc3d5a45c9a59b010131d5ccee20e21553303,2026-07-25,"I-94, Exit 167",False
bef45037-3843-49ae-9a3a-31ad5f47857e,TA Tekonsha,MI,interstate,I-69,data/imports/locmaster20260725.xlsx,5ebe0e9f034153536fe3946a3e5cc3d5a45c9a59b010131d5ccee20e21553303,2026-07-25,"I-69, Exit 25",False
bef45037-3843-49ae-9a3a-31ad5f47857e,TA Tekonsha,MI,exit_number,25,data/imports/locmaster20260725.xlsx,5ebe0e9f034153536fe3946a3e5cc3d5a45c9a59b010131d5ccee20e21553303,2026-07-25,"I-69, Exit 25",False
e7e9af27-8e8d-4c63-9c1d-ea303d8773df,TA Sawyer,MI,interstate,I-94,data/imports/locmaster20260725.xlsx,5ebe0e9f034153536fe3946a3e5cc3d5a45c9a59b010131d5ccee20e21553303,2026-07-25,"I-94, Exit 12",False
e7e9af27-8e8d-4c63-9c1d-ea303d8773df,TA Sawyer,MI,exit_number,12,data/imports/locmaster20260725.xlsx,5ebe0e9f034153536fe3946a3e5cc3d5a45c9a59b010131d5ccee20e21553303,2026-07-25,"I-94, Exit 12",False
2b5ef8ac-3b7a-430e-b750-ba5603f2d016,Petro Albert Lea,MN,interstate,I-90,data/imports/locmaster20260725.xlsx,5ebe0e9f034153536fe3946a3e5cc3d5a45c9a59b010131d5ccee20e21553303,2026-07-25,"I-90 & I-35, Exit 11",True
2b5ef8ac-3b7a-430e-b750-ba5603f2d016,Petro Albert Lea,MN,exit_number,11,data/imports/locmaster20260725.xlsx,5ebe0e9f034153536fe3946a3e5cc3d5a45c9a59b010131d5ccee20e21553303,2026-07-25,"I-90 & I-35, Exit 11",True
9fc68613-b774-4b5e-bee0-ad9bf1893a65,TA Rogers,MN,interstate,I-94,data/imports/locmaster20260725.xlsx,5ebe0e9f034153536fe3946a3e5cc3d5a45c9a59b010131d5ccee20e21553303,2026-07-25,"I-94 & Hwy 101, Exit 207",False
9fc68613-b774-4b5e-bee0-ad9bf1893a65,TA Rogers,MN,exit_number,207,data/imports/locmaster20260725.xlsx,5ebe0e9f034153536fe3946a3e5cc3d5a45c9a59b010131d5ccee20e21553303,2026-07-25,"I-94 & Hwy 101, Exit 207",False
df1df6b9-0dc3-4928-a66d-6c84da588283,Petro Clearwater,MN,interstate,I-94,data/imports/locmaster20260725.xlsx,5ebe0e9f034153536fe3946a3e5cc3d5a45c9a59b010131d5ccee20e21553303,2026-07-25,I-94 & Hwy 24,False
136b5207-6f2a-41bf-8132-0896ddb2a9ae,TA Strafford,MO,interstate,I-44,data/imports/locmaster20260725.xlsx,5ebe0e9f034153536fe3946a3e5cc3d5a45c9a59b010131d5ccee20e21553303,2026-07-25,"I-44 , Exit 88",False
136b5207-6f2a-41bf-8132-0896ddb2a9ae,TA Strafford,MO,exit_number,88,data/imports/locmaster20260725.xlsx,5ebe0e9f034153536fe3946a3e5cc3d5a45c9a59b010131d5ccee20e21553303,2026-07-25,"I-44 , Exit 88",False
17af745f-ea45-4e29-aaee-bd16903a3748,TA Cuba,MO,interstate,I-44,data/imports/locmaster20260725.xlsx,5ebe0e9f034153536fe3946a3e5cc3d5a45c9a59b010131d5ccee20e21553303,2026-07-25,"I-44, Exit 208",False
17af745f-ea45-4e29-aaee-bd16903a3748,TA Cuba,MO,exit_number,208,data/imports/locmaster20260725.xlsx,5ebe0e9f034153536fe3946a3e5cc3d5a45c9a59b010131d5ccee20e21553303,2026-07-25,"I-44, Exit 208",False
486d3f65-047c-4625-a09a-b18aacde7cb8,Petro Kingdom City,MO,interstate,I-70,data/imports/locmaster20260725.xlsx,5ebe0e9f034153536fe3946a3e5cc3d5a45c9a59b010131d5ccee20e21553303,2026-07-25,"I-70 & Hwy 54, Exit 148",False
486d3f65-047c-4625-a09a-b18aacde7cb8,Petro Kingdom City,MO,exit_number,148,data/imports/locmaster20260725.xlsx,5ebe0e9f034153536fe3946a3e5cc3d5a45c9a59b010131d5ccee20e21553303,2026-07-25,"I-70 & Hwy 54, Exit 148",False
6a98e38a-7607-4995-a6a0-0223bea186e5,TA Oak Grove,MO,interstate,I-70,data/imports/locmaster20260725.xlsx,5ebe0e9f034153536fe3946a3e5cc3d5a45c9a59b010131d5ccee20e21553303,2026-07-25,"I-70 & Route H, Exit 28",False
6a98e38a-7607-4995-a6a0-0223bea186e5,TA Oak Grove,MO,exit_number,28,data/imports/locmaster20260725.xlsx,5ebe0e9f034153536fe3946a3e5cc3d5a45c9a59b010131d5ccee20e21553303,2026-07-25,"I-70 & Route H, Exit 28",False
8354b718-2894-40f8-aab9-f41d85b5e6af,Petro Joplin,MO,interstate,I-44,data/imports/locmaster20260725.xlsx,5ebe0e9f034153536fe3946a3e5cc3d5a45c9a59b010131d5ccee20e21553303,2026-07-25,"I-44 & Hwy 43, Exit 4",False
8354b718-2894-40f8-aab9-f41d85b5e6af,Petro Joplin,MO,exit_number,4,data/imports/locmaster20260725.xlsx,5ebe0e9f034153536fe3946a3e5cc3d5a45c9a59b010131d5ccee20e21553303,2026-07-25,"I-44 & Hwy 43, Exit 4",False
a6a22e48-5661-4c5c-a35c-719586116621,Petro Oak Grove,MO,interstate,I-70,data/imports/locmaster20260725.xlsx,5ebe0e9f034153536fe3946a3e5cc3d5a45c9a59b010131d5ccee20e21553303,2026-07-25,"I-70, Exit 28",False
a6a22e48-5661-4c5c-a35c-719586116621,Petro Oak Grove,MO,exit_number,28,data/imports/locmaster20260725.xlsx,5ebe0e9f034153536fe3946a3e5cc3d5a45c9a59b010131d5ccee20e21553303,2026-07-25,"I-70, Exit 28",False
b67f5fd5-e9ff-40a9-b666-a2ed01b51dd1,TA Mt. Vernon,MO,interstate,I-44,data/imports/locmaster20260725.xlsx,5ebe0e9f034153536fe3946a3e5cc3d5a45c9a59b010131d5ccee20e21553303,2026-07-25,"I-44 , exit 46",False
b67f5fd5-e9ff-40a9-b666-a2ed01b51dd1,TA Mt. Vernon,MO,exit_number,46,data/imports/locmaster20260725.xlsx,5ebe0e9f034153536fe3946a3e5cc3d5a45c9a59b010131d5ccee20e21553303,2026-07-25,"I-44 , exit 46",False
c5babc9e-53d3-491c-94d4-e2f426743d95,TA Foristell,MO,interstate,I-70,data/imports/locmaster20260725.xlsx,5ebe0e9f034153536fe3946a3e5cc3d5a45c9a59b010131d5ccee20e21553303,2026-07-25,"I-70 & Route W, Exit 203",False
c5babc9e-53d3-491c-94d4-e2f426743d95,TA Foristell,MO,exit_number,203,data/imports/locmaster20260725.xlsx,5ebe0e9f034153536fe3946a3e5cc3d5a45c9a59b010131d5ccee20e21553303,2026-07-25,"I-70 & Route W, Exit 203",False
d99bc2b5-9cd1-44ac-ac35-a50d38e140db,TA Matthews,MO,interstate,I-55,data/imports/locmaster20260725.xlsx,5ebe0e9f034153536fe3946a3e5cc3d5a45c9a59b010131d5ccee20e21553303,2026-07-25,"I-55 & Hwy 80, Exit 58",False
d99bc2b5-9cd1-44ac-ac35-a50d38e140db,TA Matthews,MO,exit_number,58,data/imports/locmaster20260725.xlsx,5ebe0e9f034153536fe3946a3e5cc3d5a45c9a59b010131d5ccee20e21553303,2026-07-25,"I-55 & Hwy 80, Exit 58",False
e6c7f853-921d-4df2-bddc-992a821a8ac1,TA Concordia,MO,interstate,I-70,data/imports/locmaster20260725.xlsx,5ebe0e9f034153536fe3946a3e5cc3d5a45c9a59b010131d5ccee20e21553303,2026-07-25,"I-70 & Rt. 23, Exit 58",False
e6c7f853-921d-4df2-bddc-992a821a8ac1,TA Concordia,MO,exit_number,58,data/imports/locmaster20260725.xlsx,5ebe0e9f034153536fe3946a3e5cc3d5a45c9a59b010131d5ccee20e21553303,2026-07-25,"I-70 & Rt. 23, Exit 58",False
13a6bfd0-c9b2-408e-b422-5135086846a9,TA Express Mooreville,MS,interstate,I-22,data/imports/locmaster20260725.xlsx,5ebe0e9f034153536fe3946a3e5cc3d5a45c9a59b010131d5ccee20e21553303,2026-07-25,"I-22, Exit 94",False
13a6bfd0-c9b2-408e-b422-5135086846a9,TA Express Mooreville,MS,exit_number,94,data/imports/locmaster20260725.xlsx,5ebe0e9f034153536fe3946a3e5cc3d5a45c9a59b010131d5ccee20e21553303,2026-07-25,"I-22, Exit 94",False
18e05b55-8bc4-41bc-85e1-7175d735559a,TA McComb,MS,interstate,I-55,data/imports/locmaster20260725.xlsx,5ebe0e9f034153536fe3946a3e5cc3d5a45c9a59b010131d5ccee20e21553303,2026-07-25,"I-55, exit 13",False
18e05b55-8bc4-41bc-85e1-7175d735559a,TA McComb,MS,exit_number,13,data/imports/locmaster20260725.xlsx,5ebe0e9f034153536fe3946a3e5cc3d5a45c9a59b010131d5ccee20e21553303,2026-07-25,"I-55, exit 13",False
79ed9b27-cfef-49ff-acd0-04e7965ba5e4,Petro Jackson,MS,interstate,I-20,data/imports/locmaster20260725.xlsx,5ebe0e9f034153536fe3946a3e5cc3d5a45c9a59b010131d5ccee20e21553303,2026-07-25,I-20,False
8fa6268e-9d60-4ae3-aa8e-e48541e0c976,TA Meridian,MS,interstate,I-20,data/imports/locmaster20260725.xlsx,5ebe0e9f034153536fe3946a3e5cc3d5a45c9a59b010131d5ccee20e21553303,2026-07-25,"I-20 & I-59, Exit 160",True
8fa6268e-9d60-4ae3-aa8e-e48541e0c976,TA Meridian,MS,exit_number,160,data/imports/locmaster20260725.xlsx,5ebe0e9f034153536fe3946a3e5cc3d5a45c9a59b010131d5ccee20e21553303,2026-07-25,"I-20 & I-59, Exit 160",True
0e36423d-5940-4c06-b144-7635400be38f,TA Missoula,MT,interstate,I-90,data/imports/locmaster20260725.xlsx,5ebe0e9f034153536fe3946a3e5cc3d5a45c9a59b010131d5ccee20e21553303,2026-07-25,"I-90, Exit 96 (Hwy 93)",False
0e36423d-5940-4c06-b144-7635400be38f,TA Missoula,MT,exit_number,96,data/imports/locmaster20260725.xlsx,5ebe0e9f034153536fe3946a3e5cc3d5a45c9a59b010131d5ccee20e21553303,2026-07-25,"I-90, Exit 96 (Hwy 93)",False
d416036c-c939-45db-81ab-fb282cbe0383,TA Laurel,MT,interstate,I-90,data/imports/locmaster20260725.xlsx,5ebe0e9f034153536fe3946a3e5cc3d5a45c9a59b010131d5ccee20e21553303,2026-07-25,"I-90, Exit 437",False
d416036c-c939-45db-81ab-fb282cbe0383,TA Laurel,MT,exit_number,437,data/imports/locmaster20260725.xlsx,5ebe0e9f034153536fe3946a3e5cc3d5a45c9a59b010131d5ccee20e21553303,2026-07-25,"I-90, Exit 437",False
216cd4e6-5b52-4658-82dd-9e781d935166,TA Greensboro,NC,interstate,I-85,data/imports/locmaster20260725.xlsx,5ebe0e9f034153536fe3946a3e5cc3d5a45c9a59b010131d5ccee20e21553303,2026-07-25,"I-85/I-40 & Hwy 61, Exit 138",True
216cd4e6-5b52-4658-82dd-9e781d935166,TA Greensboro,NC,exit_number,138,data/imports/locmaster20260725.xlsx,5ebe0e9f034153536fe3946a3e5cc3d5a45c9a59b010131d5ccee20e21553303,2026-07-25,"I-85/I-40 & Hwy 61, Exit 138",True
22e0f5b9-e72b-44aa-b29e-8f453e4501a7,TA Mocksville,NC,interstate,I-40,data/imports/locmaster20260725.xlsx,5ebe0e9f034153536fe3946a3e5cc3d5a45c9a59b010131d5ccee20e21553303,2026-07-25,"I-40, Exit 170",False
22e0f5b9-e72b-44aa-b29e-8f453e4501a7,TA Mocksville,NC,exit_number,170,data/imports/locmaster20260725.xlsx,5ebe0e9f034153536fe3946a3e5cc3d5a45c9a59b010131d5ccee20e21553303,2026-07-25,"I-40, Exit 170",False
d3adcae1-fdab-496c-8b41-6a7d1333603b,Petro Mebane,NC,interstate,I-40,data/imports/locmaster20260725.xlsx,5ebe0e9f034153536fe3946a3e5cc3d5a45c9a59b010131d5ccee20e21553303,2026-07-25,"I-40/85, Exit 157",False
d3adcae1-fdab-496c-8b41-6a7d1333603b,Petro Mebane,NC,exit_number,157,data/imports/locmaster20260725.xlsx,5ebe0e9f034153536fe3946a3e5cc3d5a45c9a59b010131d5ccee20e21553303,2026-07-25,"I-40/85, Exit 157",False
0873b4fe-f874-49a0-a217-7fe10dd3370a,TA Express Steele,ND,interstate,I-94,data/imports/locmaster20260725.xlsx,5ebe0e9f034153536fe3946a3e5cc3d5a45c9a59b010131d5ccee20e21553303,2026-07-25,"I-94, Exit 200",False
0873b4fe-f874-49a0-a217-7fe10dd3370a,TA Express Steele,ND,exit_number,200,data/imports/locmaster20260725.xlsx,5ebe0e9f034153536fe3946a3e5cc3d5a45c9a59b010131d5ccee20e21553303,2026-07-25,"I-94, Exit 200",False
2e035156-5cb9-4463-a8c6-b92c92af911e,Petro Fargo,ND,interstate,I-94,data/imports/locmaster20260725.xlsx,5ebe0e9f034153536fe3946a3e5cc3d5a45c9a59b010131d5ccee20e21553303,2026-07-25,"I-94, Exit 348",False
2e035156-5cb9-4463-a8c6-b92c92af911e,Petro Fargo,ND,exit_number,348,data/imports/locmaster20260725.xlsx,5ebe0e9f034153536fe3946a3e5cc3d5a45c9a59b010131d5ccee20e21553303,2026-07-25,"I-94, Exit 348",False
ea832d1e-20f8-4404-be52-d29baaea1404,TA Express Grand Forks,ND,interstate,I-29,data/imports/locmaster20260725.xlsx,5ebe0e9f034153536fe3946a3e5cc3d5a45c9a59b010131d5ccee20e21553303,2026-07-25,"I-29, exit 141",False
ea832d1e-20f8-4404-be52-d29baaea1404,TA Express Grand Forks,ND,exit_number,141,data/imports/locmaster20260725.xlsx,5ebe0e9f034153536fe3946a3e5cc3d5a45c9a59b010131d5ccee20e21553303,2026-07-25,"I-29, exit 141",False
28318499-0eaf-4b76-9f4f-ae01cb8396a0,TA Ogallala,NE,interstate,I-80,data/imports/locmaster20260725.xlsx,5ebe0e9f034153536fe3946a3e5cc3d5a45c9a59b010131d5ccee20e21553303,2026-07-25,"I-80, Exit 126",False
28318499-0eaf-4b76-9f4f-ae01cb8396a0,TA Ogallala,NE,exit_number,126,data/imports/locmaster20260725.xlsx,5ebe0e9f034153536fe3946a3e5cc3d5a45c9a59b010131d5ccee20e21553303,2026-07-25,"I-80, Exit 126",False
b510ec16-bc73-41d0-a0ef-9ebd47ffc3da,Petro York,NE,interstate,I-80,data/imports/locmaster20260725.xlsx,5ebe0e9f034153536fe3946a3e5cc3d5a45c9a59b010131d5ccee20e21553303,2026-07-25,"I-80 and US HWY 81, Exit 353",False
b510ec16-bc73-41d0-a0ef-9ebd47ffc3da,Petro York,NE,exit_number,353,data/imports/locmaster20260725.xlsx,5ebe0e9f034153536fe3946a3e5cc3d5a45c9a59b010131d5ccee20e21553303,2026-07-25,"I-80 and US HWY 81, Exit 353",False
b5d08f45-45b1-4a20-8fc0-f1b829117674,TA Grand Island,NE,interstate,I-80,data/imports/locmaster20260725.xlsx,5ebe0e9f034153536fe3946a3e5cc3d5a45c9a59b010131d5ccee20e21553303,2026-07-25,"I-80, Exit 305",False
b5d08f45-45b1-4a20-8fc0-f1b829117674,TA Grand Island,NE,exit_number,305,data/imports/locmaster20260725.xlsx,5ebe0e9f034153536fe3946a3e5cc3d5a45c9a59b010131d5ccee20e21553303,2026-07-25,"I-80, Exit 305",False
f3940f82-c33c-4372-b2bb-ce4a1be2cb88,TA Greenland,NH,interstate,I-95,data/imports/locmaster20260725.xlsx,5ebe0e9f034153536fe3946a3e5cc3d5a45c9a59b010131d5ccee20e21553303,2026-07-25,"I-95, Exit 3 Northbound; Exit 3B Southbound",False
00142022-f6dc-4fed-a554-306eec23afe7,TA Paulsboro,NJ,interstate,I-295,data/imports/locmaster20260725.xlsx,5ebe0e9f034153536fe3946a3e5cc3d5a45c9a59b010131d5ccee20e21553303,2026-07-25,"I-295, 18A, Mt. Royal Exit",False
9199ed34-10fc-4c7e-b97e-1f4064d0563d,TA Columbia,NJ,interstate,I-80,data/imports/locmaster20260725.xlsx,5ebe0e9f034153536fe3946a3e5cc3d5a45c9a59b010131d5ccee20e21553303,2026-07-25,"I-80 at Rt. 94, Exit 4A",False
9199ed34-10fc-4c7e-b97e-1f4064d0563d,TA Columbia,NJ,exit_number,4A,data/imports/locmaster20260725.xlsx,5ebe0e9f034153536fe3946a3e5cc3d5a45c9a59b010131d5ccee20e21553303,2026-07-25,"I-80 at Rt. 94, Exit 4A",False
a68a2f81-f86a-4a31-9d44-bd984bd5cc4f,TA Bloomsbury,NJ,interstate,I-78,data/imports/locmaster20260725.xlsx,5ebe0e9f034153536fe3946a3e5cc3d5a45c9a59b010131d5ccee20e21553303,2026-07-25,"I-78, Bloomsbury Exit 7",False
a68a2f81-f86a-4a31-9d44-bd984bd5cc4f,TA Bloomsbury,NJ,exit_number,7,data/imports/locmaster20260725.xlsx,5ebe0e9f034153536fe3946a3e5cc3d5a45c9a59b010131d5ccee20e21553303,2026-07-25,"I-78, Bloomsbury Exit 7",False
ab9e6216-ab0e-4061-9e9d-4ec995e335dc,Petro Bordentown,NJ,interstate,I-295,data/imports/locmaster20260725.xlsx,5ebe0e9f034153536fe3946a3e5cc3d5a45c9a59b010131d5ccee20e21553303,2026-07-25,"I-295, Exit 57; NJ Turnpike, Exit 7",False
143b958b-df45-4a6b-aca0-533fc2ffc3c4,Petro Deming,NM,interstate,I-10,data/imports/locmaster20260725.xlsx,5ebe0e9f034153536fe3946a3e5cc3d5a45c9a59b010131d5ccee20e21553303,2026-07-25,"I-10, Exit 68",False
143b958b-df45-4a6b-aca0-533fc2ffc3c4,Petro Deming,NM,exit_number,68,data/imports/locmaster20260725.xlsx,5ebe0e9f034153536fe3946a3e5cc3d5a45c9a59b010131d5ccee20e21553303,2026-07-25,"I-10, Exit 68",False
171981b9-7bdd-4511-ad0f-1aa1601e647a,TA Springer,NM,interstate,I-25,data/imports/locmaster20260725.xlsx,5ebe0e9f034153536fe3946a3e5cc3d5a45c9a59b010131d5ccee20e21553303,2026-07-25,I-25 Exit 419,False
171981b9-7bdd-4511-ad0f-1aa1601e647a,TA Springer,NM,exit_number,419,data/imports/locmaster20260725.xlsx,5ebe0e9f034153536fe3946a3e5cc3d5a45c9a59b010131d5ccee20e21553303,2026-07-25,I-25 Exit 419,False
55e1fb1c-c301-4318-b159-5bae49b9388d,Petro Milan,NM,interstate,I-40,data/imports/locmaster20260725.xlsx,5ebe0e9f034153536fe3946a3e5cc3d5a45c9a59b010131d5ccee20e21553303,2026-07-25,"I-40, Exit 79 at Horizon Road",False
55e1fb1c-c301-4318-b159-5bae49b9388d,Petro Milan,NM,exit_number,79,data/imports/locmaster20260725.xlsx,5ebe0e9f034153536fe3946a3e5cc3d5a45c9a59b010131d5ccee20e21553303,2026-07-25,"I-40, Exit 79 at Horizon Road",False
811fb0fb-5059-42cf-a5e6-6f4bf08cd8c2,TA Las Cruces,NM,interstate,I-10,data/imports/locmaster20260725.xlsx,5ebe0e9f034153536fe3946a3e5cc3d5a45c9a59b010131d5ccee20e21553303,2026-07-25,"I-10, Exit 139, Hwy 292",False
811fb0fb-5059-42cf-a5e6-6f4bf08cd8c2,TA Las Cruces,NM,exit_number,139,data/imports/locmaster20260725.xlsx,5ebe0e9f034153536fe3946a3e5cc3d5a45c9a59b010131d5ccee20e21553303,2026-07-25,"I-10, Exit 139, Hwy 292",False
9242379f-96b4-406f-a847-ed6a71d2a0f7,TA Albuquerque,NM,interstate,I-40,data/imports/locmaster20260725.xlsx,5ebe0e9f034153536fe3946a3e5cc3d5a45c9a59b010131d5ccee20e21553303,2026-07-25,"I-40, Exit 159A,D/I-25,Exit 225(Nthbnd):Exit 227(Sthbnd)",True
94e95243-640b-413e-8a5a-788c0a0852ca,TA Moriarty,NM,interstate,I-40,data/imports/locmaster20260725.xlsx,5ebe0e9f034153536fe3946a3e5cc3d5a45c9a59b010131d5ccee20e21553303,2026-07-25,"I-40 & Central Avenue., Exit 194",False
94e95243-640b-413e-8a5a-788c0a0852ca,TA Moriarty,NM,exit_number,194,data/imports/locmaster20260725.xlsx,5ebe0e9f034153536fe3946a3e5cc3d5a45c9a59b010131d5ccee20e21553303,2026-07-25,"I-40 & Central Avenue., Exit 194",False
96c08424-b705-4f6f-8a87-b3fb4ad8d89c,TA Gallup,NM,interstate,I-40,data/imports/locmaster20260725.xlsx,5ebe0e9f034153536fe3946a3e5cc3d5a45c9a59b010131d5ccee20e21553303,2026-07-25,"I-40 & Hwy 66, Exit 16",False
96c08424-b705-4f6f-8a87-b3fb4ad8d89c,TA Gallup,NM,exit_number,16,data/imports/locmaster20260725.xlsx,5ebe0e9f034153536fe3946a3e5cc3d5a45c9a59b010131d5ccee20e21553303,2026-07-25,"I-40 & Hwy 66, Exit 16",False
ec2a4c60-2aaa-4b5c-b4d2-e04d8307cbce,TA Glenrio,NM,interstate,I-40,data/imports/locmaster20260725.xlsx,5ebe0e9f034153536fe3946a3e5cc3d5a45c9a59b010131d5ccee20e21553303,2026-07-25,"I-40, 369",False
fb867211-3593-446d-9cc9-4928efef2181,TA Santa Rosa,NM,interstate,I-40,data/imports/locmaster20260725.xlsx,5ebe0e9f034153536fe3946a3e5cc3d5a45c9a59b010131d5ccee20e21553303,2026-07-25,"I-40 & U.S. 66, 54 & 84, Exit 277",False
fb867211-3593-446d-9cc9-4928efef2181,TA Santa Rosa,NM,exit_number,277,data/imports/locmaster20260725.xlsx,5ebe0e9f034153536fe3946a3e5cc3d5a45c9a59b010131d5ccee20e21553303,2026-07-25,"I-40 & U.S. 66, 54 & 84, Exit 277",False
1f675baa-f7da-4b99-a416-a43d9e88d9f4,Petro Wells,NV,interstate,I-80,data/imports/locmaster20260725.xlsx,5ebe0e9f034153536fe3946a3e5cc3d5a45c9a59b010131d5ccee20e21553303,2026-07-25,"I-80, Exit 352A",False
1f675baa-f7da-4b99-a416-a43d9e88d9f4,Petro Wells,NV,exit_number,352A,data/imports/locmaster20260725.xlsx,5ebe0e9f034153536fe3946a3e5cc3d5a45c9a59b010131d5ccee20e21553303,2026-07-25,"I-80, Exit 352A",False
2c6c4a86-6341-4e33-9bd2-bb3734f18f2c,Petro North Las Vegas,NV,interstate,I-15,data/imports/locmaster20260725.xlsx,5ebe0e9f034153536fe3946a3e5cc3d5a45c9a59b010131d5ccee20e21553303,2026-07-25,"I-15 at Speedway Blvd., Exit 54",False
2c6c4a86-6341-4e33-9bd2-bb3734f18f2c,Petro North Las Vegas,NV,exit_number,54,data/imports/locmaster20260725.xlsx,5ebe0e9f034153536fe3946a3e5cc3d5a45c9a59b010131d5ccee20e21553303,2026-07-25,"I-15 at Speedway Blvd., Exit 54",False
4f266277-7d26-4c13-a2da-ca6f912ae326,Petro Henderson,NV,interstate,I-11,data/imports/locmaster20260725.xlsx,5ebe0e9f034153536fe3946a3e5cc3d5a45c9a59b010131d5ccee20e21553303,2026-07-25,"I-11, exit 15A",False
4f266277-7d26-4c13-a2da-ca6f912ae326,Petro Henderson,NV,exit_number,15A,data/imports/locmaster20260725.xlsx,5ebe0e9f034153536fe3946a3e5cc3d5a45c9a59b010131d5ccee20e21553303,2026-07-25,"I-11, exit 15A",False
55c93d34-4a3e-4b19-9dd3-0dfc01ad5886,TA Mill City,NV,interstate,I-80,data/imports/locmaster20260725.xlsx,5ebe0e9f034153536fe3946a3e5cc3d5a45c9a59b010131d5ccee20e21553303,2026-07-25,"I-80, Exit 151 (West) Exit 149 (East)",False
66ceee09-494c-4084-b160-7df39a9a0370,TA Sparks,NV,interstate,I-80,data/imports/locmaster20260725.xlsx,5ebe0e9f034153536fe3946a3e5cc3d5a45c9a59b010131d5ccee20e21553303,2026-07-25,"I-80, Exit 19",False
66ceee09-494c-4084-b160-7df39a9a0370,TA Sparks,NV,exit_number,19,data/imports/locmaster20260725.xlsx,5ebe0e9f034153536fe3946a3e5cc3d5a45c9a59b010131d5ccee20e21553303,2026-07-25,"I-80, Exit 19",False
704ccbb5-06de-46c0-9df7-88bcb9230865,TA Express Carlin,NV,interstate,I-80,data/imports/locmaster20260725.xlsx,5ebe0e9f034153536fe3946a3e5cc3d5a45c9a59b010131d5ccee20e21553303,2026-07-25,I-80; Exit 280,False
704ccbb5-06de-46c0-9df7-88bcb9230865,TA Express Carlin,NV,exit_number,280,data/imports/locmaster20260725.xlsx,5ebe0e9f034153536fe3946a3e5cc3d5a45c9a59b010131d5ccee20e21553303,2026-07-25,I-80; Exit 280,False
7d1a9974-1ea2-4db1-aa2e-d2588cc9a771,TA Express Henderson,NV,interstate,I-11,data/imports/locmaster20260725.xlsx,5ebe0e9f034153536fe3946a3e5cc3d5a45c9a59b010131d5ccee20e21553303,2026-07-25,"I-11, exit 15A",False
7d1a9974-1ea2-4db1-aa2e-d2588cc9a771,TA Express Henderson,NV,exit_number,15A,data/imports/locmaster20260725.xlsx,5ebe0e9f034153536fe3946a3e5cc3d5a45c9a59b010131d5ccee20e21553303,2026-07-25,"I-11, exit 15A",False
8e8fa590-7cde-453b-a475-2c491bdef58c,TA Las Vegas,NV,interstate,I-15,data/imports/locmaster20260725.xlsx,5ebe0e9f034153536fe3946a3e5cc3d5a45c9a59b010131d5ccee20e21553303,2026-07-25,"I-15, Blue Diamond Exit 33",False
8e8fa590-7cde-453b-a475-2c491bdef58c,TA Las Vegas,NV,exit_number,33,data/imports/locmaster20260725.xlsx,5ebe0e9f034153536fe3946a3e5cc3d5a45c9a59b010131d5ccee20e21553303,2026-07-25,"I-15, Blue Diamond Exit 33",False
c67c28f5-002d-453e-bda9-c110ce9999db,Petro Sparks,NV,interstate,I-80,data/imports/locmaster20260725.xlsx,5ebe0e9f034153536fe3946a3e5cc3d5a45c9a59b010131d5ccee20e21553303,2026-07-25,"I-80, Exit 21",False
c67c28f5-002d-453e-bda9-c110ce9999db,Petro Sparks,NV,exit_number,21,data/imports/locmaster20260725.xlsx,5ebe0e9f034153536fe3946a3e5cc3d5a45c9a59b010131d5ccee20e21553303,2026-07-25,"I-80, Exit 21",False
e28ef446-e1d5-4cc4-bef5-a83cf583e4bb,TA Express Wendover,NV,interstate,I-80,data/imports/locmaster20260725.xlsx,5ebe0e9f034153536fe3946a3e5cc3d5a45c9a59b010131d5ccee20e21553303,2026-07-25,"I-80, Exit 410",False
e28ef446-e1d5-4cc4-bef5-a83cf583e4bb,TA Express Wendover,NV,exit_number,410,data/imports/locmaster20260725.xlsx,5ebe0e9f034153536fe3946a3e5cc3d5a45c9a59b010131d5ccee20e21553303,2026-07-25,"I-80, Exit 410",False
0ac6d1c9-ce7e-4b42-ac1f-53c4d65b2cc3,TA Express Niagara Falls,NY,interstate,I-190,data/imports/locmaster20260725.xlsx,5ebe0e9f034153536fe3946a3e5cc3d5a45c9a59b010131d5ccee20e21553303,2026-07-25,I-190; Exit 23,False
0ac6d1c9-ce7e-4b42-ac1f-53c4d65b2cc3,TA Express Niagara Falls,NY,exit_number,23,data/imports/locmaster20260725.xlsx,5ebe0e9f034153536fe3946a3e5cc3d5a45c9a59b010131d5ccee20e21553303,2026-07-25,I-190; Exit 23,False
2d1fa3cc-ebe8-42a5-9754-540224c38300,TA Pembroke,NY,interstate,I-90,data/imports/locmaster20260725.xlsx,5ebe0e9f034153536fe3946a3e5cc3d5a45c9a59b010131d5ccee20e21553303,2026-07-25,"I-90 & SR 77, Exit 48A",False
2d1fa3cc-ebe8-42a5-9754-540224c38300,TA Pembroke,NY,exit_number,48A,data/imports/locmaster20260725.xlsx,5ebe0e9f034153536fe3946a3e5cc3d5a45c9a59b010131d5ccee20e21553303,2026-07-25,"I-90 & SR 77, Exit 48A",False
6da62e0d-e7be-40ef-bb6f-e75f81eb9054,Petro Waterloo,NY,interstate,I-90,data/imports/locmaster20260725.xlsx,5ebe0e9f034153536fe3946a3e5cc3d5a45c9a59b010131d5ccee20e21553303,2026-07-25,"I-90, Exit 41",False
6da62e0d-e7be-40ef-bb6f-e75f81eb9054,Petro Waterloo,NY,exit_number,41,data/imports/locmaster20260725.xlsx,5ebe0e9f034153536fe3946a3e5cc3d5a45c9a59b010131d5ccee20e21553303,2026-07-25,"I-90, Exit 41",False
774f19f9-32b2-49e8-b951-5d6c6be8cd42,TA Binghamton,NY,interstate,I-81,data/imports/locmaster20260725.xlsx,5ebe0e9f034153536fe3946a3e5cc3d5a45c9a59b010131d5ccee20e21553303,2026-07-25,"I-81 N. Exit 2W, NY Route 17 or I-81 S., Exit 3",False
880237bc-4555-463c-af2c-d3ab372abadd,TA Maybrook,NY,interstate,I-84,data/imports/locmaster20260725.xlsx,5ebe0e9f034153536fe3946a3e5cc3d5a45c9a59b010131d5ccee20e21553303,2026-07-25,"I-84, Exit 28",False
880237bc-4555-463c-af2c-d3ab372abadd,TA Maybrook,NY,exit_number,28,data/imports/locmaster20260725.xlsx,5ebe0e9f034153536fe3946a3e5cc3d5a45c9a59b010131d5ccee20e21553303,2026-07-25,"I-84, Exit 28",False
9e057575-35d7-461f-81f6-6f21f12bae73,TA Fultonville,NY,interstate,I-90,data/imports/locmaster20260725.xlsx,5ebe0e9f034153536fe3946a3e5cc3d5a45c9a59b010131d5ccee20e21553303,2026-07-25,"I-90, exit 28",False
9e057575-35d7-461f-81f6-6f21f12bae73,TA Fultonville,NY,exit_number,28,data/imports/locmaster20260725.xlsx,5ebe0e9f034153536fe3946a3e5cc3d5a45c9a59b010131d5ccee20e21553303,2026-07-25,"I-90, exit 28",False
defd2a11-d531-4614-90fe-c21b5b852864,TA Dansville,NY,interstate,I-390,data/imports/locmaster20260725.xlsx,5ebe0e9f034153536fe3946a3e5cc3d5a45c9a59b010131d5ccee20e21553303,2026-07-25,"I-390, Exit 5",False
defd2a11-d531-4614-90fe-c21b5b852864,TA Dansville,NY,exit_number,5,data/imports/locmaster20260725.xlsx,5ebe0e9f034153536fe3946a3e5cc3d5a45c9a59b010131d5ccee20e21553303,2026-07-25,"I-390, Exit 5",False
04ebc594-6cbb-4dfb-8412-18fbfdcdda8e,Petro Perrysburg,OH,interstate,I-280,data/imports/locmaster20260725.xlsx,5ebe0e9f034153536fe3946a3e5cc3d5a45c9a59b010131d5ccee20e21553303,2026-07-25,"Ohio Turnpike, Exit 71, I-280 Exit 1B",False
05b1d3b3-93d3-42f7-a0d5-1b45868350f0,TA North Canton,OH,interstate,I-77,data/imports/locmaster20260725.xlsx,5ebe0e9f034153536fe3946a3e5cc3d5a45c9a59b010131d5ccee20e21553303,2026-07-25,"I-77, Exit 111",False
05b1d3b3-93d3-42f7-a0d5-1b45868350f0,TA North Canton,OH,exit_number,111,data/imports/locmaster20260725.xlsx,5ebe0e9f034153536fe3946a3e5cc3d5a45c9a59b010131d5ccee20e21553303,2026-07-25,"I-77, Exit 111",False
3032b5f3-fdf5-498d-92bc-25bf2b05dfda,TA Toledo,OH,interstate,I-80,data/imports/locmaster20260725.xlsx,5ebe0e9f034153536fe3946a3e5cc3d5a45c9a59b010131d5ccee20e21553303,2026-07-25,"I-80 & I-280, Exit 71, Ohio Turnpike",True
3032b5f3-fdf5-498d-92bc-25bf2b05dfda,TA Toledo,OH,exit_number,71,data/imports/locmaster20260725.xlsx,5ebe0e9f034153536fe3946a3e5cc3d5a45c9a59b010131d5ccee20e21553303,2026-07-25,"I-80 & I-280, Exit 71, Ohio Turnpike",True
46df0896-0192-4056-b62d-de7b1eb9fc7b,TA London,OH,interstate,I-70,data/imports/locmaster20260725.xlsx,5ebe0e9f034153536fe3946a3e5cc3d5a45c9a59b010131d5ccee20e21553303,2026-07-25,"I-70 & U.S. 42, Exit 79",False
46df0896-0192-4056-b62d-de7b1eb9fc7b,TA London,OH,exit_number,79,data/imports/locmaster20260725.xlsx,5ebe0e9f034153536fe3946a3e5cc3d5a45c9a59b010131d5ccee20e21553303,2026-07-25,"I-70 & U.S. 42, Exit 79",False
652d5e4b-4230-4be2-bee5-b1eaae5100d9,TA Jeffersonville,OH,interstate,I-71,data/imports/locmaster20260725.xlsx,5ebe0e9f034153536fe3946a3e5cc3d5a45c9a59b010131d5ccee20e21553303,2026-07-25,"I-71 & U.S. 35, Exit 65",False
652d5e4b-4230-4be2-bee5-b1eaae5100d9,TA Jeffersonville,OH,exit_number,65,data/imports/locmaster20260725.xlsx,5ebe0e9f034153536fe3946a3e5cc3d5a45c9a59b010131d5ccee20e21553303,2026-07-25,"I-71 & U.S. 35, Exit 65",False
67913b24-ea64-44e3-96ae-50bd2cad8211,Petro Girard,OH,interstate,I-80,data/imports/locmaster20260725.xlsx,5ebe0e9f034153536fe3946a3e5cc3d5a45c9a59b010131d5ccee20e21553303,2026-07-25,"I-80, Exit 226 & Salt Spring Road",False
67913b24-ea64-44e3-96ae-50bd2cad8211,Petro Girard,OH,exit_number,226,data/imports/locmaster20260725.xlsx,5ebe0e9f034153536fe3946a3e5cc3d5a45c9a59b010131d5ccee20e21553303,2026-07-25,"I-80, Exit 226 & Salt Spring Road",False
7b4584a4-a7d4-442f-8a7c-c6c669f77792,TA Hebron,OH,interstate,I-70,data/imports/locmaster20260725.xlsx,5ebe0e9f034153536fe3946a3e5cc3d5a45c9a59b010131d5ccee20e21553303,2026-07-25,"I-70 at Ohio 37, Exit 126",False
7b4584a4-a7d4-442f-8a7c-c6c669f77792,TA Hebron,OH,exit_number,126,data/imports/locmaster20260725.xlsx,5ebe0e9f034153536fe3946a3e5cc3d5a45c9a59b010131d5ccee20e21553303,2026-07-25,"I-70 at Ohio 37, Exit 126",False
9cd8d49c-66ba-4b0c-8949-9b7b4630c5c5,TA Dayton,OH,interstate,I-70,data/imports/locmaster20260725.xlsx,5ebe0e9f034153536fe3946a3e5cc3d5a45c9a59b010131d5ccee20e21553303,2026-07-25,"I-70 & U.S. 127, Exit 10",False
9cd8d49c-66ba-4b0c-8949-9b7b4630c5c5,TA Dayton,OH,exit_number,10,data/imports/locmaster20260725.xlsx,5ebe0e9f034153536fe3946a3e5cc3d5a45c9a59b010131d5ccee20e21553303,2026-07-25,"I-70 & U.S. 127, Exit 10",False
b41b468e-60f2-4ddd-a09e-1c94fd8ff498,Petro New Paris,OH,interstate,I-70,data/imports/locmaster20260725.xlsx,5ebe0e9f034153536fe3946a3e5cc3d5a45c9a59b010131d5ccee20e21553303,2026-07-25,I-70 at Indiana Exit 156B & US 40,False
b41b468e-60f2-4ddd-a09e-1c94fd8ff498,Petro New Paris,OH,exit_number,156B,data/imports/locmaster20260725.xlsx,5ebe0e9f034153536fe3946a3e5cc3d5a45c9a59b010131d5ccee20e21553303,2026-07-25,I-70 at Indiana Exit 156B & US 40,False
b844db40-161f-40fd-8acb-36724c188e8c,TA Lodi,OH,interstate,I-71,data/imports/locmaster20260725.xlsx,5ebe0e9f034153536fe3946a3e5cc3d5a45c9a59b010131d5ccee20e21553303,2026-07-25,"I-71 & I-76 at Rt. 224, Exit 209",True
b844db40-161f-40fd-8acb-36724c188e8c,TA Lodi,OH,exit_number,209,data/imports/locmaster20260725.xlsx,5ebe0e9f034153536fe3946a3e5cc3d5a45c9a59b010131d5ccee20e21553303,2026-07-25,"I-71 & I-76 at Rt. 224, Exit 209",True
bc4f3d5f-2d97-4d63-a7d1-54319568d691,TA Youngstown,OH,interstate,I-80,data/imports/locmaster20260725.xlsx,5ebe0e9f034153536fe3946a3e5cc3d5a45c9a59b010131d5ccee20e21553303,2026-07-25,"I-80, Route 46, Exit 223A",False
bc4f3d5f-2d97-4d63-a7d1-54319568d691,TA Youngstown,OH,exit_number,223A,data/imports/locmaster20260725.xlsx,5ebe0e9f034153536fe3946a3e5cc3d5a45c9a59b010131d5ccee20e21553303,2026-07-25,"I-80, Route 46, Exit 223A",False
be303508-8e10-4e3f-8a20-d2921e976019,TA Kingsville,OH,interstate,I-90,data/imports/locmaster20260725.xlsx,5ebe0e9f034153536fe3946a3e5cc3d5a45c9a59b010131d5ccee20e21553303,2026-07-25,"I-90, Exit 235",False
be303508-8e10-4e3f-8a20-d2921e976019,TA Kingsville,OH,exit_number,235,data/imports/locmaster20260725.xlsx,5ebe0e9f034153536fe3946a3e5cc3d5a45c9a59b010131d5ccee20e21553303,2026-07-25,"I-90, Exit 235",False
14ce47e2-b0a6-496c-b609-c42de9de30bf,TA Oklahoma City East,OK,interstate,I-40,data/imports/locmaster20260725.xlsx,5ebe0e9f034153536fe3946a3e5cc3d5a45c9a59b010131d5ccee20e21553303,2026-07-25,"I-40, Exit 142",False
14ce47e2-b0a6-496c-b609-c42de9de30bf,TA Oklahoma City East,OK,exit_number,142,data/imports/locmaster20260725.xlsx,5ebe0e9f034153536fe3946a3e5cc3d5a45c9a59b010131d5ccee20e21553303,2026-07-25,"I-40, Exit 142",False
3729868d-bde5-4715-a127-21130d19ef10,TA Oklahoma City West,OK,interstate,I-40,data/imports/locmaster20260725.xlsx,5ebe0e9f034153536fe3946a3e5cc3d5a45c9a59b010131d5ccee20e21553303,2026-07-25,"I-40, Exit 140",False
3729868d-bde5-4715-a127-21130d19ef10,TA Oklahoma City West,OK,exit_number,140,data/imports/locmaster20260725.xlsx,5ebe0e9f034153536fe3946a3e5cc3d5a45c9a59b010131d5ccee20e21553303,2026-07-25,"I-40, Exit 140",False
950f61ef-9576-43b2-a466-67f1dc72f17e,TA Express Tonkawa,OK,interstate,I-35,data/imports/locmaster20260725.xlsx,5ebe0e9f034153536fe3946a3e5cc3d5a45c9a59b010131d5ccee20e21553303,2026-07-25,I-35; exit 214,False
950f61ef-9576-43b2-a466-67f1dc72f17e,TA Express Tonkawa,OK,exit_number,214,data/imports/locmaster20260725.xlsx,5ebe0e9f034153536fe3946a3e5cc3d5a45c9a59b010131d5ccee20e21553303,2026-07-25,I-35; exit 214,False
97ac5fed-e286-4c86-92eb-d74680569d7c,TA Sayre,OK,interstate,I-40,data/imports/locmaster20260725.xlsx,5ebe0e9f034153536fe3946a3e5cc3d5a45c9a59b010131d5ccee20e21553303,2026-07-25,"I-40, Exit 26",False
97ac5fed-e286-4c86-92eb-d74680569d7c,TA Sayre,OK,exit_number,26,data/imports/locmaster20260725.xlsx,5ebe0e9f034153536fe3946a3e5cc3d5a45c9a59b010131d5ccee20e21553303,2026-07-25,"I-40, Exit 26",False
f6ed705a-0762-4c1d-8e1b-6ae6ff283649,Petro Oklahoma City,OK,interstate,I-35,data/imports/locmaster20260725.xlsx,5ebe0e9f034153536fe3946a3e5cc3d5a45c9a59b010131d5ccee20e21553303,2026-07-25,"I-40E / I-35, Exit 127/I-40W, Exit 154",False
1c2e6308-f237-48f2-9a75-45b9ec4ad747,TA Express Biggs Junction,OR,interstate,I-84,data/imports/locmaster20260725.xlsx,5ebe0e9f034153536fe3946a3e5cc3d5a45c9a59b010131d5ccee20e21553303,2026-07-25,I-84 Exit 104,False
1c2e6308-f237-48f2-9a75-45b9ec4ad747,TA Express Biggs Junction,OR,exit_number,104,data/imports/locmaster20260725.xlsx,5ebe0e9f034153536fe3946a3e5cc3d5a45c9a59b010131d5ccee20e21553303,2026-07-25,I-84 Exit 104,False
3930709c-24ab-4805-946a-070fa9753645,TA Aurora,OR,interstate,I-5,data/imports/locmaster20260725.xlsx,5ebe0e9f034153536fe3946a3e5cc3d5a45c9a59b010131d5ccee20e21553303,2026-07-25,"I-5, Exit 278",False
3930709c-24ab-4805-946a-070fa9753645,TA Aurora,OR,exit_number,278,data/imports/locmaster20260725.xlsx,5ebe0e9f034153536fe3946a3e5cc3d5a45c9a59b010131d5ccee20e21553303,2026-07-25,"I-5, Exit 278",False
812e90fb-f2de-4a3d-b608-6c180fb49ccd,TA Huntington,OR,interstate,I-84,data/imports/locmaster20260725.xlsx,5ebe0e9f034153536fe3946a3e5cc3d5a45c9a59b010131d5ccee20e21553303,2026-07-25,"I-84, Exit 353",False
812e90fb-f2de-4a3d-b608-6c180fb49ccd,TA Huntington,OR,exit_number,353,data/imports/locmaster20260725.xlsx,5ebe0e9f034153536fe3946a3e5cc3d5a45c9a59b010131d5ccee20e21553303,2026-07-25,"I-84, Exit 353",False
91a2474c-f971-4634-97a0-da712ea5a073,TA Coburg,OR,interstate,I-5,data/imports/locmaster20260725.xlsx,5ebe0e9f034153536fe3946a3e5cc3d5a45c9a59b010131d5ccee20e21553303,2026-07-25,"I-5, Exit 199",False
91a2474c-f971-4634-97a0-da712ea5a073,TA Coburg,OR,exit_number,199,data/imports/locmaster20260725.xlsx,5ebe0e9f034153536fe3946a3e5cc3d5a45c9a59b010131d5ccee20e21553303,2026-07-25,"I-5, Exit 199",False
976ccdf0-4db6-4fec-a760-0aecfcadb309,TA Troutdale,OR,interstate,I-84,data/imports/locmaster20260725.xlsx,5ebe0e9f034153536fe3946a3e5cc3d5a45c9a59b010131d5ccee20e21553303,2026-07-25,"I-84, Exit 17",False
976ccdf0-4db6-4fec-a760-0aecfcadb309,TA Troutdale,OR,exit_number,17,data/imports/locmaster20260725.xlsx,5ebe0e9f034153536fe3946a3e5cc3d5a45c9a59b010131d5ccee20e21553303,2026-07-25,"I-84, Exit 17",False
f541220b-09e6-4690-bc0c-ec7e19fc6a5b,Petro Phoenix,OR,interstate,I-5,data/imports/locmaster20260725.xlsx,5ebe0e9f034153536fe3946a3e5cc3d5a45c9a59b010131d5ccee20e21553303,2026-07-25,"I-5, Exit 24",False
f541220b-09e6-4690-bc0c-ec7e19fc6a5b,Petro Phoenix,OR,exit_number,24,data/imports/locmaster20260725.xlsx,5ebe0e9f034153536fe3946a3e5cc3d5a45c9a59b010131d5ccee20e21553303,2026-07-25,"I-5, Exit 24",False
0481b552-960a-4de2-8de1-194eeb097d46,TA Barkeyville,PA,interstate,I-80,data/imports/locmaster20260725.xlsx,5ebe0e9f034153536fe3946a3e5cc3d5a45c9a59b010131d5ccee20e21553303,2026-07-25,"I-80 & S.R. 8, Exit 29",False
0481b552-960a-4de2-8de1-194eeb097d46,TA Barkeyville,PA,exit_number,29,data/imports/locmaster20260725.xlsx,5ebe0e9f034153536fe3946a3e5cc3d5a45c9a59b010131d5ccee20e21553303,2026-07-25,"I-80 & S.R. 8, Exit 29",False
0a9be4f1-72f1-46e8-8858-c4096156df61,Petro Carlisle,PA,interstate,I-81,data/imports/locmaster20260725.xlsx,5ebe0e9f034153536fe3946a3e5cc3d5a45c9a59b010131d5ccee20e21553303,2026-07-25,"I-81, Exit 52; I-76, Exit 226",True
18af7741-cdbf-49dc-82e2-b4cb9eb93868,TA Harrisburg,PA,interstate,I-81,data/imports/locmaster20260725.xlsx,5ebe0e9f034153536fe3946a3e5cc3d5a45c9a59b010131d5ccee20e21553303,2026-07-25,"I-81 & S.R. 39, Manada Hill Exit 77",False
18af7741-cdbf-49dc-82e2-b4cb9eb93868,TA Harrisburg,PA,exit_number,77,data/imports/locmaster20260725.xlsx,5ebe0e9f034153536fe3946a3e5cc3d5a45c9a59b010131d5ccee20e21553303,2026-07-25,"I-81 & S.R. 39, Manada Hill Exit 77",False
28e8ed02-5c3b-47ec-962b-a10303cca0dc,TA Brookville,PA,interstate,I-80,data/imports/locmaster20260725.xlsx,5ebe0e9f034153536fe3946a3e5cc3d5a45c9a59b010131d5ccee20e21553303,2026-07-25,"I-80 & Rt. 36, Exit 78",False
28e8ed02-5c3b-47ec-962b-a10303cca0dc,TA Brookville,PA,exit_number,78,data/imports/locmaster20260725.xlsx,5ebe0e9f034153536fe3946a3e5cc3d5a45c9a59b010131d5ccee20e21553303,2026-07-25,"I-80 & Rt. 36, Exit 78",False
332e4737-2cd9-4f02-b7c1-d1e62f2f60fa,TA Express Pine Grove,PA,interstate,I-81,data/imports/locmaster20260725.xlsx,5ebe0e9f034153536fe3946a3e5cc3d5a45c9a59b010131d5ccee20e21553303,2026-07-25,"I-81, Exit 100",False
332e4737-2cd9-4f02-b7c1-d1e62f2f60fa,TA Express Pine Grove,PA,exit_number,100,data/imports/locmaster20260725.xlsx,5ebe0e9f034153536fe3946a3e5cc3d5a45c9a59b010131d5ccee20e21553303,2026-07-25,"I-81, Exit 100",False
58eed292-c064-47fe-bcae-3c53e1759038,TA Bloomsburg,PA,interstate,I-80,data/imports/locmaster20260725.xlsx,5ebe0e9f034153536fe3946a3e5cc3d5a45c9a59b010131d5ccee20e21553303,2026-07-25,"I-80, Exit 232",False
58eed292-c064-47fe-bcae-3c53e1759038,TA Bloomsburg,PA,exit_number,232,data/imports/locmaster20260725.xlsx,5ebe0e9f034153536fe3946a3e5cc3d5a45c9a59b010131d5ccee20e21553303,2026-07-25,"I-80, Exit 232",False
5a3d40c4-0ae9-4858-88d1-c6587f3cc128,Petro Scranton,PA,interstate,I-81,data/imports/locmaster20260725.xlsx,5ebe0e9f034153536fe3946a3e5cc3d5a45c9a59b010131d5ccee20e21553303,2026-07-25,"I-81, Exit 178B",False
5a3d40c4-0ae9-4858-88d1-c6587f3cc128,Petro Scranton,PA,exit_number,178B,data/imports/locmaster20260725.xlsx,5ebe0e9f034153536fe3946a3e5cc3d5a45c9a59b010131d5ccee20e21553303,2026-07-25,"I-81, Exit 178B",False
73687504-efb0-413a-8866-f2c767134470,TA Lamar,PA,interstate,I-80,data/imports/locmaster20260725.xlsx,5ebe0e9f034153536fe3946a3e5cc3d5a45c9a59b010131d5ccee20e21553303,2026-07-25,"I-80 & S.R. 64, Exit 173",False
73687504-efb0-413a-8866-f2c767134470,TA Lamar,PA,exit_number,173,data/imports/locmaster20260725.xlsx,5ebe0e9f034153536fe3946a3e5cc3d5a45c9a59b010131d5ccee20e21553303,2026-07-25,"I-80 & S.R. 64, Exit 173",False
73b74559-cfa0-4283-b8b7-4cf7bd99ab46,TA Harborcreek,PA,interstate,I-90,data/imports/locmaster20260725.xlsx,5ebe0e9f034153536fe3946a3e5cc3d5a45c9a59b010131d5ccee20e21553303,2026-07-25,"I-90, Exit 35",False
73b74559-cfa0-4283-b8b7-4cf7bd99ab46,TA Harborcreek,PA,exit_number,35,data/imports/locmaster20260725.xlsx,5ebe0e9f034153536fe3946a3e5cc3d5a45c9a59b010131d5ccee20e21553303,2026-07-25,"I-90, Exit 35",False
800e86f8-a7f5-4761-9a77-6b6a12ee662d,TA Breezewood,PA,interstate,I-76,data/imports/locmaster20260725.xlsx,5ebe0e9f034153536fe3946a3e5cc3d5a45c9a59b010131d5ccee20e21553303,2026-07-25,"I-76, Exit 161/I-70, Exit US 30",True
800e86f8-a7f5-4761-9a77-6b6a12ee662d,TA Breezewood,PA,exit_number,161,data/imports/locmaster20260725.xlsx,5ebe0e9f034153536fe3946a3e5cc3d5a45c9a59b010131d5ccee20e21553303,2026-07-25,"I-76, Exit 161/I-70, Exit US 30",True
90c056f0-049f-4625-9a86-839e13a27380,TA Greencastle,PA,interstate,I-81,data/imports/locmaster20260725.xlsx,5ebe0e9f034153536fe3946a3e5cc3d5a45c9a59b010131d5ccee20e21553303,2026-07-25,"I-81, Exit 5",False
90c056f0-049f-4625-9a86-839e13a27380,TA Greencastle,PA,exit_number,5,data/imports/locmaster20260725.xlsx,5ebe0e9f034153536fe3946a3e5cc3d5a45c9a59b010131d5ccee20e21553303,2026-07-25,"I-81, Exit 5",False
bca82ad8-d579-48ac-a7bd-a8d6aa6ee5e6,TA Express Hazleton,PA,interstate,I-81,data/imports/locmaster20260725.xlsx,5ebe0e9f034153536fe3946a3e5cc3d5a45c9a59b010131d5ccee20e21553303,2026-07-25,"I-81, exit 143",False
bca82ad8-d579-48ac-a7bd-a8d6aa6ee5e6,TA Express Hazleton,PA,exit_number,143,data/imports/locmaster20260725.xlsx,5ebe0e9f034153536fe3946a3e5cc3d5a45c9a59b010131d5ccee20e21553303,2026-07-25,"I-81, exit 143",False
c5a3c53e-3f30-4902-b41c-3d2fd1745c0d,TA Milesburg,PA,interstate,I-80,data/imports/locmaster20260725.xlsx,5ebe0e9f034153536fe3946a3e5cc3d5a45c9a59b010131d5ccee20e21553303,2026-07-25,"I-80, Exit 158",False
c5a3c53e-3f30-4902-b41c-3d2fd1745c0d,TA Milesburg,PA,exit_number,158,data/imports/locmaster20260725.xlsx,5ebe0e9f034153536fe3946a3e5cc3d5a45c9a59b010131d5ccee20e21553303,2026-07-25,"I-80, Exit 158",False
d65aef14-449b-4f7d-8e58-07ac6dfb1350,TA West Greenwich,RI,interstate,I-95,data/imports/locmaster20260725.xlsx,5ebe0e9f034153536fe3946a3e5cc3d5a45c9a59b010131d5ccee20e21553303,2026-07-25,"I-95, Exit 5B",False
d65aef14-449b-4f7d-8e58-07ac6dfb1350,TA West Greenwich,RI,exit_number,5B,data/imports/locmaster20260725.xlsx,5ebe0e9f034153536fe3946a3e5cc3d5a45c9a59b010131d5ccee20e21553303,2026-07-25,"I-95, Exit 5B",False
081aef9c-5527-4c10-b1af-d2d753c4d14e,TA Columbia North,SC,interstate,I-20,data/imports/locmaster20260725.xlsx,5ebe0e9f034153536fe3946a3e5cc3d5a45c9a59b010131d5ccee20e21553303,2026-07-25,"I-20, Exit 71",False
081aef9c-5527-4c10-b1af-d2d753c4d14e,TA Columbia North,SC,exit_number,71,data/imports/locmaster20260725.xlsx,5ebe0e9f034153536fe3946a3e5cc3d5a45c9a59b010131d5ccee20e21553303,2026-07-25,"I-20, Exit 71",False
4cbcf0de-5ef2-4609-9c62-7eb9014508b5,TA Cowpens,SC,interstate,I-85,data/imports/locmaster20260725.xlsx,5ebe0e9f034153536fe3946a3e5cc3d5a45c9a59b010131d5ccee20e21553303,2026-07-25,"I-85, Exit 83",False
4cbcf0de-5ef2-4609-9c62-7eb9014508b5,TA Cowpens,SC,exit_number,83,data/imports/locmaster20260725.xlsx,5ebe0e9f034153536fe3946a3e5cc3d5a45c9a59b010131d5ccee20e21553303,2026-07-25,"I-85, Exit 83",False
ad4f8b95-806b-4915-8c0f-b3891d426bba,TA Spartanburg,SC,interstate,I-85,data/imports/locmaster20260725.xlsx,5ebe0e9f034153536fe3946a3e5cc3d5a45c9a59b010131d5ccee20e21553303,2026-07-25,"I-85 & S.R. 290, Exit 63",False
ad4f8b95-806b-4915-8c0f-b3891d426bba,TA Spartanburg,SC,exit_number,63,data/imports/locmaster20260725.xlsx,5ebe0e9f034153536fe3946a3e5cc3d5a45c9a59b010131d5ccee20e21553303,2026-07-25,"I-85 & S.R. 290, Exit 63",False
b218282d-ef85-4141-a735-625a10f3f181,TA Express Fair Play,SC,interstate,I-85,data/imports/locmaster20260725.xlsx,5ebe0e9f034153536fe3946a3e5cc3d5a45c9a59b010131d5ccee20e21553303,2026-07-25,"I-85, Exit 4",False
b218282d-ef85-4141-a735-625a10f3f181,TA Express Fair Play,SC,exit_number,4,data/imports/locmaster20260725.xlsx,5ebe0e9f034153536fe3946a3e5cc3d5a45c9a59b010131d5ccee20e21553303,2026-07-25,"I-85, Exit 4",False
d44c1a38-3b26-41ae-85b4-1eca0df8cfeb,Petro Columbia,SC,interstate,I-77,data/imports/locmaster20260725.xlsx,5ebe0e9f034153536fe3946a3e5cc3d5a45c9a59b010131d5ccee20e21553303,2026-07-25,"I-77, Exit 5",False
d44c1a38-3b26-41ae-85b4-1eca0df8cfeb,Petro Columbia,SC,exit_number,5,data/imports/locmaster20260725.xlsx,5ebe0e9f034153536fe3946a3e5cc3d5a45c9a59b010131d5ccee20e21553303,2026-07-25,"I-77, Exit 5",False
779e8a21-0220-4f69-9af5-b2d7f2c53830,TA Express Vermillion,SD,interstate,I-29,data/imports/locmaster20260725.xlsx,5ebe0e9f034153536fe3946a3e5cc3d5a45c9a59b010131d5ccee20e21553303,2026-07-25,"I-29, Exit 26",False
779e8a21-0220-4f69-9af5-b2d7f2c53830,TA Express Vermillion,SD,exit_number,26,data/imports/locmaster20260725.xlsx,5ebe0e9f034153536fe3946a3e5cc3d5a45c9a59b010131d5ccee20e21553303,2026-07-25,"I-29, Exit 26",False
881711e7-c677-4935-99e2-f241d0138914,TA Express Summit,SD,interstate,I-29,data/imports/locmaster20260725.xlsx,5ebe0e9f034153536fe3946a3e5cc3d5a45c9a59b010131d5ccee20e21553303,2026-07-25,"I-29, Exit 207",False
881711e7-c677-4935-99e2-f241d0138914,TA Express Summit,SD,exit_number,207,data/imports/locmaster20260725.xlsx,5ebe0e9f034153536fe3946a3e5cc3d5a45c9a59b010131d5ccee20e21553303,2026-07-25,"I-29, Exit 207",False
24a18b2d-3432-48a7-91ea-9e6986c566ed,TA Antioch,TN,interstate,I-24,data/imports/locmaster20260725.xlsx,5ebe0e9f034153536fe3946a3e5cc3d5a45c9a59b010131d5ccee20e21553303,2026-07-25,"I-24, Exit 62",False
24a18b2d-3432-48a7-91ea-9e6986c566ed,TA Antioch,TN,exit_number,62,data/imports/locmaster20260725.xlsx,5ebe0e9f034153536fe3946a3e5cc3d5a45c9a59b010131d5ccee20e21553303,2026-07-25,"I-24, Exit 62",False
d4f0ad44-9364-4e50-9f8f-0e47a6637cf0,TA Davy Crockett Travel Center,TN,interstate,I-81,data/imports/locmaster20260725.xlsx,5ebe0e9f034153536fe3946a3e5cc3d5a45c9a59b010131d5ccee20e21553303,2026-07-25,"I-81, Exit 36",False
d4f0ad44-9364-4e50-9f8f-0e47a6637cf0,TA Davy Crockett Travel Center,TN,exit_number,36,data/imports/locmaster20260725.xlsx,5ebe0e9f034153536fe3946a3e5cc3d5a45c9a59b010131d5ccee20e21553303,2026-07-25,"I-81, Exit 36",False
03244367-3119-4814-87e4-053e41911e9f,TA Express Mount Vernon,TX,interstate,I-30,data/imports/locmaster20260725.xlsx,5ebe0e9f034153536fe3946a3e5cc3d5a45c9a59b010131d5ccee20e21553303,2026-07-25,"I-30, exit 147",False
03244367-3119-4814-87e4-053e41911e9f,TA Express Mount Vernon,TX,exit_number,147,data/imports/locmaster20260725.xlsx,5ebe0e9f034153536fe3946a3e5cc3d5a45c9a59b010131d5ccee20e21553303,2026-07-25,"I-30, exit 147",False
03b29085-9803-43d1-969a-60f9d0013202,TA Express Houston,TX,interstate,I-610,data/imports/locmaster20260725.xlsx,5ebe0e9f034153536fe3946a3e5cc3d5a45c9a59b010131d5ccee20e21553303,2026-07-25,I-610; Exit24,False
03b29085-9803-43d1-969a-60f9d0013202,TA Express Houston,TX,exit_number,24,data/imports/locmaster20260725.xlsx,5ebe0e9f034153536fe3946a3e5cc3d5a45c9a59b010131d5ccee20e21553303,2026-07-25,I-610; Exit24,False
0d485be0-bd40-49ad-9ad5-763719c9e05b,Petro Amarillo,TX,interstate,I-40,data/imports/locmaster20260725.xlsx,5ebe0e9f034153536fe3946a3e5cc3d5a45c9a59b010131d5ccee20e21553303,2026-07-25,"I-40, Exit 75 at Lakeside Drive",False
0d485be0-bd40-49ad-9ad5-763719c9e05b,Petro Amarillo,TX,exit_number,75,data/imports/locmaster20260725.xlsx,5ebe0e9f034153536fe3946a3e5cc3d5a45c9a59b010131d5ccee20e21553303,2026-07-25,"I-40, Exit 75 at Lakeside Drive",False
0e68e425-6312-4c84-8e84-f91e0fa03696,TA Sweetwater,TX,interstate,I-20,data/imports/locmaster20260725.xlsx,5ebe0e9f034153536fe3946a3e5cc3d5a45c9a59b010131d5ccee20e21553303,2026-07-25,"I-20, Exit 242",False
0e68e425-6312-4c84-8e84-f91e0fa03696,TA Sweetwater,TX,exit_number,242,data/imports/locmaster20260725.xlsx,5ebe0e9f034153536fe3946a3e5cc3d5a45c9a59b010131d5ccee20e21553303,2026-07-25,"I-20, Exit 242",False
0f6185fb-0880-4b6a-8ffa-8e49d42dbb1c,Petro Weatherford,TX,interstate,I-20,data/imports/locmaster20260725.xlsx,5ebe0e9f034153536fe3946a3e5cc3d5a45c9a59b010131d5ccee20e21553303,2026-07-25,"I-20, Exit 409 at Clear Lake Road",False
0f6185fb-0880-4b6a-8ffa-8e49d42dbb1c,Petro Weatherford,TX,exit_number,409,data/imports/locmaster20260725.xlsx,5ebe0e9f034153536fe3946a3e5cc3d5a45c9a59b010131d5ccee20e21553303,2026-07-25,"I-20, Exit 409 at Clear Lake Road",False
28731d9f-ea62-46be-8652-75aa1c6cea5f,Petro Beaumont,TX,interstate,I-10,data/imports/locmaster20260725.xlsx,5ebe0e9f034153536fe3946a3e5cc3d5a45c9a59b010131d5ccee20e21553303,2026-07-25,"I-10, Exit 848 at Walden Road",False
28731d9f-ea62-46be-8652-75aa1c6cea5f,Petro Beaumont,TX,exit_number,848,data/imports/locmaster20260725.xlsx,5ebe0e9f034153536fe3946a3e5cc3d5a45c9a59b010131d5ccee20e21553303,2026-07-25,"I-10, Exit 848 at Walden Road",False
2eeab937-c31d-4291-af4d-6980dddfe85e,TA Terrell,TX,interstate,I-20,data/imports/locmaster20260725.xlsx,5ebe0e9f034153536fe3946a3e5cc3d5a45c9a59b010131d5ccee20e21553303,2026-07-25,"I-20 & Wilson Rd., Exit 503",False
2eeab937-c31d-4291-af4d-6980dddfe85e,TA Terrell,TX,exit_number,503,data/imports/locmaster20260725.xlsx,5ebe0e9f034153536fe3946a3e5cc3d5a45c9a59b010131d5ccee20e21553303,2026-07-25,"I-20 & Wilson Rd., Exit 503",False
3b3f3419-87b3-41c4-ab43-0f6ea76caca5,TA Express Huntsville,TX,interstate,I-45,data/imports/locmaster20260725.xlsx,5ebe0e9f034153536fe3946a3e5cc3d5a45c9a59b010131d5ccee20e21553303,2026-07-25,"I-45 , Exit 118",False
3b3f3419-87b3-41c4-ab43-0f6ea76caca5,TA Express Huntsville,TX,exit_number,118,data/imports/locmaster20260725.xlsx,5ebe0e9f034153536fe3946a3e5cc3d5a45c9a59b010131d5ccee20e21553303,2026-07-25,"I-45 , Exit 118",False
3bb601de-cc55-456a-9b47-f2858fc61139,TA Rockwall,TX,interstate,I-30,data/imports/locmaster20260725.xlsx,5ebe0e9f034153536fe3946a3e5cc3d5a45c9a59b010131d5ccee20e21553303,2026-07-25,"I-30 at Route 205, Exit 68",False
3bb601de-cc55-456a-9b47-f2858fc61139,TA Rockwall,TX,exit_number,68,data/imports/locmaster20260725.xlsx,5ebe0e9f034153536fe3946a3e5cc3d5a45c9a59b010131d5ccee20e21553303,2026-07-25,"I-30 at Route 205, Exit 68",False
46e2a1b3-e880-49d5-8c06-56a0c86775ab,TA Express Pleasanton,TX,interstate,I-37,data/imports/locmaster20260725.xlsx,5ebe0e9f034153536fe3946a3e5cc3d5a45c9a59b010131d5ccee20e21553303,2026-07-25,I-37/Hwy 97,False
487fc933-b573-4576-92b6-e8afa9e772fd,TA Express Kilgore,TX,interstate,I-20,data/imports/locmaster20260725.xlsx,5ebe0e9f034153536fe3946a3e5cc3d5a45c9a59b010131d5ccee20e21553303,2026-07-25,I-20 Exit 587,False
487fc933-b573-4576-92b6-e8afa9e772fd,TA Express Kilgore,TX,exit_number,587,data/imports/locmaster20260725.xlsx,5ebe0e9f034153536fe3946a3e5cc3d5a45c9a59b010131d5ccee20e21553303,2026-07-25,I-20 Exit 587,False
4de4fa9f-d845-4da4-811a-9143d0510533,TA Express Belton,TX,interstate,I-35,data/imports/locmaster20260725.xlsx,5ebe0e9f034153536fe3946a3e5cc3d5a45c9a59b010131d5ccee20e21553303,2026-07-25,I-35; Exit 289,False
4de4fa9f-d845-4da4-811a-9143d0510533,TA Express Belton,TX,exit_number,289,data/imports/locmaster20260725.xlsx,5ebe0e9f034153536fe3946a3e5cc3d5a45c9a59b010131d5ccee20e21553303,2026-07-25,I-35; Exit 289,False
4e2f34ee-9123-47fd-8479-60fea56bdd8b,TA Express North Houston,TX,interstate,I-8,data/imports/locmaster20260725.xlsx,5ebe0e9f034153536fe3946a3e5cc3d5a45c9a59b010131d5ccee20e21553303,2026-07-25,"I-8,",False
54898d88-9b51-4d99-b92c-fc4170d68faf,TA Dallas South,TX,interstate,I-20,data/imports/locmaster20260725.xlsx,5ebe0e9f034153536fe3946a3e5cc3d5a45c9a59b010131d5ccee20e21553303,2026-07-25,"I-20 & I-635, Exit 472",True
54898d88-9b51-4d99-b92c-fc4170d68faf,TA Dallas South,TX,exit_number,472,data/imports/locmaster20260725.xlsx,5ebe0e9f034153536fe3946a3e5cc3d5a45c9a59b010131d5ccee20e21553303,2026-07-25,"I-20 & I-635, Exit 472",True
5c4e6e30-8e3f-4744-9ebf-492e1133a2d0,TA Hillsboro,TX,interstate,I-35,data/imports/locmaster20260725.xlsx,5ebe0e9f034153536fe3946a3e5cc3d5a45c9a59b010131d5ccee20e21553303,2026-07-25,"I-35, Exit 370",False
5c4e6e30-8e3f-4744-9ebf-492e1133a2d0,TA Hillsboro,TX,exit_number,370,data/imports/locmaster20260725.xlsx,5ebe0e9f034153536fe3946a3e5cc3d5a45c9a59b010131d5ccee20e21553303,2026-07-25,"I-35, Exit 370",False
61dfec81-1296-4a53-a4b0-e2c3aa1c3175,TA New Braunfels,TX,interstate,I-35,data/imports/locmaster20260725.xlsx,5ebe0e9f034153536fe3946a3e5cc3d5a45c9a59b010131d5ccee20e21553303,2026-07-25,"I-35, Exit 193",False
61dfec81-1296-4a53-a4b0-e2c3aa1c3175,TA New Braunfels,TX,exit_number,193,data/imports/locmaster20260725.xlsx,5ebe0e9f034153536fe3946a3e5cc3d5a45c9a59b010131d5ccee20e21553303,2026-07-25,"I-35, Exit 193",False
731b7615-d350-4d42-aa87-6ae2d0754ff4,TA San Antonio,TX,interstate,I-10,data/imports/locmaster20260725.xlsx,5ebe0e9f034153536fe3946a3e5cc3d5a45c9a59b010131d5ccee20e21553303,2026-07-25,"I-10, Exit 583, Foster Rd.",False
731b7615-d350-4d42-aa87-6ae2d0754ff4,TA San Antonio,TX,exit_number,583,data/imports/locmaster20260725.xlsx,5ebe0e9f034153536fe3946a3e5cc3d5a45c9a59b010131d5ccee20e21553303,2026-07-25,"I-10, Exit 583, Foster Rd.",False
7c063466-49a8-4354-b20a-dfcaf86e524d,TA Express Fairfield,TX,interstate,I-45,data/imports/locmaster20260725.xlsx,5ebe0e9f034153536fe3946a3e5cc3d5a45c9a59b010131d5ccee20e21553303,2026-07-25,"I-45, Exit 198",False
7c063466-49a8-4354-b20a-dfcaf86e524d,TA Express Fairfield,TX,exit_number,198,data/imports/locmaster20260725.xlsx,5ebe0e9f034153536fe3946a3e5cc3d5a45c9a59b010131d5ccee20e21553303,2026-07-25,"I-45, Exit 198",False
7e00b614-a4ca-4769-ad75-27a663684329,TA Amarillo,TX,interstate,I-40,data/imports/locmaster20260725.xlsx,5ebe0e9f034153536fe3946a3e5cc3d5a45c9a59b010131d5ccee20e21553303,2026-07-25,"I-40 & Whitaker, Exit 74",False
7e00b614-a4ca-4769-ad75-27a663684329,TA Amarillo,TX,exit_number,74,data/imports/locmaster20260725.xlsx,5ebe0e9f034153536fe3946a3e5cc3d5a45c9a59b010131d5ccee20e21553303,2026-07-25,"I-40 & Whitaker, Exit 74",False
89a0194f-b908-46bd-87d7-722f881e16d6,Petro El Paso,TX,interstate,I-10,data/imports/locmaster20260725.xlsx,5ebe0e9f034153536fe3946a3e5cc3d5a45c9a59b010131d5ccee20e21553303,2026-07-25,"I-10, Exit 37 at Horizon Blvd.",False
89a0194f-b908-46bd-87d7-722f881e16d6,Petro El Paso,TX,exit_number,37,data/imports/locmaster20260725.xlsx,5ebe0e9f034153536fe3946a3e5cc3d5a45c9a59b010131d5ccee20e21553303,2026-07-25,"I-10, Exit 37 at Horizon Blvd.",False
a1dd255a-8a8b-4dc0-8568-ba8ac37ee80e,TA Bernardo,TX,interstate,I-10,data/imports/locmaster20260725.xlsx,5ebe0e9f034153536fe3946a3e5cc3d5a45c9a59b010131d5ccee20e21553303,2026-07-25,"I-10, Exit 709",False
a1dd255a-8a8b-4dc0-8568-ba8ac37ee80e,TA Bernardo,TX,exit_number,709,data/imports/locmaster20260725.xlsx,5ebe0e9f034153536fe3946a3e5cc3d5a45c9a59b010131d5ccee20e21553303,2026-07-25,"I-10, Exit 709",False
a25b0c0d-12c7-49ad-b03b-fbc75c382244,TA Baytown,TX,interstate,I-10,data/imports/locmaster20260725.xlsx,5ebe0e9f034153536fe3946a3e5cc3d5a45c9a59b010131d5ccee20e21553303,2026-07-25,"I-10 & Thompson Rd., Exit 789",False
a25b0c0d-12c7-49ad-b03b-fbc75c382244,TA Baytown,TX,exit_number,789,data/imports/locmaster20260725.xlsx,5ebe0e9f034153536fe3946a3e5cc3d5a45c9a59b010131d5ccee20e21553303,2026-07-25,"I-10 & Thompson Rd., Exit 789",False
a793c66a-9219-4646-b295-ee6bee94cae5,Petro Pearsall,TX,interstate,I-35,data/imports/locmaster20260725.xlsx,5ebe0e9f034153536fe3946a3e5cc3d5a45c9a59b010131d5ccee20e21553303,2026-07-25,"I-35, Exit 101(Southbound) I-35, Exit 100(Northbound)",False
b80df7c1-c1ce-4031-bb79-e597454cd22e,Petro San Antonio,TX,interstate,I-10,data/imports/locmaster20260725.xlsx,5ebe0e9f034153536fe3946a3e5cc3d5a45c9a59b010131d5ccee20e21553303,2026-07-25,"I-10, Exit 581 at Ackerman Road",False
b80df7c1-c1ce-4031-bb79-e597454cd22e,Petro San Antonio,TX,exit_number,581,data/imports/locmaster20260725.xlsx,5ebe0e9f034153536fe3946a3e5cc3d5a45c9a59b010131d5ccee20e21553303,2026-07-25,"I-10, Exit 581 at Ackerman Road",False
b940af68-43e4-4fa6-b56c-8b4636b66149,TA Laredo,TX,interstate,I-35,data/imports/locmaster20260725.xlsx,5ebe0e9f034153536fe3946a3e5cc3d5a45c9a59b010131d5ccee20e21553303,2026-07-25,I-35 and Beltway Parkway,False
c930f79c-58e6-4108-8aab-2c3ef3ed512c,TA Denton,TX,interstate,I-35,data/imports/locmaster20260725.xlsx,5ebe0e9f034153536fe3946a3e5cc3d5a45c9a59b010131d5ccee20e21553303,2026-07-25,"I-35 & U.S. 77, Exit 471, MM 471",False
c930f79c-58e6-4108-8aab-2c3ef3ed512c,TA Denton,TX,exit_number,471,data/imports/locmaster20260725.xlsx,5ebe0e9f034153536fe3946a3e5cc3d5a45c9a59b010131d5ccee20e21553303,2026-07-25,"I-35 & U.S. 77, Exit 471, MM 471",False
d38955c0-2208-4277-a897-473f8b73d677,TA Big Spring,TX,interstate,I-20,data/imports/locmaster20260725.xlsx,5ebe0e9f034153536fe3946a3e5cc3d5a45c9a59b010131d5ccee20e21553303,2026-07-25,"I-20 & Hwy 87, Exit 177",False
d38955c0-2208-4277-a897-473f8b73d677,TA Big Spring,TX,exit_number,177,data/imports/locmaster20260725.xlsx,5ebe0e9f034153536fe3946a3e5cc3d5a45c9a59b010131d5ccee20e21553303,2026-07-25,"I-20 & Hwy 87, Exit 177",False
f1ac4d06-e831-4614-9338-a5a5f1d36e39,TA Express Vinton,TX,interstate,I-10,data/imports/locmaster20260725.xlsx,5ebe0e9f034153536fe3946a3e5cc3d5a45c9a59b010131d5ccee20e21553303,2026-07-25,"I-10, Exit 2 at Vinton",False
f1ac4d06-e831-4614-9338-a5a5f1d36e39,TA Express Vinton,TX,exit_number,2,data/imports/locmaster20260725.xlsx,5ebe0e9f034153536fe3946a3e5cc3d5a45c9a59b010131d5ccee20e21553303,2026-07-25,"I-10, Exit 2 at Vinton",False
1f2fce58-e15f-45e8-986c-989e8116ad30,TA Tooele,UT,interstate,I-80,data/imports/locmaster20260725.xlsx,5ebe0e9f034153536fe3946a3e5cc3d5a45c9a59b010131d5ccee20e21553303,2026-07-25,"I-80, Exit 99",False
1f2fce58-e15f-45e8-986c-989e8116ad30,TA Tooele,UT,exit_number,99,data/imports/locmaster20260725.xlsx,5ebe0e9f034153536fe3946a3e5cc3d5a45c9a59b010131d5ccee20e21553303,2026-07-25,"I-80, Exit 99",False
8d8e01b6-06fe-4775-957d-4c24d49500a2,TA Express Parowan,UT,interstate,I-15,data/imports/locmaster20260725.xlsx,5ebe0e9f034153536fe3946a3e5cc3d5a45c9a59b010131d5ccee20e21553303,2026-07-25,"I-15, Exit 78",False
8d8e01b6-06fe-4775-957d-4c24d49500a2,TA Express Parowan,UT,exit_number,78,data/imports/locmaster20260725.xlsx,5ebe0e9f034153536fe3946a3e5cc3d5a45c9a59b010131d5ccee20e21553303,2026-07-25,"I-15, Exit 78",False
e363ff42-1221-47e2-8ad5-43d1003fd317,TA Fillmore,UT,interstate,I-15,data/imports/locmaster20260725.xlsx,5ebe0e9f034153536fe3946a3e5cc3d5a45c9a59b010131d5ccee20e21553303,2026-07-25,"I-15, Exit 163",False
e363ff42-1221-47e2-8ad5-43d1003fd317,TA Fillmore,UT,exit_number,163,data/imports/locmaster20260725.xlsx,5ebe0e9f034153536fe3946a3e5cc3d5a45c9a59b010131d5ccee20e21553303,2026-07-25,"I-15, Exit 163",False
3926b89c-55a6-4de4-9a5e-d867729e0304,TA Wytheville,VA,interstate,I-77,data/imports/locmaster20260725.xlsx,5ebe0e9f034153536fe3946a3e5cc3d5a45c9a59b010131d5ccee20e21553303,2026-07-25,"I-77, Exit 41, I-81, Exit 72",True
655676ad-c86b-483c-9df8-e80dd24e90d7,Petro Glade Spring,VA,interstate,I-81,data/imports/locmaster20260725.xlsx,5ebe0e9f034153536fe3946a3e5cc3d5a45c9a59b010131d5ccee20e21553303,2026-07-25,"I-81, Exit 29",False
655676ad-c86b-483c-9df8-e80dd24e90d7,Petro Glade Spring,VA,exit_number,29,data/imports/locmaster20260725.xlsx,5ebe0e9f034153536fe3946a3e5cc3d5a45c9a59b010131d5ccee20e21553303,2026-07-25,"I-81, Exit 29",False
85b076b4-dccc-48d5-b119-5b1d2843b358,TA Express Warfield,VA,interstate,I-85,data/imports/locmaster20260725.xlsx,5ebe0e9f034153536fe3946a3e5cc3d5a45c9a59b010131d5ccee20e21553303,2026-07-25,"I-85, Exit 39",False
85b076b4-dccc-48d5-b119-5b1d2843b358,TA Express Warfield,VA,exit_number,39,data/imports/locmaster20260725.xlsx,5ebe0e9f034153536fe3946a3e5cc3d5a45c9a59b010131d5ccee20e21553303,2026-07-25,"I-85, Exit 39",False
9f0e3d73-4329-4da6-8417-454d3f65bec9,Petro Raphine,VA,interstate,I-81,data/imports/locmaster20260725.xlsx,5ebe0e9f034153536fe3946a3e5cc3d5a45c9a59b010131d5ccee20e21553303,2026-07-25,I-81 & I-64; Exit 205,True
9f0e3d73-4329-4da6-8417-454d3f65bec9,Petro Raphine,VA,exit_number,205,data/imports/locmaster20260725.xlsx,5ebe0e9f034153536fe3946a3e5cc3d5a45c9a59b010131d5ccee20e21553303,2026-07-25,I-81 & I-64; Exit 205,True
9f855b14-f665-4612-af50-2e6d14ab0216,TA Lexington,VA,interstate,I-81,data/imports/locmaster20260725.xlsx,5ebe0e9f034153536fe3946a3e5cc3d5a45c9a59b010131d5ccee20e21553303,2026-07-25,I-81 & I-64; Exit 195,True
9f855b14-f665-4612-af50-2e6d14ab0216,TA Lexington,VA,exit_number,195,data/imports/locmaster20260725.xlsx,5ebe0e9f034153536fe3946a3e5cc3d5a45c9a59b010131d5ccee20e21553303,2026-07-25,I-81 & I-64; Exit 195,True
7eda1356-1bc5-42c9-831a-bf5205ae4ef4,TA Seattle East,WA,interstate,I-90,data/imports/locmaster20260725.xlsx,5ebe0e9f034153536fe3946a3e5cc3d5a45c9a59b010131d5ccee20e21553303,2026-07-25,"I-90, Exit 34",False
7eda1356-1bc5-42c9-831a-bf5205ae4ef4,TA Seattle East,WA,exit_number,34,data/imports/locmaster20260725.xlsx,5ebe0e9f034153536fe3946a3e5cc3d5a45c9a59b010131d5ccee20e21553303,2026-07-25,"I-90, Exit 34",False
ac439c50-e673-403d-ba71-2cc121f66204,Petro Spokane,WA,interstate,I-90,data/imports/locmaster20260725.xlsx,5ebe0e9f034153536fe3946a3e5cc3d5a45c9a59b010131d5ccee20e21553303,2026-07-25,"I-90 at Medical Lake Road, Exit 272",False
ac439c50-e673-403d-ba71-2cc121f66204,Petro Spokane,WA,exit_number,272,data/imports/locmaster20260725.xlsx,5ebe0e9f034153536fe3946a3e5cc3d5a45c9a59b010131d5ccee20e21553303,2026-07-25,"I-90 at Medical Lake Road, Exit 272",False
c9e79215-06cd-4057-9563-8ebee52f3f63,TA Grandview,WA,interstate,I-82,data/imports/locmaster20260725.xlsx,5ebe0e9f034153536fe3946a3e5cc3d5a45c9a59b010131d5ccee20e21553303,2026-07-25,"I-82, exit 73",False
c9e79215-06cd-4057-9563-8ebee52f3f63,TA Grandview,WA,exit_number,73,data/imports/locmaster20260725.xlsx,5ebe0e9f034153536fe3946a3e5cc3d5a45c9a59b010131d5ccee20e21553303,2026-07-25,"I-82, exit 73",False
faa6f12f-84f6-49ff-93c6-f2edd5248ccc,TA Express Blaine,WA,interstate,I-5,data/imports/locmaster20260725.xlsx,5ebe0e9f034153536fe3946a3e5cc3d5a45c9a59b010131d5ccee20e21553303,2026-07-25,I-5 Exit 275,False
faa6f12f-84f6-49ff-93c6-f2edd5248ccc,TA Express Blaine,WA,exit_number,275,data/imports/locmaster20260725.xlsx,5ebe0e9f034153536fe3946a3e5cc3d5a45c9a59b010131d5ccee20e21553303,2026-07-25,I-5 Exit 275,False
103277c8-ef2d-4c03-8454-49020ed7d271,Petro Racine,WI,interstate,I-94,data/imports/locmaster20260725.xlsx,5ebe0e9f034153536fe3946a3e5cc3d5a45c9a59b010131d5ccee20e21553303,2026-07-25,I-94 & Hwy 20 Exit 333,False
103277c8-ef2d-4c03-8454-49020ed7d271,Petro Racine,WI,exit_number,333,data/imports/locmaster20260725.xlsx,5ebe0e9f034153536fe3946a3e5cc3d5a45c9a59b010131d5ccee20e21553303,2026-07-25,I-94 & Hwy 20 Exit 333,False
33639f44-8f76-491b-8a0f-4feeccb24cb7,TA Janesville,WI,interstate,I-90,data/imports/locmaster20260725.xlsx,5ebe0e9f034153536fe3946a3e5cc3d5a45c9a59b010131d5ccee20e21553303,2026-07-25,"I-90 & Hwy 14, Exit 171-B",False
33639f44-8f76-491b-8a0f-4feeccb24cb7,TA Janesville,WI,exit_number,171,data/imports/locmaster20260725.xlsx,5ebe0e9f034153536fe3946a3e5cc3d5a45c9a59b010131d5ccee20e21553303,2026-07-25,"I-90 & Hwy 14, Exit 171-B",False
4edbc14a-d5b7-4a30-bba9-3eb99ed2a3b7,TA Express Osseo,WI,interstate,I-94,data/imports/locmaster20260725.xlsx,5ebe0e9f034153536fe3946a3e5cc3d5a45c9a59b010131d5ccee20e21553303,2026-07-25,"I-94, Exit 88",False
4edbc14a-d5b7-4a30-bba9-3eb99ed2a3b7,TA Express Osseo,WI,exit_number,88,data/imports/locmaster20260725.xlsx,5ebe0e9f034153536fe3946a3e5cc3d5a45c9a59b010131d5ccee20e21553303,2026-07-25,"I-94, Exit 88",False
c1b46983-d4cb-4a2d-ac4b-6db925770586,TA Express New Lisbon,WI,interstate,I-90,data/imports/locmaster20260725.xlsx,5ebe0e9f034153536fe3946a3e5cc3d5a45c9a59b010131d5ccee20e21553303,2026-07-25,"I-90, Exit 61",False
c1b46983-d4cb-4a2d-ac4b-6db925770586,TA Express New Lisbon,WI,exit_number,61,data/imports/locmaster20260725.xlsx,5ebe0e9f034153536fe3946a3e5cc3d5a45c9a59b010131d5ccee20e21553303,2026-07-25,"I-90, Exit 61",False
cf841c5e-1e5a-49e5-927e-190fae5d6c05,Petro Portage,WI,interstate,I-90,data/imports/locmaster20260725.xlsx,5ebe0e9f034153536fe3946a3e5cc3d5a45c9a59b010131d5ccee20e21553303,2026-07-25,"I-90 & I-94 Hwy 78 South, Exit 108A",True
cf841c5e-1e5a-49e5-927e-190fae5d6c05,Petro Portage,WI,exit_number,108A,data/imports/locmaster20260725.xlsx,5ebe0e9f034153536fe3946a3e5cc3d5a45c9a59b010131d5ccee20e21553303,2026-07-25,"I-90 & I-94 Hwy 78 South, Exit 108A",True
d2a9add5-27c1-412f-8635-fe85fd97f812,TA Madison,WI,interstate,I-90,data/imports/locmaster20260725.xlsx,5ebe0e9f034153536fe3946a3e5cc3d5a45c9a59b010131d5ccee20e21553303,2026-07-25,"I-90 & I-94, Exit 132",True
d2a9add5-27c1-412f-8635-fe85fd97f812,TA Madison,WI,exit_number,132,data/imports/locmaster20260725.xlsx,5ebe0e9f034153536fe3946a3e5cc3d5a45c9a59b010131d5ccee20e21553303,2026-07-25,"I-90 & I-94, Exit 132",True
d95026e2-c51b-4d0e-b5f7-fec32c63fdc3,TA Hudson,WI,interstate,I-94,data/imports/locmaster20260725.xlsx,5ebe0e9f034153536fe3946a3e5cc3d5a45c9a59b010131d5ccee20e21553303,2026-07-25,"I-94, Exit 4",False
d95026e2-c51b-4d0e-b5f7-fec32c63fdc3,TA Hudson,WI,exit_number,4,data/imports/locmaster20260725.xlsx,5ebe0e9f034153536fe3946a3e5cc3d5a45c9a59b010131d5ccee20e21553303,2026-07-25,"I-94, Exit 4",False
83d598f6-d049-46d5-8a43-2fff1d2edb5b,TA Mineral Wells,WV,interstate,I-77,data/imports/locmaster20260725.xlsx,5ebe0e9f034153536fe3946a3e5cc3d5a45c9a59b010131d5ccee20e21553303,2026-07-25,"I-77, Exit 170",False
83d598f6-d049-46d5-8a43-2fff1d2edb5b,TA Mineral Wells,WV,exit_number,170,data/imports/locmaster20260725.xlsx,5ebe0e9f034153536fe3946a3e5cc3d5a45c9a59b010131d5ccee20e21553303,2026-07-25,"I-77, Exit 170",False
98d364ee-a930-4e1d-94d3-aabf020ba0b5,TA Wheeling,WV,interstate,I-70,data/imports/locmaster20260725.xlsx,5ebe0e9f034153536fe3946a3e5cc3d5a45c9a59b010131d5ccee20e21553303,2026-07-25,"I-70 at Dallas Pike, Exit 11",False
98d364ee-a930-4e1d-94d3-aabf020ba0b5,TA Wheeling,WV,exit_number,11,data/imports/locmaster20260725.xlsx,5ebe0e9f034153536fe3946a3e5cc3d5a45c9a59b010131d5ccee20e21553303,2026-07-25,"I-70 at Dallas Pike, Exit 11",False
c6daf923-a5f7-43fe-8809-2fc32bb9267c,TA Hurricane,WV,interstate,I-64,data/imports/locmaster20260725.xlsx,5ebe0e9f034153536fe3946a3e5cc3d5a45c9a59b010131d5ccee20e21553303,2026-07-25,"I-64 , Exit 39",False
c6daf923-a5f7-43fe-8809-2fc32bb9267c,TA Hurricane,WV,exit_number,39,data/imports/locmaster20260725.xlsx,5ebe0e9f034153536fe3946a3e5cc3d5a45c9a59b010131d5ccee20e21553303,2026-07-25,"I-64 , Exit 39",False
dd8d6960-1a16-4612-9482-71c3f8966f0a,TA Jane Lew,WV,interstate,I-79,data/imports/locmaster20260725.xlsx,5ebe0e9f034153536fe3946a3e5cc3d5a45c9a59b010131d5ccee20e21553303,2026-07-25,"I-79, Exit 105",False
dd8d6960-1a16-4612-9482-71c3f8966f0a,TA Jane Lew,WV,exit_number,105,data/imports/locmaster20260725.xlsx,5ebe0e9f034153536fe3946a3e5cc3d5a45c9a59b010131d5ccee20e21553303,2026-07-25,"I-79, Exit 105",False
04fe8734-4e5c-446e-9bc3-a9f0ca276035,TA Rawlins,WY,interstate,I-80,data/imports/locmaster20260725.xlsx,5ebe0e9f034153536fe3946a3e5cc3d5a45c9a59b010131d5ccee20e21553303,2026-07-25,"I-80 & Higley Blvd., Exit 214",False
04fe8734-4e5c-446e-9bc3-a9f0ca276035,TA Rawlins,WY,exit_number,214,data/imports/locmaster20260725.xlsx,5ebe0e9f034153536fe3946a3e5cc3d5a45c9a59b010131d5ccee20e21553303,2026-07-25,"I-80 & Higley Blvd., Exit 214",False
270ef64e-2759-404f-a315-9762341e1f80,Petro Laramie,WY,interstate,I-80,data/imports/locmaster20260725.xlsx,5ebe0e9f034153536fe3946a3e5cc3d5a45c9a59b010131d5ccee20e21553303,2026-07-25,"I-80 at Curtis, Exit 310",False
270ef64e-2759-404f-a315-9762341e1f80,Petro Laramie,WY,exit_number,310,data/imports/locmaster20260725.xlsx,5ebe0e9f034153536fe3946a3e5cc3d5a45c9a59b010131d5ccee20e21553303,2026-07-25,"I-80 at Curtis, Exit 310",False
416175cb-4cf3-41b8-a73a-faf66a24d238,TA Ft. Bridger,WY,interstate,I-80,data/imports/locmaster20260725.xlsx,5ebe0e9f034153536fe3946a3e5cc3d5a45c9a59b010131d5ccee20e21553303,2026-07-25,"I-80, Exit 30",False
416175cb-4cf3-41b8-a73a-faf66a24d238,TA Ft. Bridger,WY,exit_number,30,data/imports/locmaster20260725.xlsx,5ebe0e9f034153536fe3946a3e5cc3d5a45c9a59b010131d5ccee20e21553303,2026-07-25,"I-80, Exit 30",False
7e4cb477-0965-4353-94b1-b2702a5bf302,TA Express Rock Springs,WY,interstate,I-80,data/imports/locmaster20260725.xlsx,5ebe0e9f034153536fe3946a3e5cc3d5a45c9a59b010131d5ccee20e21553303,2026-07-25,"I-80, Exit 104",False
7e4cb477-0965-4353-94b1-b2702a5bf302,TA Express Rock Springs,WY,exit_number,104,data/imports/locmaster20260725.xlsx,5ebe0e9f034153536fe3946a3e5cc3d5a45c9a59b010131d5ccee20e21553303,2026-07-25,"I-80, Exit 104",False
e990a211-f23e-4ab1-b747-52a3b1f998da,TA Cheyenne,WY,interstate,I-80,data/imports/locmaster20260725.xlsx,5ebe0e9f034153536fe3946a3e5cc3d5a45c9a59b010131d5ccee20e21553303,2026-07-25,"I-80, Exit 377",False
e990a211-f23e-4ab1-b747-52a3b1f998da,TA Cheyenne,WY,exit_number,377,data/imports/locmaster20260725.xlsx,5ebe0e9f034153536fe3946a3e5cc3d5a45c9a59b010131d5ccee20e21553303,2026-07-25,"I-80, Exit 377",False
