"listing_id","business_name","input_address","census_matched_address","existing_coordinate","proposed_coordinate","distance_from_control_m","state_bounds_result","match_classification","reviewer_decision","reviewer_notes"
"925013f5-8de1-4263-999a-8121bb9bd399","CAT Scale — Flying J Travel Center #668, Saginaw","3475 E Washington Rd, Saginaw, MI 48601","3475 E WASHINGTON RD, SAGINAW, MI, 48601","","43.450721242849,-83.893831675949","","in-state","census-manual-review","",""
"9eb4f46e-b11a-4d3c-be3b-6e34a79f3631","CAT Scale at TA Candler","153 Wiggins Rd, Candler, NC 28715","153 WIGGINS RD, CANDLER, NC, 28715","","35.544525627205,-82.755393036071","","in-state","census-manual-review","",""
"1b28a7ae-3fa0-4c3a-975d-b96459b104d1","Southern Tire Mart at Pilot - Jackson","30 Sand Pebble Rd (at Pilot Travel Center #366), Jackson, TN 38305","","","","","n/a","census-no-match","",""
"06ea73db-318b-4f90-812a-353ddb570b13","Super 8 by Wyndham Grayling (Fick & Sons)","5828 Nelson A Miles Pkwy, Grayling, MI 49738","5828 NELSON A MILES PKWY, GRAYLING, MI, 49738","","44.600330203587,-84.712413293227","","in-state","census-manual-review","",""
"11ed7674-3739-4cfa-9433-51c982f1d544","CAT Scale at ONE9 Travel Center #226","505 Patriot Dr, Dandridge, TN 37725","505 PATRIOT DR, DANDRIDGE, TN, 37725","","36.03907915899,-83.444214712387","","in-state","census-manual-review","",""
"27490a78-a0da-432e-9f3b-7d351f0b1ef4","CAT Scale at Love's Travel Stop #459","4155 S Indianapolis Rd, Whitestown, IN 46075","4155 INDIANAPOLIS RD, WHITESTOWN, IN, 46075","","39.978017165801,-86.397236740986","","in-state","census-manual-review","",""
"44ef662c-3372-40a8-9c5b-eb2f0c76fc2c","VIP Quality Express Truck Wash","7535 Montevideo Road, Jessup, MD 20794","7535 MONTEVIDEO RD, JESSUP, MD, 20794","","39.16383825077,-76.769680708308","","in-state","census-manual-review","",""
"1ea6395c-a3b6-45ea-8e77-44eeca7f1ef6","Comfort Suites Cullman I-65 Exit 310","2054 St Joseph Drive NW, Cullman, AL 35055","","","","","n/a","census-no-match","",""
"9eb5cdaa-1e13-48a0-b82f-d573166dfe03","Speedway #3424","1475 W Market St, Troy, OH","1475 N MARKET ST, TROY, OH, 45373","","40.054403205762,-84.189237162531","","in-state","census-manual-review","",""
"3e5fef77-bc72-4174-b45d-04f6096c8fde","TA Earle (TravelCenters of America #033)","408 Highway 149 N, Earle, AR 72331","408 STATE HWY 149, EARLE, AR, 72331","","35.282286600748,-90.468684301219","","in-state","census-manual-review","",""
"410fb4a6-1480-436d-b89b-b5721608cc2a","Truck Wash at Pilot Travel Center (Burr Street, Gary)","2501 Burr St, Gary, IN 46406","2501 BURR ST, GARY, IN, 46406","","41.57345062487,-87.403375915921","","in-state","census-manual-review","",""
"603f66e7-ab68-4307-908f-1d1d6ca2d69a","Truck Parking Club - 1712 Germantown Rd (Middletown)","1712 Germantown Road, Middletown, OH 45042","","","","","n/a","census-no-match","",""
"773a8400-7000-4901-b31c-6f83dda77af6","Alpha Dawg Diesel Truck & Trailer Repair","1001 Baker Drive, Monroe, OH 45050","","","","","n/a","census-no-match","",""
"f12efc5b-1023-449c-b0b6-5b4df2dbadb1","Hy-Miler (Mobil) Travel Center","2488 Oregon Rd, Northwood, OH 43619","2488 OREGON RD, NORTHWOOD, OH, 43619","","41.609200270118,-83.538230034796","","in-state","census-manual-review","",""
"c36a20c0-a035-4478-93c5-c93dceffb194","CAT Scale at Pilot Travel Center #406","9211 Lewisburg Highway, Cornersville, TN 37047","9211 LEWISBURG HWY, CORNERSVILLE, TN, 37047","","35.304676143923,-86.884102253998","","in-state","census-manual-review","",""
"ea77b1ed-08aa-424a-a08f-dd7928387ad7","Shrader Tire & Oil — North Toledo Truck Tire Center","6032 Hagman Rd, Toledo, OH 43612","6032 HAGMAN RD, TOLEDO, OH, 43612","","41.727389919942,-83.508820675401","","in-state","census-manual-review","",""
"1beb847b-eca9-4b86-a151-558340292504","Flying J Travel Plaza #624 (Dade City / San Antonio)","29933 State Road 52, San Antonio, FL 33576","29933 STATE RD 52, SAN ANTONIO, FL, 33576","","28.325553237509,-82.322268497102","","in-state","census-manual-review","",""
"146b8332-2938-43e7-ab80-e6069aee6443","Love's Truck Care - Frenchtown/Monroe (#645)","1609 Nadeau Rd, Frenchtown, MI 48161","","","","","n/a","census-no-match","",""
"71e6cb4a-6c13-4f87-9686-92e6044703a0","95 Truck & Trailer Repair","11765 Capital Ln, Fredericksburg, VA 22407","11765 CAPITAL LN, FREDERICKSBURG, VA, 22408","","38.279625793878,-77.446148576434","","in-state","census-manual-review","",""
"783d1792-e352-4fb3-bd2b-fc38951c19c8","TA Gary #010 (Burr Street)","2510 Burr St, Gary, IN 46406","2510 BURR ST, GARY, IN, 46406","","41.573278036,-87.403567223452","","in-state","census-manual-review","",""
"8f2aedd7-e4a2-40b8-98c0-22c027127390","All Hooked Up Towing & Recovery","134 Toney Penna Dr, Jupiter, FL 33458","134 TONEY PENNA DR, JUPITER, FL, 33458","","26.926236725737,-80.095612482629","","in-state","census-manual-review","",""
"00151f69-dcb6-4510-ac9e-19f6c5ba77a2","Truck Parking Club - 6180 Benore Rd (Toledo)","6180 Benore Rd, Toledo, OH 43612","6180 BENORE RD, TOLEDO, OH, 43612","","41.729175739281,-83.527248937417","","in-state","census-manual-review","",""
"779bb801-20f2-4567-b127-011270581bd1","TA Truck Service at Petro Gary","3001 Grant St, Gary, IN 46408","3001 GRANT ST, GARY, IN, 46408","","41.559707240659,-87.355879322194","","in-state","census-manual-review","",""
"b9c7c0fd-8292-4f9f-8424-ab1914e68738","CAT Scale at Pilot Sadler's Emporia","918 W Atlantic St, Emporia, VA 23847","918 W ATLANTIC ST, EMPORIA, VA, 23847","","36.70415608575,-77.553025704599","","in-state","census-manual-review","",""
"cdeb1524-21ed-4454-9667-4b4781f3e8fb","Love's Travel Stop #346","1624 Bear Creek Pike, Columbia, TN 38401","1624 BEAR CREEK PIKE, COLUMBIA, TN, 38401","","35.644334713207,-86.88599342113","","in-state","census-manual-review","",""
"7b969fa7-19c1-4bd2-b0c5-9663b9007464","Love's Travel Stop #308","3308 Hwy 226 S, Marion, NC 28752","","","","","n/a","census-no-match","",""
"4afcec75-e167-44b6-bf5b-3219086c047e","Dolly's Tennessean Travel Stop","3686 Pulaski Highway, Cornersville, TN 37047","","","","","n/a","census-no-match","",""
"7d908a8c-749c-4c46-9c03-9c73ad7b7b36","Truck Parking Club - 830 Eastern Bypass (Richmond)","830 Eastern Bypass, Richmond, KY 40475","830 EASTERN BYP, RICHMOND, KY, 40475","","37.731404257377,-84.280899280514","","in-state","census-manual-review","",""
"b853c27b-e5f4-4288-a608-0d9f240d5b71","Coty's Hi-Pressure Wash & General Truck Repair (Saginaw)","3460 E Washington Rd, Saginaw, MI 48601","3460 E WASHINGTON RD, SAGINAW, MI, 48601","","43.450627560638,-83.895522788655","","in-state","census-manual-review","",""
"d6097cf6-67ee-4259-bd01-c63af2c6bc0f","Highway Transport Chemical Tank Wash","7800 Foundation Dr, Florence, KY 41042","7800 FOUNDATION DR, FLORENCE, KY, 41042","","38.983648135293,-84.595308037882","","in-state","census-manual-review","",""
"27c0d036-6d49-449f-963a-a57b7b3e1784","Rocky Mount Inn","1921 N Wesleyan Blvd, Rocky Mount, NC 27804","1921 N WESLEYAN BLVD, ROCKY MOUNT, NC, 27804","","35.986281676039,-77.783449242405","","in-state","census-manual-review","",""
"abd74d87-27d2-44c5-bf68-7e0c999a1021","Bcity Tire Service and Sales, Inc.","5640 15th St E, Bradenton, FL 34208","5640 15TH ST E, BRADENTON, FL, 34203","","27.441153648376,-82.546733013566","","in-state","census-manual-review","",""
"1d38a614-f929-4747-95c3-7ae04f61c4e0","BestDrive Commercial Tire Center - Cartersville","2225 Hwy 411 NE, Cartersville, GA 30121","2225 US HWY 411, CARTERSVILLE, GA, 30121","","34.238810509365,-84.776960568723","","in-state","census-manual-review","",""
"0a0c7a0d-2fb0-4201-a93f-b934e2617b5b","Petro Kenly 95 #395","923 Johnston Pkwy, Kenly, NC 27542","923 JOHNSTON PKWY, KENLY, NC, 27542","","35.581359917897,-78.146581818113","","in-state","census-manual-review","",""
"523080e8-e097-4129-a1fd-6971162dc8c0","Newport Truck and Trailer Repair - Fleet Truck Parking","116 Jasmine Dr, Newport, TN 37821","116 JASMINE RD, NEWPORT, TN, 37821","","35.976674013418,-83.213077106793","","in-state","census-manual-review","",""
"b04bb2a3-499f-4184-afb2-ea9fdcd26826","Speedway #8064","5829 State Road 43 N, Lafayette, IN 47906","5829 STATE RD 43, LAFAYETTE, IN, 47906","","40.501961705523,-86.86847837435","","in-state","census-manual-review","",""
"58632d08-df92-4a46-8c2a-b89a3a0e138a","Piedmont Truck Tires Inc. (McCarthy Tire Service)","1317 Emmanuel Church Rd, Conover, NC 28613","1317 EMMANUEL CHURCH RD, CONOVER, NC, 28613","","35.700228474328,-81.198533413134","","in-state","census-manual-review","",""
"c3ed2924-e776-4546-bd7c-1547e2413728","JAM Best-One Fleet Service","6202 Fairfield Dr, Northwood, OH 43619","6202 FAIRFIELD DR, NORTHWOOD, OH, 43619","","41.604397845899,-83.552044923476","","in-state","census-manual-review","",""
"50c54637-cbc4-4afc-95f4-10e946870d06","Thompson Truck Group - Cookeville (International dealer, former Landmark International)","8220 Roberts Matthews Hwy, Cookeville, TN","8220 ROBERTS MATTHEWS HWY, COOKEVILLE, TN, 38506","","36.074010445996,-85.506387976382","","in-state","census-manual-review","",""
"2f8d337f-56bf-4d5d-bfca-44de796066ca","Love's Truck Care - Ocala (#363)","7791 NW 47th Ave, Ocala, FL 34482","","","","","n/a","census-no-match","",""
"8834db27-9646-4ec7-be01-8249b27e8034","I-40 Diesel & Auto","201 Reep Dr, Morganton, NC 28655","201 REEP ST, MORGANTON, NC, 28655","","35.733517751059,-81.786604032782","","in-state","census-manual-review","",""
"13a9285c-b1a3-41c1-8bd8-b37661403226","Conoco Truck Stop (Carlisle One Stop)","1491 Bobby L Glover Highway, Carlisle, AR 72024","","","","","n/a","census-no-match","",""
"18df2837-56f3-4b52-9360-d625614d0910","American Driver Training Academy","618 Lambson Ln, New Castle, DE 19720","618 LAMBSON LN, NEW CASTLE, DE, 19720","","39.705251548246,-75.539944865575","","in-state","census-manual-review","",""
"d71c3b0e-137c-404e-afd8-35f9caf76be8","Love's Speedco #930","101 Woodard Dr, Kenly, NC 27542","101 WOODARD DR, KENLY, NC, 27542","","35.581923852471,-78.149082637636","","in-state","census-manual-review","",""
"c32686ff-6cf3-4422-af97-80b823e07eb9","Love's Travel Stop #618 (Birch Run)","8795 Main St, Birch Run, MI 48415","8795 MAIN ST, BIRCH RUN, MI, 48415","","43.250237273005,-83.778810782379","","in-state","census-manual-review","",""
"2a63ae26-efa4-4591-bd3d-63f45bf8639c","Shawnee Fuel Stop","1250 West Breese Road, Lima, OH 45806","1250 W BREESE RD, LIMA, OH, 45806","","40.686757779062,-84.126006512787","","in-state","census-manual-review","",""
"02cc4878-abf2-44a6-9495-7fbd598d4bc3","Spirit Travel Center","192 Highway 83, Evergreen, AL 36401","192 STATE RTE 83, EVERGREEN, AL, 36401","","31.460002568498,-86.970168893875","","in-state","census-manual-review","",""
"73f556fb-c779-4a56-896a-4ed1b6d0c666","Super 8 by Wyndham Indianapolis/Southport Rd","4033 E Southport Rd, Indianapolis, IN 46237","4033 E SOUTHPORT RD, INDIANAPOLIS, IN, 46237","","39.665401296724,-86.097902576049","","in-state","census-manual-review","",""
"e862ec83-1ad2-4128-90dd-2cb529a71c79","Love's Travel Stop #629","1001 Highway 76, White House, TN 37188","1001 STATE RTE 76, WHITE HOUSE, TN, 37188","","36.468468592734,-86.688294463063","","in-state","census-manual-review","",""
"f6502eed-0e6a-40c4-a5df-d5a0068ef809","Love's Travel Stop #459","4155 S Indianapolis Rd, Whitestown, IN 46075","4155 INDIANAPOLIS RD, WHITESTOWN, IN, 46075","","39.978017165801,-86.397236740986","","in-state","census-manual-review","",""
"f0783c4c-568f-4ed0-8ee8-baec2257dab1","Pilot Flying J Truck Care - Woodhaven","21055 West Rd, Woodhaven, MI 48183","21055 WEST RD, WOODHAVEN, MI, 48183","","42.139119390052,-83.238172339735","","in-state","census-manual-review","",""
"3e0cd409-c3fc-4aa3-bdfd-0fe2587746f6","Derby City South Truck Plaza","1990 Richmond St (US-25), Mount Vernon, KY 40456","1990 RICHMOND ST, MOUNT VERNON, KY, 40456","","37.380715577858,-84.330278843151","","in-state","census-manual-review","",""
"f0d5921a-b53e-482e-941c-3fab7398e0aa","Ramada by Wyndham Sellersburg / Louisville North","360 Triangle Dr, Sellersburg, IN 47172","360 TRIANGLE DR, SELLERSBURG, IN, 47172","","38.394215936304,-85.759606084488","","in-state","census-manual-review","",""
"7a1de681-cd92-4406-8bea-30ee681a1c98","CAT Scale (Circle K Bradenton)","6410 E State Road 64, Bradenton, FL 34208","6410 E STATE RD 64, BRADENTON, FL, 34208","","27.492526970571,-82.481200844285","","in-state","census-manual-review","",""
"55ea9889-c967-4506-aab5-c5fb836ee30e","Michigan Welcome Center - St. Ignace (I-75)","I-75 N Mackinac Bridge Plaza, St. Ignace, MI 49781","","","","","n/a","census-no-match","",""
"997524e9-7d7a-48d1-b5e5-21ece287e0ec","Speedco #920 (Gary)","5225 W 26th Ave, Gary, IN 46406","5225 W 26TH AVE, GARY, IN, 46406","","41.571579572289,-87.401114149254","","in-state","census-manual-review","",""
"03ed38e8-cad2-426a-9624-021532e389b4","Uniontown Fuel Stop","11786 E State Road 250, Crothersville, IN 47274","11786 E STATE RD 250, CROTHERSVILLE, IN, 47229","","38.843670590379,-85.818119349139","","in-state","census-manual-review","",""
"1822b81f-648c-4711-a265-fe1800ccb423","Love's Travel Stop #451","5115 N 300 E, Whiteland, IN 46184","","","","","n/a","census-no-match","",""
"d536ca31-468a-4974-b480-dd9bfb9f264b","CAT Scale at Love's Dunn","3948 Hodges Chapel Rd, Dunn, NC 28334","3948 HODGES CHAPEL RD, DUNN, NC, 28334","","35.3395909234,-78.556245156296","","in-state","census-manual-review","",""
"ad02b07e-d2e3-4c78-978f-c18dee094d5b","Super 8 by Wyndham Knoxville North/Powell","323 E. Emory Road, Powell, TN 37849","323 E EMORY RD, POWELL, TN, 37849","","36.047127546587,-84.003217082034","","in-state","census-manual-review","",""
"737b6683-853c-4c7c-9b81-30aadadb627d","Knights Inn Wildersville","21305 State Route 22 N, Wildersville, TN 38388","21305 HWY 22 N, WILDERSVILLE, TN, 38388","","35.790125491734,-88.391699004905","","in-state","census-manual-review","",""
"525d165f-3020-48a5-a584-8bf689288500","Love's Speedco #906","130 Pilot Dr, Brunswick, GA 31523","","","","","n/a","census-no-match","",""
"d7669ede-a1d0-4fc9-9bd7-ab2fc25db55e","CAT Scale at Love's Travel Stop #330","110 Fast Ln, Baxter, TN 38544","","","","","n/a","census-no-match","",""
"c9ebaa0f-5ca1-44d9-91c3-1965fdd9f9a4","Love's Travel Stop #724 (Lake City)","13700 S US Highway 441, Lake City, FL 32025","13700 S US HWY 441, LAKE CITY, FL, 32025","","30.003718491356,-82.597421928609","","in-state","census-manual-review","",""
"00da872b-f8e1-4216-87b8-2991147f166f","Truck Parking Club - 750 Buckeye Rd (Lima, bobtail)","750 Buckeye Rd, Lima, OH 45804","750 BUCKEYE RD, LIMA, OH, 45804","","40.708587904275,-84.114709248403","","in-state","census-manual-review","",""
"e2aee5e7-1139-4566-a012-aa2ab3dc8453","CAT Scale — Pilot Travel Center #457, Beaverdam","427 East Main St, Beaverdam, OH 45808","427 E MAIN ST, BEAVERDAM, OH, 45808","","40.833175435759,-83.965574348013","","in-state","census-manual-review","",""
"d7c49137-e82a-4601-8f1b-d35d8d932c3e","CAT Scale — TA Saginaw #198, Bridgeport","6364 Dixie Hwy, Bridgeport, MI 48722","6364 DIXIE HWY, BRIDGEPORT, MI, 48722","","43.352606445024,-83.868820986088","","in-state","census-manual-review","",""
"4b5d062c-18db-4d39-8a06-073ae984e323","Truck Parking Club - 120 Declaration Dr, McDonough","120 Declaration Dr, McDonough, GA 30253","120 DECLARATION DR, MCDONOUGH, GA, 30253","","33.397740646547,-84.166665718041","","in-state","census-manual-review","",""
"6e837904-c3b3-432f-b78f-bce80ada5ea0","Southern Tire Mart at Pilot #314","505 Patriot Dr, Dandridge, TN 37725","505 PATRIOT DR, DANDRIDGE, TN, 37725","","36.03907915899,-83.444214712387","","in-state","census-manual-review","",""
"606a8c6f-80a0-4fd2-865e-19f30f18fd29","CAT Scale — Pilot Travel Center #321, Walton (Richwood)","11229 Frontage Rd, Walton, KY 41094","11229 FRONTAGE RD, WALTON, KY, 41094","","38.917608743936,-84.631258893509","","in-state","census-manual-review","",""
"6e547c77-4ab9-49fa-bfdc-0d6ad39abaed","Bells Truck Stop","9730 US Highway 70, Brownsville, TN 38006","9730 US HWY 70, BELLS, TN, 38006","","35.584202227624,-89.090447228909","","in-state","census-manual-review","",""
"deb4ebbf-3a76-487f-b015-532c1f6f4d9f","CAT Scale — Love's Travel Stop #724, Lake City","13700 S US Highway 441, Lake City, FL 32025","13700 S US HWY 441, LAKE CITY, FL, 32025","","30.003718491356,-82.597421928609","","in-state","census-manual-review","",""
"efd90b77-aa20-461b-95ef-73c6ad153da2","Super 8 by Wyndham Ellenton Bradenton Area","5218 17th St E, Ellenton, FL 34222","5218 17TH ST E, ELLENTON, FL, 34222","","27.528847226547,-82.512802270495","","in-state","census-manual-review","",""
"65b43b41-ec30-4e6c-bb62-89350773f592","TruckParkingClub - 1100 NW 1st Ave, Ocala","1100 NW 1st Ave, Ocala, FL 34475","1100 NW 1ST AVE, OCALA, FL, 34475","","29.197620519283,-82.137857997614","","in-state","census-manual-review","",""
"a68d59ed-297d-4b52-96c3-f59bfc608bb0","Service Tire","81 Fesslers Ln, Nashville, TN 37210","81 FESSLERS LN, NASHVILLE, TN, 37210","","36.157918109302,-86.743957976205","","in-state","census-manual-review","",""
"da698161-6d20-4069-9e12-64db6fb9cf21","Pilot Travel Center #9","6830 Franklin-Lebanon Road, Franklin, OH 45005","","","","","n/a","census-no-match","",""
"1288759e-4934-4d85-ba1a-ea9684af445f","Monroe Truck & RV Wash","1840 Frenchtown Center Dr, Monroe, MI 48162","1840 FRENCHTOWN CENTER DR, MONROE, MI, 48162","","41.933044402391,-83.353968130267","","in-state","census-manual-review","",""
"3b130209-e596-4c15-a1fa-522cf7d933bc","CAT Scale at Pilot Florence (#337)","2015 W Lucas St, Florence, SC 29501","2015 W LUCAS ST, FLORENCE, SC, 29501","","34.232523590175,-79.802881994808","","in-state","census-manual-review","",""
"0432986c-b8ae-47fe-a647-db30b12d9434","Love's Truck Tire Care #624, Prichard","2600 W I-65 Service Rd N, Prichard, AL 36612","","","","","n/a","census-no-match","",""
"54d2b882-24b4-4c09-b2b8-98529c4e1af7","QuikTrip Travel Center #757","961 Hwy 140 NW, Adairsville, GA 30103","961 STATE RTE 140, ADAIRSVILLE, GA, 30103","","34.378529112124,-84.907028772019","","in-state","census-manual-review","",""
"2aafd4fa-3045-492d-a047-49a8ada973dd","CAT Scale — Pilot Travel Center #231, Corbin","249 W Cumberland Gap Pkwy, Corbin, KY 40701","","","","","n/a","census-no-match","",""
"f3c0bc13-9e53-4196-b049-258e92e71544","CAT Scale - Love's Travel Stop #369 Dickson","2971 Highway 48 S, Dickson, TN 37055","2971 STATE RTE 48 S, DICKSON, TN, 37055","","35.990800182928,-87.488846285598","","in-state","census-manual-review","",""
"eb21f83a-5ec0-4447-b261-6ecb564187c7","Love's Travel Stop #267","1600 N Hwy 95, Morrilton, AR 72110","1600 STATE HWY 95, MORRILTON, AR, 72110","","35.266404440552,-92.732486808022","","in-state","census-manual-review","",""
"1de92b6e-da68-4c61-9d31-9e03ca0ebe79","Dishman's Shell Food Mart","3198 Lexington Rd, Richmond, KY 40475","3198 LEXINGTON RD, RICHMOND, KY, 40475","","37.842984206306,-84.329593206444","","in-state","census-manual-review","",""
"cb6ce84c-cf06-40c0-bc53-41bc41c426a8","CAT Scale at Love's Jacksonville (Pecan Park)","400 Pecan Park Rd, Jacksonville, FL 32218","400 PECAN PARK RD, JACKSONVILLE, FL, 32218","","30.517650417499,-81.628507341852","","in-state","census-manual-review","",""
"22ecd0b0-6bb4-4069-a825-b571c22bc991","CAT Scale — Love's Travel Stop #747, Sidney","2241 Fair Rd, Sidney, OH 45365","2241 FAIR RD, SIDNEY, OH, 45365","","40.266052769091,-84.188123805107","","in-state","census-manual-review","",""
"45dba33a-1322-426d-a01e-6809df669d92","MAPCO Express #1028","8631 Highway 25 E, Cross Plains, TN 37049","8631 STATE RTE 25, CROSS PLAINS, TN, 37049","","36.530073070351,-86.647932347734","","in-state","census-manual-review","",""
"cdeada8d-83d9-44dd-97ad-bbcbb6867252","Biden Welcome Center Truck Parking","530 John F. Kennedy Memorial Hwy, Newark, DE 19713","530 JFK MEMORIAL, NEWARK, DE, 19702","","39.664814158288,-75.688228857696","","in-state","census-manual-review","",""
"3424577e-6317-4273-9ec2-7f64adb7c073","Truck & Trailer Parking off US-72 (Athens)","25845 US-72, Athens, AL 35613","25845 US HWY 72, ATHENS, AL, 35613","","34.764924964979,-86.867364742559","","in-state","census-manual-review","",""
"a8c4f2d2-a328-4706-8fe2-5b4230bde389","London Travel Plaza (AMBEST, formerly London Auto/Truck Center BP)","15 Dogpatch Trading Center, London, KY 40741","","","","","n/a","census-no-match","",""
"4286be9b-c51a-4be9-83ec-d9295237982f","Delta Repair Shop","2112 N Main St, Brinkley, AR 72021","2112 N MAIN ST, BRINKLEY, AR, 72021","","34.913581258885,-91.195195124278","","in-state","census-manual-review","",""
"4f23643b-4ec9-471a-beac-7a7538e73adf","Pilot Travel Center #337","2015 W Lucas St, Florence, SC 29501","2015 W LUCAS ST, FLORENCE, SC, 29501","","34.232523590175,-79.802881994808","","in-state","census-manual-review","",""
"cc5eadd1-f22b-4a84-a1a8-7ec8f315f47a","Craig's Mobile Steam Cleaning","51 Springdale Dr, Newark, DE 19711","51 SPRINGLAKE DR, NEWARK, DE, 19711","","39.699287164147,-75.68865142257","","in-state","census-manual-review","",""
"7f946536-b497-41a6-8f8a-e85b2b6b110d","CAT Scale at Pilot Remington #34","4154 W US Hwy 24, Remington, IN 47977","4154 US HWY 24, REMINGTON, IN, 47977","","40.765828608742,-87.124234934875","","in-state","census-manual-review","",""
"7429a8d9-ab7c-4563-be9c-c66b0b19efc4","Lockup Storage - Truck & Trailer Parking","7507 US-31, Sellersburg, IN 47172","","","","","n/a","census-no-match","",""
"abdf8ec0-0299-49fc-b832-31219bed310d","CAT Scale - Beacon & Bridge Market, Mt Morris","4181 W Mount Morris Rd, Mount Morris, MI 48458","4181 W MOUNT MORRIS RD, MOUNT MORRIS, MI, 48458","","43.1189947983,-83.76016751098","","in-state","census-manual-review","",""
"50c293a2-8ee6-465e-b34e-f4fbc12ecb96","Days Inn by Wyndham Clanton","2000 Big M Blvd, Clanton, AL 35046","","","","","n/a","census-no-match","",""
"592fd7e2-c237-4e04-931c-ba3329687ed7","Truck Parking Club - 3928 Glenway Ave (Cincinnati)","3928 Glenway Ave, Cincinnati, OH 45205","3928 GLENWAY AVE, CINCINNATI, OH, 45205","","39.114161073823,-84.578368541117","","in-state","census-manual-review","",""
"cf54cfb5-5556-4180-815e-ddeecc159719","Truck & Trailer Parking - 3870 Chase St (Gary)","3870 Chase St, Gary, IN 46408","3870 CHASE ST, GARY, IN, 46408","","41.548842723798,-87.375212987806","","in-state","census-manual-review","",""
"856e353b-3c68-4b11-9ec1-c0f5a898c888","Super 8 by Wyndham Brinkley","2005-A N Main St, Brinkley, AR 72021","2005 N MAIN ST, BRINKLEY, AR, 72021","","34.911493439927,-91.196088852947","","in-state","census-manual-review","",""
"28410ba0-b864-4c43-97cc-93a77a819342","Love's Truck Care — Love's Travel Stop #346","1624 Bear Creek Pike, Columbia, TN 38401","1624 BEAR CREEK PIKE, COLUMBIA, TN, 38401","","35.644334713207,-86.88599342113","","in-state","census-manual-review","",""
"5708f6be-07ee-4cde-8568-47b94d8cb9ca","Morgan Valero Truck Stop","18823 MacArthur Dr, North Little Rock, AR 72118","18823 MACARTHUR DR, NORTH LITTLE ROCK, AR, 72118","","34.886714566965,-92.374800697569","","in-state","census-manual-review","",""
"d806f887-5291-49e4-8e36-4e7ae97c3996","Pilot Travel Center #271 (Burr Street)","2501 Burr St, Gary, IN 46406","2501 BURR ST, GARY, IN, 46406","","41.57345062487,-87.403375915921","","in-state","census-manual-review","",""
"53c9e3df-31f9-4405-9b33-0b089333c88e","Quality Inn Columbia I-65","1544 Bear Creek Pike, Columbia, TN 38401","1544 BEAR CREEK PIKE, COLUMBIA, TN, 38401","","35.642991573977,-86.899591955903","","in-state","census-manual-review","",""
"9b0bb934-cb3a-499c-b362-8f665e065b81","Flying J Travel Plaza #749 (Carmel Church)","23866 Rogers Clark Blvd, Ruther Glen, VA 22546","23866 ROGERS CLARK BLVD, RUTHER GLEN, VA, 22546","","37.938439878707,-77.466778515929","","in-state","census-manual-review","",""
"3a916e0e-766f-4fe5-b3ac-6613861492e7","Truck Parking Club - 8145 Connector Dr (Florence)","8145 Connector Dr, Florence, KY 41042","","","","","n/a","census-no-match","",""
"128e28fd-ea53-4895-8b25-1d330554e8b6","East Holly Truck Stop","8435 E Holly Rd, Holly, MI","","","","","n/a","census-no-match","",""
"2138c8b1-489c-4aa9-9fe9-51cf8fb72982","CAT Scale — Mr. Fuel Travel Center, Walton","118 Richwood Rd, Walton, KY 41094","118 RICHWOOD RD, WALTON, KY, 41094","","38.918901157067,-84.624692350623","","in-state","census-manual-review","",""
"5e845e58-af0f-4226-96f6-e7d384fe3611","CAT Scale — Pilot Travel Center #353, Georgetown (Triport Rd)","110 Triport Rd, Georgetown, KY 40324","110 TRIPORT RD, GEORGETOWN, KY, 40324","","38.275107843938,-84.553423515722","","in-state","census-manual-review","",""
"beb05d53-db50-49cb-8790-ec01b45c8187","Love's Travel Stop #420","3001 TV Rd, Florence, SC 29501","3001 TV RD, FLORENCE, SC, 29501","","34.266626119069,-79.730686907746","","in-state","census-manual-review","",""
"61990c24-6dcc-4d68-9d2c-76f95ea5e682","Blue Beacon Truck Wash of Walton","13085 Walton Verona Rd, Walton, KY 41094","13085 WALTON-VERONA RD, WALTON, KY, 41094","","38.856454219411,-84.624452160103","","in-state","census-manual-review","",""
"48597a5d-b599-4e11-9826-eae4352b3e51","Speedway (Christmasville Rd)","2522 Christmasville Rd, Jackson, TN","2522 CHRISTMASVILLE RD, JACKSON, TN, 38305","","35.684746116796,-88.778481590437","","in-state","census-manual-review","",""
"a70da55a-2a2e-420a-953c-4b6d46e1c435","Flying J Travel Center #652","520 S State Rd 39, Lebanon, IN 46052","520 STATE RD 39, LEBANON, IN, 46052","","40.028762493335,-86.474076922418","","in-state","census-manual-review","",""
"56a4531c-0424-4825-add8-4c9c76280e29","Best Western Inn Florence","7821 Commerce Dr, Florence, KY 41042","7821 COMMERCE DR, FLORENCE, KY, 41042","","39.002832457667,-84.643988629938","","in-state","census-manual-review","",""
"6df1efd9-c205-446d-a485-6e7aa43e3762","Motel 6 North Little Rock","400 West 29th St, North Little Rock, AR 72114","400 E 29TH ST, LITTLE ROCK, AR, 72206","","34.720677097442,-92.26945874224","","in-state","census-manual-review","",""
"db5fdca8-75a2-4c30-a493-81815dfa325b","Bill Morgan Tire Company","88 Robert E Cox Rd, Corbin, KY 40701","88 ROBERT E COX RD, CORBIN, KY, 40701","","36.982630825048,-84.092500021679","","in-state","census-manual-review","",""
"6cb96913-3917-4d7a-98df-9b762bcc16a9","Kountry Xpress Truck Stop","1107 Georgia Ridge Dr, Mulberry, AR 72947","1107 GEORGIA RIDGE DR, MULBERRY, AR, 72947","","35.512823282497,-94.113482245917","","in-state","census-manual-review","",""
"d80ff428-3f9d-400d-903d-a35ee8aa95ec","Big Foot Travel Center","1311 Hwy 122 W, Hahira, GA 31632","1311 STATE RTE 122, HAHIRA, GA, 31632","","30.992653667031,-83.389738907575","","in-state","census-manual-review","",""
"48f3af5a-620d-4a44-9dd5-96210e2b3e39","Qualawash / tank trailer wash, Saraland","202 Commerce Dr, Saraland, AL 36571","202 COMMERCE DR, SARALAND, AL, 36571","","30.809052037332,-88.064750076813","","in-state","census-manual-review","",""
"27a1a923-bb4b-4022-bdd5-d0397249ed58","Tim's Towing & Recovery","2141 Gamble Rd, Savannah, GA 31405","2141 GAMBLE RD, SAVANNAH, GA, 31405","","32.040633802661,-81.147466241718","","in-state","census-manual-review","",""
"8ccbab3d-94f9-4ece-a131-e5e5419e8203","Truck Parking Club - 1801 Edison Dr (Lexington)","1801 Edison Dr, Lexington, KY 40503","1801 EDISON DR, LEXINGTON, KY, 40503","","38.020269091762,-84.521026395984","","in-state","census-manual-review","",""
"0666ef38-a91d-4a71-b242-f94f4a45cca2","CAT Scale — Flying J Travel Center #97, Vandalia","175 Northwoods Blvd, Vandalia, OH 45377","175 NORTHWOODS BLVD, VANDALIA, OH, 45377","","39.901205676236,-84.194788701332","","in-state","census-manual-review","",""
"40e6a8f0-e686-4f00-8eba-65d11117ae7d","Blue Beacon Truck Wash of West Memphis (Flying J)","3600 Service Loop Rd, West Memphis, AR 72301","3600 SERVICE LOOP, WEST MEMPHIS, AR, 72301","","35.152905806834,-90.143486680842","","in-state","census-manual-review","",""
"92a67cb7-3086-461e-a710-7ab4be8446cf","Pilot Travel Center #437","481 W Hwy 92 (KY-92), Williamsburg, KY 40769","481 W STATE HWY 92, WILLIAMSBURG, KY, 40769","","36.722183415115,-84.169099463692","","in-state","census-manual-review","",""
"f594401c-0ec8-4dc1-be86-5d3f54438e64","Agricultural Inspection Station No. 9A — Interstate 75 (Southbound)","13106 Interstate 75, White Springs, FL 32096","","","","","n/a","census-no-match","",""
"25f235a7-b4f9-4aba-8ac7-e3d4f34c1b33","CAT Scale — Anna Truck Stop, Anna","14262 SR-119 (OH-119), Anna, OH 45302","14262 STATE RTE 119, ANNA, OH, 45302","","40.39511516993,-84.158620061671","","in-state","census-manual-review","",""
"6b64ef96-f1db-4d75-a7e0-a8c9e1a7749f","Sunset Inn Clarksville","2600 W Main St, Clarksville, AR 72830","2600 E MAIN ST, CLARKSVILLE, AR, 72830","","35.466026211467,-93.425622239587","","in-state","census-manual-review","",""
"2b918267-6d9e-42db-ba42-77f879f9dc43","76 Fuel Center","104 N Dogwood Dr, Berea, KY 40403","104 N DOGWOOD DR, BEREA, KY, 40403","","37.5727026942,-84.319860446872","","in-state","census-manual-review","",""
"ab60f5a4-bfb6-4841-bc60-dc8414412eee","CAT Scale at Love's Brunswick (#405)","2766 US Highway 17 S, Brunswick, GA 31523","2766 US HWY 17, BRUNSWICK, GA, 31523","","31.134614464241,-81.567097752831","","in-state","census-manual-review","",""
"7ecfa67f-7149-4f2f-b7ff-158fd231e674","Weigel's #58","504 Gallaher Rd, Kingston, TN 37763","504 GALLAHER RD, KINGSTON, TN, 37763","","35.872729060636,-84.441802029088","","in-state","census-manual-review","",""
"c33f9a80-5ca6-4e5e-8248-51b5d1a2f2f7","Goodin's Garage - Towing & Recovery","887 N Gardner St, Scottsburg, IN 47170","887 N GARDNER ST, SCOTTSBURG, IN, 47170","","38.696219574,-85.781747101401","","in-state","census-manual-review","",""
"6f8465f7-12d6-48a5-afd8-fb057a1d18fb","Ozark Inn & Suites","1711 W Commercial St, Ozark, AR 72949","1711 W COMMERCIAL ST, OZARK, AR, 72949","","35.488852000744,-93.842503931511","","in-state","census-manual-review","",""
"9eaf0102-674a-4c29-a360-b2de6807e4f1","Pilot Travel Center #424 (Ocala, 4032 Hwy 326)","4032 W Highway 326, Ocala, FL 34482","4032 CO RD 326, OCALA, FL, 34475","","29.266821770397,-82.189487317696","","in-state","census-manual-review","",""
"351caca3-836f-49e4-be14-a0eeb416a4b3","Blue Beacon Truck Wash of Corbin","373 W Cumberland Gap Pkwy, Corbin, KY 40701","","","","","n/a","census-no-match","",""
"5f922ea7-ad01-4fff-aa2e-33a9d2cf1177","Love's Travel Stop #330","110 Fast Ln, Baxter, TN 38544","","","","","n/a","census-no-match","",""
"b2b47835-26cd-4b73-9b81-aeb562872970","CAT Scale — Pilot Travel Center (Flying J #722), Knoxville (Watt Road)","800 Watt Rd, Knoxville, TN 37932","800 N WATT RD, KNOXVILLE, TN, 37934","","35.880008922388,-84.237284144352","","in-state","census-manual-review","",""
"e8bfa090-96d9-4462-99e7-72f277dce27b","Twice Daily / Daily's #6603 (Goodlettsville)","150 Long Hollow Pike, Goodlettsville, TN 37072","150 LONG HOLLOW PIKE, GOODLETTSVILLE, TN, 37072","","36.322966312866,-86.708480431069","","in-state","census-manual-review","",""
"bb259141-976d-43b2-969f-e7087797dfd5","BIR Travel Plaza","1217 Deep Springs Rd, Dandridge, TN 37725","1217 DEEP SPRINGS RD, DANDRIDGE, TN, 37725","","36.002886938642,-83.526491003792","","in-state","census-manual-review","",""
"103d2a5b-3b82-4062-b665-c34a02e55421","Truck Parking Club - 693 Karen Dr, Ringgold","693 Karen Dr, Ringgold, GA 30736","693 KAREN DR, RINGGOLD, GA, 30736","","34.967899673335,-85.209162312268","","in-state","census-manual-review","",""
"356e1901-c5fb-4252-97bc-9ff2b5b86935","Indy South Travel Plaza (Phillips 66)","65 W Main St, Greenwood, IN 46143","65 MAIN ST W, GREENWOOD, IN, 46142","","39.61365815338,-86.107114082041","","in-state","census-manual-review","",""
"6fcf0410-53d1-44e8-afa9-db8080d9b50a","CAT Scale — Palmetto Truck Plaza, Hialeah Gardens","9101 W Okeechobee Rd, Hialeah Gardens, FL 33016","9101 W OKEECHOBEE RD, HIALEAH GARDENS, FL, 33016","","25.863599113771,-80.334517469083","","in-state","census-manual-review","",""
"fbdfb874-d81b-428b-9a4f-16a1d8d85935","EZ Storage & Parking (Truck Parking Club)","2707 S Arkansas Ave, Russellville, AR 72802","2707 S ARKANSAS AVE, RUSSELLVILLE, AR, 72802","","35.256093919952,-93.133193490604","","in-state","census-manual-review","",""
"b329619c-5f8f-4cdc-97f9-71cc089f535d","Miller-Motte CDL Training (Fayetteville)","3725 Ramsey St, Fayetteville, NC 28311","3725 RAMSEY ST, FAYETTEVILLE, NC, 28311","","35.111040662176,-78.879374996861","","in-state","census-manual-review","",""
"b60e869c-5742-40c5-b837-efc9577a6153","Love's Travel Stop #905","416 Village Avenue, Beaverdam, OH 45808","","","","","n/a","census-no-match","",""
"894798c3-0460-4016-b5a1-ca4505143ee5","Pilot Travel Center #92 (Ocala)","4255 NW Highway 326, Ocala, FL 34482","4255 CO RD 326, OCALA, FL, 34482","","29.267063285242,-82.191806580668","","in-state","census-manual-review","",""
"c01c6383-b1bb-4f29-815a-a9781159e490","Comfort Inn Asheville East-Blue Ridge Pkwy Access","1435 Tunnel Rd, Asheville, NC 28805","1435 TUNNEL RD, ASHEVILLE, NC, 28805","","35.584228073143,-82.462244898169","","in-state","census-manual-review","",""
"32eb0641-192c-492f-9b89-cd3b90bfd871","Goodyear Commercial Tire & Service Centers #402","800 Martin Luther King Dr #2, West Memphis, AR 72301","800 MARTIN LUTHER KING JR DR, WEST MEMPHIS, AR, 72301","","35.153718414176,-90.137692776598","","in-state","census-manual-review","",""
"6cd2a291-3ad1-4b4c-9bd1-fcad6df3b8e4","East Tennessee Truck & Trailer Repair","2600 Middlebrook Pike, Knoxville, TN 37921","2600 MIDDLEBROOK PIKE, KNOXVILLE, TN, 37921","","35.963598550439,-83.953623323563","","in-state","census-manual-review","",""
"7f70f558-89b5-4209-9bc2-2251ff1b4b04","Love's Truck Wash - Fort Pierce","7150 Okeechobee Rd, Fort Pierce, FL 34945","7150 OKEECHOBEE RD, FORT PIERCE, FL, 34945","","27.413135402802,-80.397626326934","","in-state","census-manual-review","",""
"cef1fa71-2479-4bb1-acda-36bd95b418b5","Performance Truck Tire, Inc.","4035 23rd Ave SW, Naples, FL 34116","4035 23RD AVE SW, NAPLES, FL, 34116","","26.186513655088,-81.687823430389","","in-state","census-manual-review","",""
"ad67dd4a-685b-4d62-be05-0b97f31c8e5f","Love's Travel Stop #316","1657 N US Highway 1, Ormond Beach, FL 32174","1657 US HWY 1, ORMOND BEACH, FL, 32174","","29.338627641005,-81.134636252311","","in-state","census-manual-review","",""
"03cfac83-ce8b-457e-98e6-26265c60d3b4","Love's Truck Wash - Hazen","3404 Highway 63 N, Hazen, AR 72064","","","","","n/a","census-no-match","",""
"f6404302-7971-4884-8f37-82f098913d65","Love's Travel Stop #306","1058 Deep Springs Rd, Dandridge, TN 37725","1058 DEEP SPRINGS RD, DANDRIDGE, TN, 37725","","36.011284872147,-83.532369034882","","in-state","census-manual-review","",""
"64df8068-a463-497f-8070-1b0e238de908","Morgan Shell Truck Stop","20515 Hwy 365 N, North Little Rock, AR","20515 STATE HWY 365, NORTH LITTLE ROCK, AR, 72113","","34.884338929459,-92.382118775905","","in-state","census-manual-review","",""
"3b1af415-b8bf-4ca7-85f5-a726b332c3ea","Truck Parking Club - Monterey (Industrial Drive)","816 Industrial Dr, Monterey, TN 38574","816 INDUSTRIAL DR, MONTEREY, TN, 38574","","36.137114022141,-85.263417993059","","in-state","census-manual-review","",""
"4e347a10-336f-40d4-9ef0-e48a91eca38a","CMJ Truck Wash","433 Grange Rd, Port Wentworth, GA 31407","433 GRANGE RD, PORT WENTWORTH, GA, 31407","","32.136181844846,-81.167818344022","","in-state","census-manual-review","",""
"a5c289a1-177f-479f-9e18-84571c3d8190","Love's Travel Stop #790","401 Buff Blvd, Summerton, SC 29148","401 BUFF BLVD, SUMMERTON, SC, 29148","","33.592474370341,-80.356655150397","","in-state","census-manual-review","",""
"07d998a5-79fa-4b95-b63f-7bbeb29ca62e","Pilot Travel Center #406","9211 Lewisburg Highway, Cornersville, TN 37047","9211 LEWISBURG HWY, CORNERSVILLE, TN, 37047","","35.304676143923,-86.884102253998","","in-state","census-manual-review","",""
"0e24e007-db84-40db-bfc1-222e5d0eebad","Truck Wash at Jack's Truck Stop","1639 County Road 437, Cullman, AL 35055","1639 CO RD 437, CULLMAN, AL, 35055","","34.116210315533,-86.863121166304","","in-state","census-manual-review","",""
"eec1d852-2b50-47f7-a59e-b1238f1ace2d","TA Florence","7777 Burlington Pike, Florence, KY 41042","7777 BURLINGTON PIKE, FLORENCE, KY, 41042","","39.000875329836,-84.644968575034","","in-state","census-manual-review","",""
"8bdb3077-44fb-4228-8ae3-6328fa661a28","CAT Scale at Pilot Travel Center (Good Hope)","1600 County Road 437, Good Hope, AL 35055","1600 CO RD 437, GOOD HOPE, AL, 35055","","34.116397506022,-86.863111771642","","in-state","census-manual-review","",""
"431362ab-4fef-4f4f-bfb1-5a6b46b0ceec","Truck Parking Club - 325 U.S. Hwy 70 SW, Hickory","325 U.S. Hwy 70 SW, Hickory, NC 28602","325 US HWY 70, HICKORY, NC, 28602","","35.717269081808,-81.340808630701","","in-state","census-manual-review","",""
"438c99e6-0991-48a1-8d0e-8bfe43b34700","Blue Beacon Truck Wash of Beaverdam","413 East Main Street, Beaverdam, OH 45808","413 E MAIN ST, BEAVERDAM, OH, 45808","","40.833174135339,-83.96669068634","","in-state","census-manual-review","",""
"ebb8ad22-3283-4fc6-9918-66a8ef8ef9dd","TA Express Stony Creek (former Davis Travel Center)","13306 St John Church Rd, Stony Creek, VA 23882","13306 ST JOHN CHURCH RD, STONY CREEK, VA, 23882","","36.978252286349,-77.395401532252","","in-state","census-manual-review","",""
"9ac45310-ac8c-4885-a5aa-ebf787c2f13a","Pilot Travel Center #4569","15976 Whyte Hardee Blvd, Hardeeville, SC 29927","","","","","n/a","census-no-match","",""
"f1e6af7b-d118-4bae-b8f0-5211efc8131e","CAT Scale at TA Baltimore South Jessup","7401 Assateague Drive, Jessup, MD 20794","7401 ASSATEAGUE DR, JESSUP, MD, 20794","","39.167517548761,-76.78408821128","","in-state","census-manual-review","",""
"9216c281-99ca-4b5f-8a8d-c5f5e952a769","Kentucky Weigh Station - I-75 Northbound (Scott County)","I-75 Northbound, Georgetown, KY 40324","","","","","n/a","census-no-match","",""
"f972d0f0-b603-4694-824f-36718afa596b","Jack's Truck Stop","1639 County Road 437, Cullman, AL 35055","1639 CO RD 437, CULLMAN, AL, 35055","","34.116210315533,-86.863121166304","","in-state","census-manual-review","",""
"cabfc0a1-1c23-4475-8fce-1e7f0322d438","CAT Scale at Love's Travel Stop #308","3308 Hwy 226 S, Marion, NC 28752","","","","","n/a","census-no-match","",""
"6179df3f-6f75-4755-b9ca-75e29976793e","Econo Lodge Athens I-75","1827 Holiday Drive, Athens, TN 37303","1827 HOLIDAY DR, ATHENS, TN, 37303","","35.466881076653,-84.644162017831","","in-state","census-manual-review","",""
"490090ee-0f38-4901-926b-2b8bc93ff390","Speedco - Love's Travel Stop #747, Sidney","2241 Fair Rd, Sidney, OH 45365","2241 FAIR RD, SIDNEY, OH, 45365","","40.266052769091,-84.188123805107","","in-state","census-manual-review","",""
"98a38aa5-c4ed-4534-b331-56b71a9a2edf","CAT Scale at Pilot Skippers","781 Moores Ferry Rd, Skippers, VA 23879","781 MOORES FERRY RD, SKIPPERS, VA, 23879","","36.606678087657,-77.559743977936","","in-state","census-manual-review","",""
"d4d6ed3b-3e72-4011-b0cc-29783bc21dd0","Pilot Travel Center #47","259 Cherry Blossom Way, Georgetown, KY 40324","259 CHERRY BLOSSOM WAY, GEORGETOWN, KY, 40324","","38.276936249956,-84.559682235407","","in-state","census-manual-review","",""
"f637c363-ed64-4c52-be7c-3bf5b7a32a90","Newark Toll Plaza Commercial Vehicle Enforcement","1200 Whitaker Rd, Newark, DE 19702","1200 WHITTAKER RD, NEWARK, DE, 19702","","39.644629146421,-75.763626793582","","in-state","census-manual-review","",""
"1f59471c-8952-4a0c-953a-1bf402096b87","Walter's Truck & Trailer Repair","410 Triport Rd, Georgetown, KY 40324","410 TRIPORT RD, GEORGETOWN, KY, 40324","","38.284480773641,-84.551452411137","","in-state","census-manual-review","",""
"7f5d9778-61ef-40e4-aebb-b4a61d36347f","CDL School Inc. - Jacksonville","5301 New Kings Rd, Jacksonville, FL 32209","5301 NEW KINGS RD, JACKSONVILLE, FL, 32209","","30.363520701681,-81.717712341345","","in-state","census-manual-review","",""
"ae8ba987-054f-4b07-afad-25d489af271c","Arkansas Valley TWA Truck Wash","121 Access Rd, Van Buren, AR 72956","121 ACCESS RD, VAN BUREN, AR, 72956","","35.462284296851,-94.358677724893","","in-state","census-manual-review","",""
"493f87f4-8dca-4681-9d42-1da6c4646855","Love's Travel Stop #470 (Jasper)","11459 SW 61st Way, Jasper, FL 32052","","","","","n/a","census-no-match","",""
"f273ca26-a9bf-42d4-b450-51abc0aee2fd","Fleet Tire Point S (Fleet Tire & Retreading)","300 S Arkansas Ave, Russellville, AR 72801","300 N ARKANSAS AVE, RUSSELLVILLE, AR, 72801","","35.279897919989,-93.133583580264","","in-state","census-manual-review","",""
"69637f6a-9573-47cb-acaf-7570d602a047","CAT Scale at Love's Travel Stop #796","1129 Smokey Mountain Lane, Newport, TN 37821","1129 SMOKEY MTN LN, NEWPORT, TN, 37821","","35.971234639283,-83.248144506167","","in-state","census-manual-review","",""
"d3f823ea-4432-474e-a5b1-795644e717c4","Days Inn & Suites by Wyndham Fort Pierce I-95","6485 Metal Dr, Fort Pierce, FL 34945","6485 METAL DR, FORT PIERCE, FL, 34945","","27.41207371578,-80.390959138081","","in-state","census-manual-review","",""
"8648fd08-4508-4342-b1f0-6c5d42d46f04","Comfort Suites West Memphis I-40 I-55","850 Stephen Blvd, West Memphis, AR 72301","850 STEPHENS BLVD, WEST MEMPHIS, AR, 72301","","35.162104890334,-90.174450127086","","in-state","census-manual-review","",""
"2149578a-d42a-49e8-a93a-a0744b2a14f6","King's Highway Shell","900 Kings Hwy, Port Charlotte, FL 33980","900 KINGS HWY, PORT CHARLOTTE, FL, 33980","","27.01653776228,-82.051539932438","","in-state","census-manual-review","",""
"63337a0c-f3e4-4af5-ae0c-ba30923c6f18","NEU CLARK 24 Hour Truck Stop","1201 Neubrecht Road, Lima, OH 45801","1201 NEUBRECHT RD, LIMA, OH, 45801","","40.755757455516,-84.080019548905","","in-state","census-manual-review","",""
"2e9b34a1-7c38-4a1d-92da-d2286d07976d","Quality Inn & Suites Florence - Cincinnati South","7928 Dream St, Florence, KY 41042","7928 DREAM ST, FLORENCE, KY, 41042","","38.987923631942,-84.640353658383","","in-state","census-manual-review","",""
"33dd16f0-9cfc-486e-822f-83fe6ecf8197","Blue Beacon Truck Wash #51 - Florence","3003 TV Rd, Florence, SC 29501","3003 TV RD, FLORENCE, SC, 29501","","34.266663966565,-79.730661676082","","in-state","census-manual-review","",""
"e5ee80df-6db5-453b-af75-f692371686dc","CAT Scale at Love's Ormond Beach","1657 N US Highway 1, Ormond Beach, FL 32174","1657 US HWY 1, ORMOND BEACH, FL, 32174","","29.338627641005,-81.134636252311","","in-state","census-manual-review","",""
"894b3ac4-90d0-4a5d-bd24-0bc534e4eaa8","Kentucky Weigh Station - I-75 Northbound (Laurel County)","I-75 Northbound, mile point 34 (Laurel County), London, KY","","","","","n/a","census-no-match","",""
"ea898a34-0781-4a97-8711-9930f4c0db53","Super 8 by Wyndham Marion NC","4281 US 221, Marion, NC 28752","4281 US HWY 221, MARION, NC, 28752","","35.640870723897,-81.985780862994","","in-state","census-manual-review","",""
"eb261064-e951-42c9-ba90-7f874986f354","Circle K (AMBEST)","10080 N US 31, Taylorsville, IN 47201","10080 US HWY 31, COLUMBUS, IN, 47201","","39.295523617932,-85.956648145843","","in-state","census-manual-review","",""
"72a21b70-6f02-439d-a737-1423eabc65f5","Admiral — Sault Ste. Marie (I-75 Business Spur)","4135 I-75 Business Spur, Sault Ste. Marie, MI 49783","","","","","n/a","census-rejected","",""
"d33bd5af-db05-4f0b-a829-7db826c27a96","Love's Travel Stop #236","11801 E I-40 (Galloway Rd), North Little Rock, AR 72117","","","","","n/a","census-no-match","",""
"c68400b5-2216-4061-901a-4044d44e19ab","CAT Scale at Love's Summerton","401 Buff Blvd, Summerton, SC 29148","401 BUFF BLVD, SUMMERTON, SC, 29148","","33.592474370341,-80.356655150397","","in-state","census-manual-review","",""
"270d9f77-5fe0-4907-a95c-c7d39f6b2756","CAT Scale at Fuel Mart #783","145 N Dowling St, Austin, IN 47102","145 N DOWLING ST, AUSTIN, IN, 47102","","38.743965837449,-85.822495130277","","in-state","census-manual-review","",""
"f1d25ee7-b8a2-467e-b842-07a3eb6be1f9","Arkansas Truck Center","7521 Alma Hwy, Alma, AR 72921","7521 ALMA HWY, ALMA, AR, 72921","","35.47334843782,-94.250658841389","","in-state","census-manual-review","",""
"a2881397-1a79-4517-be05-ad60362466c9","CAT Scale at Pilot Perryville","31 Heather Lane, Perryville, MD 21903","31 HEATHER LN, PERRYVILLE, MD, 21903","","39.588707104064,-76.065985735843","","in-state","census-manual-review","",""
"bb1157b5-7938-4625-b424-393303bcc31e","Days Inn by Wyndham Alma","250 N US Highway 71, Alma, AR 72921","","","","","n/a","census-no-match","",""
"d875c6d8-cf43-4d30-a76f-53bed4397cb3","Love's Travel Stop #415","7150 Okeechobee Rd, Fort Pierce, FL 34945","7150 OKEECHOBEE RD, FORT PIERCE, FL, 34945","","27.413135402802,-80.397626326934","","in-state","census-manual-review","",""
"ca06adc7-efad-41a5-9da7-e074fc99a452","Clays Ferry Travel Center","120 Carr Ln, Richmond, KY 40475","120 CARR LN, RICHMOND, KY, 40475","","37.882524232292,-84.334527524126","","in-state","census-manual-review","",""
"efbad094-7467-424f-9228-acbf39f3a599","Microtel Inn & Suites by Wyndham Dry Ridge","79 Blackburn Lane, Dry Ridge, KY 41035","79 BLACKBURN LN, DRY RIDGE, KY, 41035","","38.684374276262,-84.59944439498","","in-state","census-manual-review","",""
"54b59fd2-c9f0-4978-970f-e736398c2504","MHC Kenworth - Knoxville","7425 Crosswood Blvd, Knoxville, TN 37924","7425 CROSSWOOD BLVD, KNOXVILLE, TN, 37924","","36.003643978629,-83.78128815967","","in-state","census-manual-review","",""
"c836ca77-8b3f-4c79-b105-d28f08025772","CAT Scale at TA Express Cookeville","1750 Salem Rd, Cookeville, TN 38506","1750 SALEM RD, COOKEVILLE, TN, 38506","","36.129974901443,-85.479920649353","","in-state","census-manual-review","",""
"50cf9353-443d-406e-b1d2-9889112e116c","Pilot Travel Center #575","491 St Marys Rd, St. Marys, GA 31548","491 ST MARYS RD, KINGSLAND, GA, 31548","","30.759941234457,-81.648190623986","","in-state","census-manual-review","",""
"8043b977-b2c4-4107-812e-f8c21ef6c742","Fuel Mart #782","101 South Dixie Highway, Cridersville, OH 45806","101 S DIXIE HWY, CRIDERSVILLE, OH, 45806","","40.654383885319,-84.133931380375","","in-state","census-manual-review","",""
"7eaa790a-ef79-4337-8268-12328f968bfb","TA Truck Service #326 (at Petro N. Little Rock)","3205 Valentine Rd, North Little Rock, AR 72117","","","","","n/a","census-no-match","",""
"533ac088-b077-4175-880b-04fb1ec093c1","Hotel 7 Inn Vienna","709 E Vine St, Vienna, IL 62995","709 E VINE ST, VIENNA, IL, 62995","","37.416660740209,-88.885548823589","","in-state","census-manual-review","",""
"5ff9ec4c-0bb8-49ad-b411-e84e11644025","Fayetteville Technical Community College CDL Program","2201 Hull Rd, Fayetteville, NC 28303","2201 HULL RD, FAYETTEVILLE, NC, 28303","","35.06654390446,-78.924438312726","","in-state","census-manual-review","",""
"39a7ad06-c801-4b4f-8ea1-3d847839a62c","Flying J Travel Center #875","221 Belle Hill Road, Elkton, MD 21921","221 BELLE HILL RD, ELKTON, MD, 21921","","39.635837936941,-75.806469578668","","in-state","census-manual-review","",""
"595de56a-aada-4034-882b-60a2fd579ab3","CAT Scale at Petro Florence","2301 W Lucas St, Florence, SC 29501","2301 W LUCAS ST, FLORENCE, SC, 29501","","34.238630312575,-79.810540817754","","in-state","census-manual-review","",""
"9fb45fb9-5d97-4ed0-911e-352e92f9fd5a","Circle K (Valero) - Lonoke","1954 Highway 31 N, Lonoke, AR 72086","","","","","n/a","census-no-match","",""
"4d1432ba-9d0d-4905-909b-2fce8d5d6497","TA Truck Service - Petro #325, North Baltimore","12906 Deshler Rd, North Baltimore, OH","12906 DESHLER RD, NORTH BALTIMORE, OH, 45872","","41.172673142559,-83.646261073437","","in-state","census-manual-review","",""
"29c0000b-e9ee-401d-a502-417243b91f6c","Love's Travel Stop #412","3948 Hodges Chapel Rd, Dunn, NC 28334","3948 HODGES CHAPEL RD, DUNN, NC, 28334","","35.3395909234,-78.556245156296","","in-state","census-manual-review","",""
"5ea6edb7-8a31-4b40-a59a-aac43a2f9d9c","Truck Parking Club property - 1420 TN-96, Fairview","1420 Highway 96, Fairview, TN","","","","","n/a","census-no-match","",""
"18b7f760-c662-4d38-9e0c-0a91f1022015","Fuel Mart #783","145 N Dowling St, Austin, IN 47102","145 N DOWLING ST, AUSTIN, IN, 47102","","38.743965837449,-85.822495130277","","in-state","census-manual-review","",""
"5c42f488-24de-40af-a67d-88e61d627d64","Pilot Travel Center #321","11229 Frontage Rd, Walton, KY 41094","11229 FRONTAGE RD, WALTON, KY, 41094","","38.917608743936,-84.631258893509","","in-state","census-manual-review","",""
"a27c2657-ae16-45da-9332-c6133d808617","US Gas Truck Stop (Carson)","16729 S Crater Rd, Carson, VA 23830","","","","","n/a","census-no-match","",""
"60782b45-eee6-4dd1-89f2-83b16975bc81","Truck Parking Club - Phoenix Transportation Services (Georgetown)","335 E Yusen Dr, Georgetown, KY 40324","335 E YUSEN DR, GEORGETOWN, KY, 40324","","38.282080273363,-84.547324426916","","in-state","census-manual-review","",""
"dc42c076-4e52-4013-98b4-5a57ddc223c9","Hendricks Truck & Trailer Parking","350 S Harkrider St, Conway, AR 72032","350 S HARKRIDER ST, CONWAY, AR, 72032","","35.074057805253,-92.433165916041","","in-state","census-manual-review","",""
"fb8eb46d-b871-4344-9cd6-5843638e7648","CAT Scale — Flying J Travel Center #695, Beaverdam","420 East Main Street, Beaverdam, OH 45808","420 E MAIN ST, BEAVERDAM, OH, 45808","","40.833060844393,-83.965796165022","","in-state","census-manual-review","",""
"18cb36d8-a481-4013-af5d-f4ce70911fa1","Super 8 by Wyndham Richmond","107 N Keeneland Dr, Richmond, KY 40475","107 N KEENELAND DR, RICHMOND, KY, 40475","","37.776658508304,-84.318822350609","","in-state","census-manual-review","",""
"025700b8-af4a-4322-96c1-64fff65ec6b4","Love's Travel Stop #435 (Ruther Glen)","23845 Rogers Clark Blvd, Ruther Glen, VA 22546","23845 ROGERS CLARK BLVD, RUTHER GLEN, VA, 22546","","37.938277456094,-77.46641256462","","in-state","census-manual-review","",""
"c46096bc-5104-421a-8170-22a88bfea17f","Dynamic Diesel Solutions","301 Dungeness Dr, Brunswick, GA 31523","301 DUNGENESS DR, BRUNSWICK, GA, 31523","","31.137779308021,-81.580996967239","","in-state","census-manual-review","",""
"8cb6aa2b-13c3-4f79-8b1b-ee434bb8cee8","Pilot Travel Center #4651","781 Moores Ferry Rd, Skippers, VA 23879","781 MOORES FERRY RD, SKIPPERS, VA, 23879","","36.606678087657,-77.559743977936","","in-state","census-manual-review","",""
"703372a3-ddb0-4201-b738-cab8ded1a1cf","Love's Travel Stop #321","222 KY-770 (Highway 770), Corbin, KY 40701","","","","","n/a","census-no-match","",""
"ca53a744-8ac6-4962-a299-1fb54d6b9f82","Speedway","3730 Speedway Drive, Findlay, OH 45840","3730 SPEEDWAY DR, FINDLAY, OH, 45840","","41.086136136249,-83.656709699197","","in-state","census-manual-review","",""
"49a23bf0-18cb-4ee8-b3cc-eaf19114f3d3","CAT Scale — Pilot Travel Center #9, Franklin","6830 Franklin-Lebanon Road, Franklin, OH 45005","","","","","n/a","census-no-match","",""
"a7cd01f6-bc31-4983-8bb6-89a2d6360e0f","Love's Travel Stop #893","2 Sonny Perdue Dr, Garden City, GA 31408","2 SONNY PERDUE DR, GARDEN CITY, GA, 31408","","32.104272305824,-81.195409332783","","in-state","census-manual-review","",""
"952c949f-05a6-4b90-b5ab-85c53c3296da","Love's Truck Care / Speedco #939","3112 Highway 391 N, North Little Rock, AR 72117","3112 STATE HWY 391, NORTH LITTLE ROCK, AR, 72117","","34.778089381777,-92.128636338631","","in-state","census-manual-review","",""
"81d9cb9f-6dd2-491c-8417-5636d505adb5","CAT Scale at Love's Ruther Glen","23845 Rogers Clark Blvd, Ruther Glen, VA 22546","23845 ROGERS CLARK BLVD, RUTHER GLEN, VA, 22546","","37.938277456094,-77.46641256462","","in-state","census-manual-review","",""
"181dd4e9-f9b8-41ca-9b5d-3d38edf629ab","Studio 6 Suites West Memphis","210 W Service Rd, West Memphis, AR 72301","210 W SVC RD, WEST MEMPHIS, AR, 72301","","35.168776212027,-90.187229134202","","in-state","census-manual-review","",""
"9ecc9414-262e-42ef-befa-82f1c3180514","I-40 Truck Park (Truck & RV Parking)","2611 Genesis Rd, Crossville, TN 38571","2611 GENESIS RD, CROSSVILLE, TN, 38571","","35.987415652952,-85.010639635394","","in-state","census-manual-review","",""
"d69a1ead-9d8d-4cf6-9d75-ac7d73f83183","Exxon Tiger Mart / Truck Center","2745 W Main St, Clarksville, AR 72830","2745 W MAIN ST, CLARKSVILLE, AR, 72830","","35.462100489787,-93.524854406596","","in-state","census-manual-review","",""
"6da51cc0-fd95-4dd9-b43e-a677ea9ccec3","Colony Tire & Service","726 N Main St, Emporia, VA 23847","726 N MAIN ST, EMPORIA, VA, 23847","","36.70218298664,-77.535605301555","","in-state","census-manual-review","",""
"94bc004a-3a24-4439-839f-218d3c8f6249","Eco Travel Plaza (Roady's)","1897 Genesis Rd, Crossville, TN 38555","1897 GENESIS RD, CROSSVILLE, TN, 38555","","35.977941472309,-85.014928169359","","in-state","census-manual-review","",""
"fa5e1712-b8ee-42f1-b771-e2144afa0fac","Super 8 by Wyndham Black Mountain","101 Flat Creek Rd, Black Mountain, NC 28711","101 FLAT CREEK RD, BLACK MOUNTAIN, NC, 28711","","35.62184678528,-82.314901058021","","in-state","census-manual-review","",""
"7d74bb54-f22d-4594-8bc8-9d9710f88ac0","TA Vero Beach #197","8909 20th St, Vero Beach, FL 32966","8909 20TH ST, VERO BEACH, FL, 32966","","27.639100838599,-80.510512482242","","in-state","census-manual-review","",""
"c297e04a-9f49-46d2-8ca2-28b97d243a62","CAT Scale — Pilot Travel Center #284, Monroe","1200 Nadeau Rd, Monroe, MI 48162","1200 NADEAU RD, MONROE, MI, 48162","","41.964225609895,-83.353697470312","","in-state","census-manual-review","",""
"152dcf8e-4366-4317-9e54-0e6d716a59af","CAT Scale — Flying J Travel Center #664, Walton","13019 Walton Verona Rd, Walton, KY 41094","13019 WALTON-VERONA RD, WALTON, KY, 41094","","38.858317041397,-84.624688164565","","in-state","census-manual-review","",""
"abdd2d3e-b725-46c9-ac11-0982e7a36962","Love's Truck Wash #747","2241 Fair Rd, Sidney, OH 45365","2241 FAIR RD, SIDNEY, OH, 45365","","40.266052769091,-84.188123805107","","in-state","census-manual-review","",""
"68afff98-8a4c-42be-b099-e87e50b08a38","TA Express Cookeville","1750 Salem Rd, Cookeville, TN 38506","1750 SALEM RD, COOKEVILLE, TN, 38506","","36.129974901443,-85.479920649353","","in-state","census-manual-review","",""
"bb4d283f-1f08-4acd-a062-850f5bc309c6","Petro Stopping Center #325","12906 Deshler Rd, North Baltimore, OH 45872","12906 DESHLER RD, NORTH BALTIMORE, OH, 45872","","41.172673142559,-83.646261073437","","in-state","census-manual-review","",""
"fdc35482-6e2a-44a5-8d70-e976883b9f25","Blue Beacon Truck Wash of Elkton","225 Belle Hill Road, Elkton, MD 21921","225 BELLE HILL RD, ELKTON, MD, 21921","","39.635829405255,-75.806448818236","","in-state","census-manual-review","",""
"85185773-3082-49d5-b2f0-74135faedfe7","CAT Scale at Pilot Travel Center #429","1100 Martin Luther King Jr Dr, West Memphis, AR 72301","","","","","n/a","census-no-match","",""
"4795b25a-2bb2-4c4e-ac29-d864159cb3f3","All-State Career School (Baltimore)","2200 Broening Highway, Baltimore, MD 21224","2200 BROENING HWY, BALTIMORE, MD, 21224","","39.263086127929,-76.54299815982","","in-state","census-manual-review","",""
"6d8f6cd0-78e1-489f-9f94-7878cba55e77","Pilot Travel Center #500 (Jasper)","8067 FL-6, Jasper, FL 32052","8067 STATE HWY 6, JASPER, FL, 32052","","30.516203693783,-83.059883359084","","in-state","census-manual-review","",""
"ec42dd30-c4fc-415f-9b7e-c4627f74bae6","TA Truck Service - Petro Knoxville","722 Watt Rd, Knoxville, TN 37934","722 N WATT RD, KNOXVILLE, TN, 37934","","35.873713323085,-84.235994112488","","in-state","census-manual-review","",""
"d7265e8b-ae0a-4d0b-84f1-de75c9f7a70d","Pilot Travel Center #430","215 AR-331 N, Russellville, AR 72802","215 STATE HWY 331, RUSSELLVILLE, AR, 72802","","35.279647078317,-93.093691060785","","in-state","census-manual-review","",""
"12cb5734-b6f3-48d8-adc1-71b693367a2a","Love's Travel Stop #877 (Good Hope)","497 County Road 222, Cullman, AL 35055","497 CO RD 222, CULLMAN, AL, 35055","","34.130124664978,-86.864693928321","","in-state","census-manual-review","",""
"253d5108-e1f2-4387-ad7d-b82e1a18712a","Truck Parking Club - 636 N Irwin St (Dayton)","636 N Irwin St, Dayton, OH 45403","636 N IRWIN ST, DAYTON, OH, 45403","","39.773661191938,-84.153002331966","","in-state","census-manual-review","",""
"97e31e0f-bc66-4f04-af6a-f802c20e42c2","Newport Truck and Trailer Repair & Heavy Duty Towing","116 Jasmine Dr, Newport, TN 37821","116 JASMINE RD, NEWPORT, TN, 37821","","35.976674013418,-83.213077106793","","in-state","census-manual-review","",""
"be40a471-cbe3-4486-9c3d-daa610788abd","Service Tire Truck Center (STTC) Fredericksburg","4951 Quality Drive, Fredericksburg, VA 22408","4951 QUALITY DR, FREDERICKSBURG, VA, 22408","","38.262105347746,-77.506322027062","","in-state","census-manual-review","",""
"e1b6e58b-5deb-4093-8574-874f4dec971c","Wayne Truck & Trailer (Sidney)","2151 S Vandemark Rd, Sidney, OH 45365","2151 S VANDEMARK RD, SIDNEY, OH, 45365","","40.252856646513,-84.187452956091","","in-state","census-manual-review","",""
"4e7bad60-63ed-45fd-a1f3-57408c623aaf","Pomp's Tire Service - Seymour","965 S Commerce Dr, Seymour, IN 47274","965 S COMMERCE DR, SEYMOUR, IN, 47274","","38.948367197727,-85.842844710712","","in-state","census-manual-review","",""
"4584fe8c-08bb-481e-8749-b0fbbc5a6224","CAT Scale — Speedway, Hope Hull","821 Tyson Rd, Hope Hull, AL 36043","821 TYSON RD, HOPE HULL, AL, 36043","","32.195343317772,-86.425290203372","","in-state","census-manual-review","",""
"ca4da6a3-c18d-4f65-88ec-1076319eb6c5","Pilot / ONE9 Travel Center #88","4455 W King St, Cocoa, FL 32926","4455 KING ST, COCOA, FL, 32926","","28.359676243222,-80.792155375528","","in-state","census-manual-review","",""
"c4fa7a01-7327-4a45-9a23-1d24e9bd4a3e","Pilot Travel Center #409","2320 Highway 46 S, Dickson, TN 37055","2320 STATE RTE 46, DICKSON, TN, 37055","","36.149829995563,-87.504578940223","","in-state","census-manual-review","",""
"d58e3dbf-f1ed-4822-adf6-94841a1a7c64","Love's Travel Stop #480","9155 Highway 321 N, Lenoir City, TN 37771","9155 HWY 321 N, LENOIR CITY, TN, 37771","","35.869484792536,-84.324961164459","","in-state","census-manual-review","",""
"264a6af3-ac80-4829-a8b5-299cd3590a41","JAM Best-One Tire & Fleet Service (Saginaw)","800 S Outer Drive, Saginaw, MI","800 S OUTER DR, SAGINAW, MI, 48601","","43.42039646446,-83.895849072227","","in-state","census-manual-review","",""
"5992321e-fdc0-44b7-81ba-b85a783e5d24","CAT Scale - TA Wildwood","556 E State Road 44, Wildwood, FL 34785","","","","","n/a","census-no-match","",""
"33c7ebe8-323c-4b35-a654-2ac4076fec1b","Love's Truck Care / Speedco - Love's Travel Stop #618, Sadieville","313 Porter Rd, Sadieville, KY 40370","313 PORTER RD, SADIEVILLE, KY, 40370","","38.379233472354,-84.572018709181","","in-state","census-manual-review","",""
"f4967041-7344-4787-9573-c5c7bdf7e538","C-R Road Service Truck & Trailer Wash","3303 W Fifth St, Lumberton, NC 28358","3303 W 5TH ST, LUMBERTON, NC, 28358","","34.619627040973,-79.058415979136","","in-state","census-manual-review","",""
"c1ef60d0-9302-4eb4-abd7-4d5cd5b2f36d","Circle K #2408","6533 State Road 38 E, Lafayette, IN 47905","6533 STATE RD 38, LAFAYETTE, IN, 47905","","40.373960878047,-86.780393544516","","in-state","census-manual-review","",""
"6003d4f7-6d00-4d20-b0f6-2f44c9b8f115","Bauer Built Tire & Service","5601 US-31, Clarksville, IN 47129","5601 US HWY 31 E, CLARKSVILLE, IN, 47129","","38.344669020091,-85.747245083347","","in-state","census-manual-review","",""
"b9aaf283-56ff-4714-a122-bff468dfc77c","Truck Parking Club - 5102 E 500 S, Whitestown","5102 E 500 S, Whitestown, IN","5102 E 500 S, WHITESTOWN, IN, 46075","","39.967847857837,-86.372455342452","","in-state","census-manual-review","",""
"66abae1e-f898-4e10-8def-fd7e3504b89e","Sun Do Truck Stop","5111 N Fayetteville Rd, Lumberton, NC 28358","5111 FAYETTEVILLE RD, LUMBERTON, NC, 28358","","34.665372260757,-79.001337543862","","in-state","census-manual-review","",""
"97c2f56e-498f-48f7-90e7-3f44713cd4ab","Motel 6 Berea","1029 Cooper Dr, Berea, KY 40403","1029 COOPER DR, BEREA, KY, 40403","","37.597624475438,-84.316155377166","","in-state","census-manual-review","",""
"d0b52ba6-cc9b-45c7-878c-ce598cbfaf24","Truck Parking Club - 1464 Brevard Rd lot","1464 Brevard Rd, Asheville, NC","1464 BREVARD RD, ASHEVILLE, NC, 28806","","35.511754268292,-82.600533476652","","in-state","census-manual-review","",""
"f20905b6-dec3-4b03-aef7-e9f025d1b2c8","Road Ranger Travel Center","1615 E Main St, Greenwood, IN 46143","1615 E MAIN ST, GREENWOOD, IN, 46143","","39.614496142476,-86.070757977739","","in-state","census-manual-review","",""
"8048826e-0d86-40c5-a331-4ff358dde6c3","First in Trailer Service (FITS) Secure Drop Lot","13121 Walton Verona Rd, Walton, KY 41094","13121 WALTON-VERONA RD, WALTON, KY, 41094","","38.855447857148,-84.624452244045","","in-state","census-manual-review","",""
"49d33773-e031-4778-853c-731f623a5d5b","CAT Scale at Road Ranger Brinkley","2202 N Main St, Brinkley, AR 72021","2202 N MAIN ST, BRINKLEY, AR, 72021","","34.912366347576,-91.19562970723","","in-state","census-manual-review","",""
"1c02288f-f710-4fbd-9d1b-29dfe8967a38","TruckParkingClub - RecNation Storage, Fort Myers","8930 Laredo Ave, Fort Myers, FL","8930 LAREDO AVE, FORT MYERS, FL, 33905","","26.645685853163,-81.801571177115","","in-state","census-manual-review","",""
"af850276-f3a2-4d26-b48a-43ec8e6b0367","CAT Scale — TA Florence","7777 Burlington Pike, Florence, KY 41042","7777 BURLINGTON PIKE, FLORENCE, KY, 41042","","39.000875329836,-84.644968575034","","in-state","census-manual-review","",""
"7ced51ec-fa99-48cd-b788-075a711e3dc7","Cumberland International Trucks - Nashville","640 Massman Dr, Nashville, TN 37210","640 MASSMAN DR, NASHVILLE, TN, 37210","","36.153117890126,-86.703238351513","","in-state","census-manual-review","",""
"734dcb31-77d9-4a4a-a07c-f710c03cff1e","Midwest Commercial Semi-Truck Tire Center","7599 Melton Rd, Gary, IN 46403","7599 MELTON RD, GARY, IN, 46403","","41.595440043013,-87.246756234147","","in-state","census-manual-review","",""
"f430a4a3-e695-4f4d-b6ef-9119ec9f66fa","Love's Truck Care / Speedco #951","4300 Petro Rd, West Memphis, AR 72301","4300 PETRO RD, WEST MEMPHIS, AR, 72301","","35.153546806691,-90.129992014148","","in-state","census-manual-review","",""
"da315672-4e7f-4389-a555-4e4b7aa1d94a","Pilot Travel Center #71","7001 GA-21, Port Wentworth, GA 31407","","","","","n/a","census-no-match","",""
"9509b408-a8b1-4f4b-a5a4-a4fa0a47bc61","CAT Scale at TA Jacksonville South","1650 County Road 210 W, Saint Johns, FL 32259","1650 CO RD 210, SAINT JOHNS, FL, 32259","","30.066006229603,-81.495280459255","","in-state","census-manual-review","",""
"c041cd41-88dc-4a27-9533-4f5d11219fb7","Downtown Hartford Citgo","3155 Big Creek Rd, Hartford, TN 37753","3155 BIG CREEK RD, HARTFORD, TN, 37753","","35.817795560721,-83.139283388195","","in-state","census-manual-review","",""
"0dacd3b0-435a-46af-9e4f-da23099fc2bb","TD Commercial Tire","925 N Ocean St, Jacksonville, FL 32202","925 OCEAN ST, JACKSONVILLE, FL, 32202","","30.332934904709,-81.654695563986","","in-state","census-manual-review","",""
"4be0bff5-6246-43d0-8501-159b1d07cf32","Ziegler Tire","30559 Lemoyne Rd, Walbridge, OH 43465","30559 LEMOYNE RD, WALBRIDGE, OH, 43465","","41.595620258284,-83.473995164317","","in-state","census-manual-review","",""
"0b9d7041-33c5-4e04-9f78-feae94df3de4","Goodyear Commercial Tire & Service Center","102 Triport Rd, Georgetown, KY 40324","102 TRIPORT RD, GEORGETOWN, KY, 40324","","38.275088791895,-84.553442303154","","in-state","census-manual-review","",""
"713ec7f7-b945-4cab-8cda-063d5d117e1b","TA Truck Service - Wildwood","556 E State Road 44, Wildwood, FL 34785","","","","","n/a","census-no-match","",""
"8e79a54d-cad6-460c-9fd5-d5d118342bd3","CAT Scale at TA Express Stony Creek","13306 St John Church Rd, Stony Creek, VA 23882","13306 ST JOHN CHURCH RD, STONY CREEK, VA, 23882","","36.978252286349,-77.395401532252","","in-state","census-manual-review","",""
"1331b4e0-334f-40ce-b89d-d92cb15d76f6","Circle K (Pelham Truck Stop)","715 Cahaba Valley Rd, Pelham, AL 35124","715 CAHABA VALLEY RD, PELHAM, AL, 35124","","33.337064171751,-86.780978229112","","in-state","census-manual-review","",""
"1b26d26d-059c-4bb0-adf1-0775ac9da1e8","Super 8 by Wyndham Corbin/London KY","171 W Cumberland Gap Pkwy, Corbin, KY 40701","","","","","n/a","census-no-match","",""
"56accaa0-eb22-413a-b887-1e6d535c08ae","CAT Scale - Pilot Travel Center #393","3712 Crabtree Rd, Waynesville, NC 28786","3712 CRABTREE RD, WAYNESVILLE, NC, 28785","","35.572100193138,-82.956754883826","","in-state","census-manual-review","",""
"366ea2a6-4116-4ce3-bc64-01fdac0dcb60","TA Express Atkins","100 Fish Lake Road, Atkins, AR 72823","100 FISHLAKE RD, ATKINS, AR, 72823","","35.221350358631,-92.82766802007","","in-state","census-manual-review","",""
"e5c73805-b895-443e-ad46-5b33992106d6","Pilot Travel Center #90","7300 Okeechobee Rd, Fort Pierce, FL 34945","","","","","n/a","census-no-match","",""
"383a91a5-b35c-448c-ac46-a2204f600caa","TA Truck Service #349 (Petro Kingston Springs)","162 Luyben Hills Rd, Kingston Springs, TN 37082","162 LUYBEN HILLS RD, KINGSTON SPRINGS, TN, 37082","","36.081908598358,-87.096035905321","","in-state","census-manual-review","",""
"9691fa24-7dec-48e1-83f0-6c8549f85d40","CAT Scale at Pilot Fort Pierce","7300 Okeechobee Rd, Fort Pierce, FL 34945","","","","","n/a","census-no-match","",""
"bc81fd4d-e85c-4de1-b213-705b1aa79e8b","CAT Scale - Flying J Travel Plaza #624 (Dade City)","29933 State Road 52, San Antonio, FL 33576","29933 STATE RD 52, SAN ANTONIO, FL, 33576","","28.325553237509,-82.322268497102","","in-state","census-manual-review","",""
"50a29c91-4d5a-429d-a8ae-bc27851fde1c","T Ricks Travel Center","4350 Highway 63 N, Hazen, AR 72064","4350 US HWY 63, HAZEN, AR, 72064","","34.814972988063,-91.566886917414","","in-state","census-manual-review","",""
"4c1a72f9-a863-484e-ae1d-600e8bd8b7a0","CAT Scale at TA Manning","3014 Paxville Hwy, Manning, SC 29102","3014 PAXVILLE HWY, MANNING, SC, 29102","","33.703695915505,-80.24219589024","","in-state","census-manual-review","",""
"d434bf32-4491-4e98-bf73-b3902abf4f8d","CAT Scale - TA Franklin #157","4400 Peytonsville Road, Franklin, TN 37064","4400 PEYTONSVILLE RD, FRANKLIN, TN, 37064","","35.85896303141,-86.82622962743","","in-state","census-manual-review","",""
"39dbba87-eb5b-4ec6-86e2-ce9a469dbed0","Love's Truck Care #495 - North Fort Myers","17308 Park 78 Dr, North Fort Myers, FL 33917","17308 PARK 78 DR, NORTH FORT MYERS, FL, 33917","","26.713675363748,-81.815939612436","","in-state","census-manual-review","",""
"d4a2a4fa-6bf3-407f-a16d-eb56851d1818","I-95 South N.C. Welcome Center","I-95 near the South Carolina state line, Rowland, NC 28383","","","","","n/a","census-no-match","",""
"14b53fd6-ea8b-4e2a-8618-128e28612212","Southern Tire Mart #330","3700 N Service Rd, West Memphis, AR 72301","","","","","n/a","census-no-match","",""
"6d944928-3079-4aef-b907-dfab87dadbb1","CAT Scale at ONE9 Travel Center Wildwood","650 GA-299, Wildwood, GA 30757","","","","","n/a","census-no-match","",""
"51cd4b66-e72d-4dfa-9502-cf04145feb19","Super 8 by Wyndham Williamsburg","30 W Hwy 92, Williamsburg, KY 40769","30 W STATE HWY 92, WILLIAMSBURG, KY, 40769","","36.726371410952,-84.162079357854","","in-state","census-manual-review","",""
"668ea41a-8085-4a27-a97e-932f7e23dbe9","Econo Lodge Erlanger - Cincinnati Airport","633 Donaldson Rd, Erlanger, KY 41018","633 DONALDSON HWY, ERLANGER, KY, 41018","","39.028816479305,-84.617009613279","","in-state","census-manual-review","",""
"91d0418b-ed0e-488a-8839-3486653ab473","Bob Sumerel Tire Company (Pomp's Tire)","1257 Cox Ave, Erlanger, KY 41018","1257 COX RD, ERLANGER, KY, 41018","","39.03938488888,-84.630932994582","","in-state","census-manual-review","",""
"9cc571cf-6f5a-47bd-8cae-b59626a344e9","CAT Scale — Charlie's Country Corner (Fick & Sons), Grayling","5800 Nelson A Miles Pkwy, Grayling, MI 49738","5800 NELSON A MILES PKWY, GRAYLING, MI, 49738","","44.600632682237,-84.712409808336","","in-state","census-manual-review","",""
"c9fe8db3-89c2-4078-9340-785683fff9cf","Best-One Tire and Service of Mid America","1021 Coca-Cola Blvd, Dayton, OH 45424","1021 COCA-COLA BLVD, DAYTON, OH, 45424","","39.874810226596,-84.053982912182","","in-state","census-manual-review","",""
"076b546a-e264-4c18-abfc-bb32380ceaf5","Motel 6 Georgetown, KY - Lexington North","401 Cherry Blossom Way, Georgetown, KY 40324","401 CHERRY BLOSSOM WAY, GEORGETOWN, KY, 40324","","38.275261825686,-84.554785595453","","in-state","census-manual-review","",""
"a7ec52fe-a86e-44a8-ae48-cd48c12b68bf","Comfort Inn & Suites Macon West","5000 Harrison Rd, Macon, GA 31206","5000 HARRISON RD, MACON, GA, 31206","","32.813640261892,-83.725462141293","","in-state","census-manual-review","",""
"7fa26b2f-a97d-4c5e-aa6f-cb992518cafe","CAT Scale at Flying J Elkton","221 Belle Hill Road, Elkton, MD 21921","221 BELLE HILL RD, ELKTON, MD, 21921","","39.635837936941,-75.806469578668","","in-state","census-manual-review","",""
"0d70ce2a-08a6-478f-a91b-b626f7086ab3","Truck Parking Club - 1290 N Monroe St (Monroe)","1290 N Monroe St, Monroe, MI 48162","1290 N MONROE ST, MONROE, MI, 48162","","41.933653618999,-83.389769073968","","in-state","census-manual-review","",""
"1f6e7f3a-9e20-4a57-8eae-d44d24a80243","Love's Travel Stop #429","130 W Trinity Ln, Nashville, TN 37207","130 W TRINITY LN, NASHVILLE, TN, 37207","","36.206200144126,-86.773257893557","","in-state","census-manual-review","",""
"b3c074e4-06a3-4cb4-b205-6ad5ddae3476","Pilot Travel Center #219","7210 Strawberry Plains Pike, Knoxville, TN 37914","7210 STRAWBERRY PLAINS PIKE, KNOXVILLE, TN, 37914","","36.000514882368,-83.777108406577","","in-state","census-manual-review","",""
"4678d9cd-6eea-460c-8d08-def9f6abec0b","Cecil College Truck Driver Training (CDL)","Elkton Station, 107 Railroad Avenue (classroom); North East Campus range, Elkton, MD 21921","107 RAILROAD AVE, ELKTON, MD, 21921","","39.61065363185,-75.832160772947","","in-state","census-manual-review","",""
"a1bc2913-40f7-469b-b03b-5ef019d5bb60","Workman's Travel Center - Ozark","3202 Pence Lane, Ozark, AR 72949","","","","","n/a","census-no-match","",""
"647347d8-57c8-4ae1-8388-cdd3897bd0bf","TA Truck Service - TA Franklin #157","4400 Peytonsville Road, Franklin, TN 37064","4400 PEYTONSVILLE RD, FRANKLIN, TN, 37064","","35.85896303141,-86.82622962743","","in-state","census-manual-review","",""
"1b16d50c-fe90-4999-9174-24b1afd5d87f","CAT Scale — London Travel Plaza (AMBEST)","15 Dogpatch Trading Center, London, KY 40741","","","","","n/a","census-no-match","",""
"e1c84a38-7da4-4597-ab5e-331b2e755297","Pilot Travel Center #187","100 Merchants Rd, Knoxville, TN 37912","100 MERCHANTS DR, KNOXVILLE, TN, 37912","","36.01130044978,-83.970120064802","","in-state","census-manual-review","",""
"6a2400d1-8053-46a5-adbb-e6a12e4cf641","CAT Scale - Pilot #293 (Ocala, SR 484)","2020 SW Highway 484, Ocala, FL 34473","2020 CO RD 484, OCALA, FL, 34473","","29.025441467641,-82.159194205299","","in-state","census-manual-review","",""
"930d8058-2612-4312-99fe-c80cc9d03e11","Pilot Travel Center #332","3300 Highway 391 N, North Little Rock, AR 72117","","","","","n/a","census-no-match","",""
"e3e4eafb-c380-443e-b595-de2d3e0d3a9b","Southern Tire Mart at Pilot #330","15559 Highway 13 S, Hurricane Mills, TN 37078","15559 HWY 13 S, HURRICANE MILLS, TN, 37078","","35.882573235335,-87.800050228094","","in-state","census-manual-review","",""
"4212adfe-4234-48bc-aa89-73a1d0ca09a8","Highway Transport Chemical Tank Wash","1500 Amherst Rd, Knoxville, TN 37909","1500 AMHERST RD, KNOXVILLE, TN, 37909","","35.955460434706,-84.014543291006","","in-state","census-manual-review","",""
"20055899-b195-49e7-ab99-e86cadf665e4","Speedway #7156 (Lovell Road)","617 Lovell Rd, Knoxville, TN 37932","617 LOVELL RD, KNOXVILLE, TN, 37932","","35.908438579362,-84.14822526841","","in-state","census-manual-review","",""
"7fd02b6b-eeae-4b06-8b67-50c3e9928fec","Snider Fleet Solutions - Savannah","530 Magazine Ave, Savannah, GA 31415","530 MAGAZINE AVE, SAVANNAH, GA, 31415","","32.075571019022,-81.117273026153","","in-state","census-manual-review","",""
"b7f59d75-ac92-4bff-8593-6904d706a3eb","Quality Inn Black Mountain-Asheville East","585 Hwy 9, Black Mountain, NC 28711","585 STATE HWY 9, BLACK MOUNTAIN, NC, 28711","","35.624192413614,-82.320909422585","","in-state","census-manual-review","",""
"6f9703ca-f211-4241-b6a0-0eed10065024","Southern Tire Mart - Pooler","1476 US Highway 80 E, Pooler, GA 31322","1476 US HWY 80, POOLER, GA, 31322","","32.094262932176,-81.20383305442","","in-state","census-manual-review","",""
"d7f9bcc5-6dd2-4bc5-aa45-004414540bf2","Love's Travel Stop #271","2229 N 3rd St, Ozark, AR 72949","","","","","n/a","census-no-match","",""
"a8d7a25d-dbe1-4cf0-87ba-640ca6973894","Boss Truck Shop #40 (at Love's)","218 KY-770, Corbin, KY 40701","","","","","n/a","census-no-match","",""
"7fd8fd68-d59b-4e35-9204-322769767d60","Exit 57 Truck Wash","1104 S Crawford St, Clarksville, AR 72830","1104 S CRAWFORD ST, CLARKSVILLE, AR, 72830","","35.459312281866,-93.481780775359","","in-state","census-manual-review","",""
"fcd1a075-899a-4873-b325-f0d767d3d03f","McCabe's Tire & Service","303 Burkemont Ave, Morganton, NC 28655","303 BURKEMONT AVE, MORGANTON, NC, 28655","","35.734183861862,-81.695192643563","","in-state","census-manual-review","",""
"7c721c5c-0428-4578-bf6b-212951c81717","Truck Parking Club - 11775 Snyder Rd (Knoxville)","11775 Snyder Rd, Knoxville, TN 37932","11775 SNYDER RD, KNOXVILLE, TN, 37932","","35.901032402061,-84.174973968353","","in-state","census-manual-review","",""
"5cf98762-e51b-4116-8a71-1934fcc47f35","ONE9 Travel Center (Pilot #89) - Ellenton","1526 51st Ave E, Ellenton, FL 34222","1526 51ST AVE E, ELLENTON, FL, 34222","","27.528493640964,-82.512674344178","","in-state","census-manual-review","",""
"9172f64e-0836-45fd-a136-3e9c914b7097","Flying J Travel Center #653 (Hebron)","3231 E 181st Ave, Hebron, IN 46341","3231 E 181ST AVE, HEBRON, IN, 46341","","41.289245614891,-87.310993104096","","in-state","census-manual-review","",""
"ded68cd3-cdaa-4af2-9cbd-df5f6aaf354c","Love's Truck Care (Speedco) at Lafayette #874","2400 E 200 N, Lafayette, IN 47905","","","","","n/a","census-no-match","",""
"f2566159-665a-4205-929d-7352a3c1f402","CAT Scale at Flying J Fort Pierce","100 N Kings Hwy, Fort Pierce, FL 34945","100 N KINGS HWY, FORT PIERCE, FL, 34945","","27.447890486645,-80.398967254768","","in-state","census-manual-review","",""
"8db48971-1cce-454d-a9c4-24f001a1aca5","CAT Scale at Petro Gary (Grant Street)","3001 Grant St, Gary, IN 46408","3001 GRANT ST, GARY, IN, 46408","","41.559707240659,-87.355879322194","","in-state","census-manual-review","",""
"ac64dd0e-2288-4bb0-85b8-2f1913dfd9f6","Pilot Travel Center #384","2126 Ruffin Mill Rd, Colonial Heights, VA 23834","2126 RUFFIN MILL RD, COLONIAL HEIGHTS, VA, 23834","","37.309446254331,-77.391711881023","","in-state","census-manual-review","",""
"32e1f8ab-7b2c-425d-b046-bf14bd3e1a0a","CAT Scale at Flying J Travel Center #607","3400 Service Loop Rd, West Memphis, AR 72301","","","","","n/a","census-no-match","",""
"e2d59ea7-f110-4411-809a-0cbce128191e","Oasis Travel Center (Lakewood Landing)","10401 NC-903, Halifax, NC 27839","10401 STATE HWY 903, HALIFAX, NC, 27839","","36.365418508041,-77.67530568576","","in-state","census-manual-review","",""
"02249e40-0250-4d39-8929-73504935f55f","Truck Parking Club - 435 Dura Ave (Toledo)","435 Dura Ave, Toledo, OH 43612","435 DURA AVE, TOLEDO, OH, 43612","","41.700648458576,-83.536940161969","","in-state","census-manual-review","",""
"e945424b-b704-4e3e-9eaa-0ed1ba82fb98","Diesel Truck Repairs","2101 N Main St, Brinkley, AR 72021","2101 N MAIN ST, BRINKLEY, AR, 72021","","34.912277835207,-91.195807079851","","in-state","census-manual-review","",""
"97435277-e8a8-49a8-9ff1-0ed17bec85af","Miccosukee Service Plaza","47801 W State Road 84, Ochopee, FL 34141","","","","","n/a","census-no-match","",""
"5ebe160f-0905-4a56-92ed-e863212681da","CAT Scale at Petro Dodge City","426 AL Highway 69 S, Hanceville, AL 35077","426 ALABAMA AVE SE, HANCEVILLE, AL, 35077","","34.059977663114,-86.748677604295","","in-state","census-manual-review","",""
"2b1af141-43f3-492d-924d-7273b920acc4","Sunrise Inn Williamstown (formerly Days Inn)","211 KY Highway 36 W, Williamstown, KY 41097","211 STATE HWY 36, WILLIAMSTOWN, KY, 41097","","38.601560777421,-84.572260665133","","in-state","census-manual-review","",""
"5fc5e9a4-17f9-40c7-9c65-d3904e90140f","ONE9 Travel Center #226","505 Patriot Dr, Dandridge, TN 37725","505 PATRIOT DR, DANDRIDGE, TN, 37725","","36.03907915899,-83.444214712387","","in-state","census-manual-review","",""
"9c2aa267-97a4-41b0-b7f0-9f4bf832fde8","Super 8 by Wyndham Sidney","2009-B Michigan Street, Sidney, OH","2009 MICHIGAN ST, SIDNEY, OH, 45365","","40.287750955319,-84.185113561059","","in-state","census-manual-review","",""
"1f830c7e-1a16-4115-930e-f93f59c31b80","Family Express #35","8805 W State Road 114, Rensselaer, IN 47978","8805 STATE RD 114, RENSSELAER, IN, 47978","","40.940705280639,-87.214739083525","","in-state","census-manual-review","",""
"1b9fd8ed-aee3-458f-9296-7a6a5f5ca340","Southern Tire Mart at Pilot (Hardeeville)","15976 Whyte Hardee Blvd, Hardeeville, SC 29927","","","","","n/a","census-no-match","",""
"6f7fee11-ff4c-445d-b830-d899d682312c","CAT Scale at Flying J Saint Augustine","950 FL-206 W, Saint Augustine, FL 32086","","","","","n/a","census-no-match","",""
"ed738afc-075b-4843-8a9c-519adbdb102a","Palmetto Truck Plaza","9101 W Okeechobee Rd, Hialeah Gardens, FL 33016","9101 W OKEECHOBEE RD, HIALEAH GARDENS, FL, 33016","","25.863599113771,-80.334517469083","","in-state","census-manual-review","",""
"db36c2b2-0463-4b5f-a7ca-1a30c16b18e8","BP Vienna (E Vine St)","612 E Vine St, Vienna, IL 62995","612 E VINE ST, VIENNA, IL, 62995","","37.415419413251,-88.891548084042","","in-state","census-manual-review","",""
"ccb0260f-c724-403d-9128-09d6a31b4fab","Truck Parking Club - 7422 Bonnyshire Drive (Chattanooga)","7422 Bonnyshire Drive, Chattanooga, TN 37416","7422 BONNYSHIRE DR, CHATTANOOGA, TN, 37416","","35.070003060408,-85.163005718593","","in-state","census-manual-review","",""
"f77f6c23-384f-4f64-af4d-2b73d30dbfbb","Flying J Travel Center #604","900 Tyson Rd, Hope Hull, AL 36043","900 TYSON RD, HOPE HULL, AL, 36043","","32.195269630397,-86.419842359257","","in-state","census-manual-review","",""
"2b7ac68a-1cd0-45d2-94bd-6ca204ce34ee","Southern Tire Mart at Pilot (Gary)","2501 Burr St, Gary, IN 46406","2501 BURR ST, GARY, IN, 46406","","41.57345062487,-87.403375915921","","in-state","census-manual-review","",""
"54e7735a-85fc-48e7-89ab-3b4e5eeaa514","Best Western Thunderbird Motel","900 S Jefferson Ave, Cookeville, TN 38501","900 S JEFFERSON AVE, COOKEVILLE, TN, 38501","","36.14044844217,-85.501158026182","","in-state","census-manual-review","",""
"2289120c-d34a-4d96-b705-81286bd97f02","CAT Scale at Love's Travel Stop #822","1025 S Crawford St, Clarksville, AR 72830","1025 S CRAWFORD ST, CLARKSVILLE, AR, 72830","","35.460761896794,-93.481131627117","","in-state","census-manual-review","",""
"ea928447-ab0f-46a4-9d40-916a91f2ffa2","CAT Scale at Love's Travel Stop #236","11801 E I-40, North Little Rock, AR 72117","","","","","n/a","census-no-match","",""
"849b2949-0caf-4874-9c23-e1c79c2ecf35","Love's Travel Stop #796","1129 Smokey Mountain Lane, Newport, TN 37821","1129 SMOKEY MTN LN, NEWPORT, TN, 37821","","35.971234639283,-83.248144506167","","in-state","census-manual-review","",""
"a218b1d7-0741-45dd-966b-364b328b7795","Speedco at Love's Travel Stop #822 (Love's Truck Care)","1025 S Crawford St, Clarksville, AR 72830","1025 S CRAWFORD ST, CLARKSVILLE, AR, 72830","","35.460761896794,-93.481131627117","","in-state","census-manual-review","",""
"bf497604-5909-4f3f-9b2a-d0172b307c44","Robeson Community College CDL Truck Driving Academy","5160 Fayetteville Rd, Lumberton, NC 28360","5160 FAYETTEVILLE RD, LUMBERTON, NC, 28358","","34.666982718199,-79.003065913514","","in-state","census-manual-review","",""
"0a51733c-8243-4972-be0c-fd9b39dea490","Speedco at Love's Travel Stop #791","13820 US-641 N, Holladay, TN 38341","13820 US HWY 641 S, HOLLADAY, TN, 38341","","35.860465948083,-88.084510273589","","in-state","census-manual-review","",""
"7e7568b1-db1e-4d3a-8403-85df63b12990","CAT Scale — Pilot Travel Center #75, Satsuma","6109 US-43 S, Satsuma, AL 36572","","","","","n/a","census-no-match","",""
"d243ac8c-5b16-4d91-b0be-38e63fc99da2","Truck Parking Club - 2601 Verity Pkwy (Middletown)","2601 Verity Parkway, Suite 6, Middletown, OH 45044","2601 N VERITY PKWY, MIDDLETOWN, OH, 45042","","39.528904738456,-84.378620459362","","in-state","census-manual-review","",""
"dde95330-d441-40ca-8bce-f0361edba20b","Texaco / Shop N Fill (Verbena)","6211 County Road 59, Verbena, AL 36091","6211 CO RD 59, VERBENA, AL, 36091","","32.740021497501,-86.539912085532","","in-state","census-manual-review","",""
"51296b6f-d325-4a97-a48f-d7a315a5e7e0","TA Wapakoneta #082","1775 Bellefontaine Street, Wapakoneta, OH 45895","1775 BELLEFONTAINE ST, WAPAKONETA, OH, 45895","","40.561608403968,-84.171437352605","","in-state","census-manual-review","",""
"d7bc6a17-c3e3-408a-92a1-e403c30794a7","Truck & Trailer Parking - 5200 Cleveland St (Merrillville)","5200 Cleveland St, Merrillville, IN 46410","5200 CLEVELAND ST, MERRILLVILLE, IN, 46410","","41.523972896934,-87.36045639346","","in-state","census-manual-review","",""
"a7a13453-9509-4465-98f8-e94a8ff9ff75","Harford Community College Commercial Truck Driving (CDL)","401 Thomas Run Road, Bel Air, MD 21015","","","","","n/a","census-no-match","",""
"ff8e8a78-c506-47cd-a3bf-26f34324389e","Mapco Express #3059","545 Industrial Blvd, Conway, AR 72032","","","","","n/a","census-no-match","",""
"04ba3188-26b8-4f28-b7aa-b90da2745d91","CAT Scale — Flying J #895, Woodhaven","21055 West Rd, Woodhaven, MI 48183","21055 WEST RD, WOODHAVEN, MI, 48183","","42.139119390052,-83.238172339735","","in-state","census-manual-review","",""
"e780ec0a-3a95-42b8-b7bd-eca1cadf2a72","ONE9 Travel Center (Pilot #265)","1111 S Jefferson Ave, Cookeville, TN 38506","1111 S JEFFERSON AVE, COOKEVILLE, TN, 38506","","36.133533574002,-85.503730734854","","in-state","census-manual-review","",""
"9f3e2546-35b1-4aa4-a738-c98b944696e6","CAT Scale at TA Savannah","4401 US Highway 17, Richmond Hill, GA 31324","4401 US HWY 17, RICHMOND HILL, GA, 31324","","31.926549193963,-81.332618759546","","in-state","census-manual-review","",""
"1c2331c1-e7c3-4f1c-8080-8c77e26ca570","CAT Scale at TA Baltimore","5501 O'Donnell Street, Baltimore, MD 21224","5501 ODONNELL ST, BALTIMORE, MD, 21224","","39.281166436071,-76.549107697835","","in-state","census-manual-review","",""
"7c0afaab-bf58-41b1-9e45-2078f713a690","Clarion Pointe Forsyth I-75","333 Harold G. Clark Pkwy, Forsyth, GA 31029","333 HAROLD CLARKE PKWY, FORSYTH, GA, 31029","","33.027791373434,-83.911657392542","","in-state","census-manual-review","",""
"d77dcc99-6512-4e2a-9c39-896770572e3d","Love's Truck Care — Love's Travel Stop #718, Hope Hull","1127 Tyson Rd, Hope Hull, AL 36043","1127 TYSON RD, HOPE HULL, AL, 36043","","32.195482896683,-86.416462569345","","in-state","census-manual-review","",""
"09974385-8c93-4bb5-be59-13552b53e2b3","TA Denmark (TravelCenters of America #245)","155 Highway 138 (Providence Road), Denmark, TN 38391","138 PROVIDENCE RD, DENMARK, TN, 38391","","35.603453599871,-89.05440128551","","in-state","census-manual-review","",""
"28c41568-118b-4e1f-aee1-469f8a634af9","TA Travel Center Brunswick","185 Dungeness Dr, Brunswick, GA 31523","185 DUNGENESS DR, BRUNSWICK, GA, 31523","","31.138555137971,-81.580575754829","","in-state","census-manual-review","",""
"7ec875ca-4ce5-4cc3-89d6-fb9123d30797","Rush Truck Centers - Nashville Central","727 Fesslers Ln, Nashville, TN 37210","727 FESSLERS LN, NASHVILLE, TN, 37210","","36.141866086884,-86.744894997477","","in-state","census-manual-review","",""
"0233ead3-771d-4d86-ba66-186665572f7d","King's Towing & Recovery LLC","2423 W Main St, Clarksville, AR 72830","2423 W MAIN ST, CLARKSVILLE, AR, 72830","","35.471373531965,-93.51425427389","","in-state","census-manual-review","",""
"dee17bfa-a6bf-4da0-8d48-95a9231de439","TA Walton","145 Richwood Rd, Walton, KY 41094","145 RICHWOOD RD, WALTON, KY, 41094","","38.917936205201,-84.626667482519","","in-state","census-manual-review","",""
"34fc2993-dbed-4d8f-8882-b05e7a4a3942","Pathway Travel Plaza","7746 GA-140, Adairsville, GA 30103","","","","","n/a","census-no-match","",""
"e78ba483-5cf5-492c-9e4d-39186230b9a4","CAT Scale — Love's Travel Stop #346, Columbia","1624 Bear Creek Pike, Columbia, TN 38401","1624 BEAR CREEK PIKE, COLUMBIA, TN, 38401","","35.644334713207,-86.88599342113","","in-state","census-manual-review","",""
"474c16be-f5a2-4ead-889b-94637b2a5110","Galloway Inn","3124 Highway 391 N, North Little Rock, AR 72117","3124 STATE HWY 391, NORTH LITTLE ROCK, AR, 72117","","34.778294832502,-92.1286231687","","in-state","census-manual-review","",""
"8131d6be-dfa1-41ef-a3b2-8528eae25b1e","Love's Truck Care / Speedco - Love's Travel Stop #743, Bridgeport","6560 Dixie Hwy, Bridgeport, MI 48722","6560 DIXIE HWY, BRIDGEPORT, MI, 48722","","43.348942523957,-83.861064637933","","in-state","census-manual-review","",""
"7781de27-e09d-41fe-b394-5250755d187b","Love's Speedco #932 Knoxville","1701 Everett Rd, Knoxville, TN 37932","1701 EVERETT RD, KNOXVILLE, TN, 37932","","35.881262374727,-84.237445104941","","in-state","census-manual-review","",""
"fed4a341-e7ca-4020-b95e-11a589f9d537","160 Driving Academy - Newark","1450 Capitol Trail #13, Newark, DE 19711","1450 CAPITOL TRL, NEWARK, DE, 19711","","39.698089453526,-75.708291816364","","in-state","census-manual-review","",""
"ee7f6f07-8fff-46dd-9e26-f10766f115a1","El Cheapo #50","13670 E Oglethorpe Hwy, Midway, GA 31320","13670 E OGLETHORPE HWY, MIDWAY, GA, 31320","","31.782476839479,-81.385785037127","","in-state","census-manual-review","",""
"f2dae8e2-4d62-4f12-8765-1d93c1a03f6c","Sunoco Truck Stop - Palm Bay","1180 Malabar Rd SE, Palm Bay, FL","1180 MALABAR RD SE, PALM BAY, FL, 32907","","27.99845021653,-80.634237251192","","in-state","census-manual-review","",""
"5ad2354d-2ee0-42ab-b983-c07c9716e753","Taylor & Sons Truck & Tire","1068 N Green St, Ridgeland, SC 29936","1068 N GREEN ST, RIDGELAND, SC, 29936","","32.488997825315,-80.977906905011","","in-state","census-manual-review","",""
"4b2f3f98-a3b1-4f01-8414-3bf1bd312c3d","CAT Scale at Love's Travel Stop #275","1010 N Main St, Palestine, AR 72372","1010 N MAIN ST, PALESTINE, AR, 72372","","34.986041253095,-90.905849324825","","in-state","census-manual-review","",""
"30dfb520-e018-457f-ba09-eb3a455c8aab","CAT Scale — Speedway, Findlay","3730 Speedway Drive, Findlay, OH 45840","3730 SPEEDWAY DR, FINDLAY, OH, 45840","","41.086136136249,-83.656709699197","","in-state","census-manual-review","",""
"488ef5d6-960c-4504-a163-4c4c8c6d11fc","247 Truck Stop","452 AR-38 E, Widener, AR 72394","","","","","n/a","census-no-match","",""
"e2a3778e-f2f4-4f93-a2c0-71d545e5b514","Blue Beacon Truck Wash of Dade City","29939 State Road 52, San Antonio, FL 33576","29939 STATE RD 52, SAN ANTONIO, FL, 33576","","28.325576893998,-82.321997077658","","in-state","census-manual-review","",""
"03c39975-0f38-4f41-97e7-d50d95b9edf0","Petro Stopping Center #326 (Petro N. Little Rock)","3205 Valentine Rd, North Little Rock, AR 72117","","","","","n/a","census-no-match","",""
"76e36705-8140-4902-8922-1ae83351ce7a","Love's Travel Stop #874","2400 E 200 N, Lafayette, IN 47905","","","","","n/a","census-no-match","",""
"ae94cca9-39c9-4e4d-bd4c-8401455945b8","CAT Scale — TA Walton","145 Richwood Rd, Walton, KY 41094","145 RICHWOOD RD, WALTON, KY, 41094","","38.917936205201,-84.626667482519","","in-state","census-manual-review","",""
"05c5310e-ad0b-4447-8ebb-2d944b974f0d","Howard Johnson by Wyndham Tifton GA I-75","579 Old Omega Rd, Tifton, GA 31794","579 OLD OMEGA RD, TIFTON, GA, 31794","","31.440850268737,-83.529052695564","","in-state","census-manual-review","",""
"89c2531c-300b-4d19-b9f8-e4f065f2d605","Love's Travel Stop #338","8436 Ford Ave (GA-144), Richmond Hill, GA 31324","","","","","n/a","census-no-match","",""
"8fbdb2db-5a92-446e-97c8-fd0473a6a2a8","Love's Travel Stop #275","1010 N Main St, Palestine, AR 72372","1010 N MAIN ST, PALESTINE, AR, 72372","","34.986041253095,-90.905849324825","","in-state","census-manual-review","",""
"f68a555f-f314-4506-91bc-db780f009c31","Flying J Travel Center #97","175 Northwoods Blvd, Vandalia, OH 45377","175 NORTHWOODS BLVD, VANDALIA, OH, 45377","","39.901205676236,-84.194788701332","","in-state","census-manual-review","",""
"17e513b1-c6cb-4d55-a60c-54cf04234398","Truck Parking Club - 250 W Cumberland Gap Pkwy (Corbin)","250 W Cumberland Gap Pkwy, Corbin, KY 40701","","","","","n/a","census-no-match","",""
"a8c59dd9-a02e-41d1-b843-850c5fa78b43","TA Truck Service - Whitestown","5930 E State Road 334, Whitestown, IN 46075","","","","","n/a","census-no-match","",""
"91b8ddaa-6012-4ab7-839a-ded888eb912d","TA Candler (TravelCenters of America #221)","153 Wiggins Rd, Candler, NC 28715","153 WIGGINS RD, CANDLER, NC, 28715","","35.544525627205,-82.755393036071","","in-state","census-manual-review","",""
"c8a6032f-6f28-430d-acc6-6fb11667529d","C-R Road Service","3303 W Fifth St, Lumberton, NC 28358","3303 W 5TH ST, LUMBERTON, NC, 28358","","34.619627040973,-79.058415979136","","in-state","census-manual-review","",""
"57018663-4fa6-44de-9eaa-8e72da705b86","CAT Scale at Love's Fort Pierce (Exit 131)","200 S Kings Hwy, Fort Pierce, FL 34945","200 S KINGS HWY, FORT PIERCE, FL, 34945","","27.446384941573,-80.398984649828","","in-state","census-manual-review","",""
"8fb4e1c8-bbd6-45dc-b76e-5b67a0e12840","Southern Tire Mart at Pilot - Woodhaven","21055 West Rd, Woodhaven, MI 48183","21055 WEST RD, WOODHAVEN, MI, 48183","","42.139119390052,-83.238172339735","","in-state","census-manual-review","",""
"1563a9b1-b685-4915-9ef4-eed8e80c4827","A Anytime Anywhere 24 Hour Mobile Truck Repair","2862 Barrett Ave, Macon, GA 31206","2862 BARRETT AVE, MACON, GA, 31206","","32.792039540181,-83.711731606302","","in-state","census-manual-review","",""
"83264a37-d31f-4775-8a1f-05901e60397d","Prince George's Community College CDL Training (Laurel Center)","312 Marshall Avenue, Suite 204-A, Laurel, MD 20707","312 MARSHALL AVE, LAUREL, MD, 20707","","39.097246789589,-76.851986946443","","in-state","census-manual-review","",""
"44197521-7aef-46d8-9c85-1fb95868e73d","Best-One Tire & Auto Care of Crossville (Commercial)","1760 Genesis Rd, Crossville, TN 38555","1760 GENESIS RD, CROSSVILLE, TN, 38555","","35.975848569532,-85.015369440707","","in-state","census-manual-review","",""
"3d065e68-3f21-47d9-8ace-4670366e6fed","Truck Parking Club - 6180 Hagman Rd (Toledo)","6180 Hagman Rd, Toledo, OH 43612","","","","","n/a","census-no-match","",""
"9acc0450-cc55-4324-92b7-85d68f4e4b0b","Superior Wash","11155 Mosteller Road, Sharonville, OH 45241","11155 MOSTELLER RD, SHARONVILLE, OH, 45241","","39.272994237058,-84.430434010968","","in-state","census-manual-review","",""
"587b9f17-2d09-4a6b-90c2-0ed467f935f9","Newtown Truck Service","7419 Alma Highway, Alma, AR 72921","7419 ALMA HWY, ALMA, AR, 72921","","35.472777716437,-94.252061488677","","in-state","census-manual-review","",""
"bcae0f5b-0105-4eb0-a456-e9a27067846b","Motel 6 Dickson","2325 Highway 46 S, Dickson, TN 37055","2325 STATE RTE 46 S, DICKSON, TN, 37055","","36.023676582452,-87.340538267057","","in-state","census-manual-review","",""
"b9b49d33-ae7d-4ca0-b197-6986c17eef18","TA Seymour","2636 E Tipton St, Seymour, IN 47274","2636 E TIPTON ST, SEYMOUR, IN, 47274","","38.958206047419,-85.836804007177","","in-state","census-manual-review","",""
"fc04797c-a678-4c56-b78a-0b8b8ec49cc1","Gators Truck Stop","8201 20th St, Vero Beach, FL 32966","8201 20TH ST, VERO BEACH, FL, 32966","","27.639036558608,-80.4959043542","","in-state","census-manual-review","",""
"180e7203-8914-4be5-9943-437fe4bb37ff","Clarion Pointe Athens I-65","1322 US Highway 72 East, Athens, AL 35611","","","","","n/a","census-no-match","",""
"25721d01-d3ed-4da5-a9cc-448fd166e75b","Petro Dodge City (Petro Stopping Center #397)","426 AL Highway 69 S, Hanceville, AL 35077","426 ALABAMA AVE SE, HANCEVILLE, AL, 35077","","34.059977663114,-86.748677604295","","in-state","census-manual-review","",""
"5dc09f81-e5df-4022-8248-8fe8e0df8305","Finish Line Truck Wash - Fairview","1512 Highway 96 N, Fairview, TN 37062","1512 STATE RTE 96, FAIRVIEW, TN, 37062","","36.027950193796,-87.181373182478","","in-state","census-manual-review","",""
"bf3f8a8f-2e0e-4a3e-9c2c-d18660c742f1","Scottish Inns Hurricane Mills","15947 Highway 13 S, Hurricane Mills, TN 37078","15947 HWY 13 S, HURRICANE MILLS, TN, 37078","","35.876699485839,-87.803603963991","","in-state","census-manual-review","",""
"1dac7271-b06e-47a7-9845-3ea235276d79","Flying J Travel Center #656","82 White St, Whiteland, IN 46184","","","","","n/a","census-no-match","",""
"861f3ac4-7494-480b-821c-05f6c9cf886d","CAT Scale — Flying J Travel Center #700, Perrysburg","26415 Warns Dr, Perrysburg, OH","26415 WARNS DR, PERRYSBURG, OH, 43551","","41.535195841503,-83.459062015024","","in-state","census-manual-review","",""
"b2bf2309-7ab1-402c-9edf-8d3fcd07cf48","Sunoco Travel Plaza (Cedar Creek Rd)","1937 Cedar Creek Rd, Fayetteville, NC 28312","1937 CEDAR CREEK RD, FAYETTEVILLE, NC, 28312","","35.008386582921,-78.825458426917","","in-state","census-manual-review","",""
"76b5c804-3a44-4f97-bbce-c1f66830b180","CAT Scale at TA Express Atkins","100 Fish Lake Road, Atkins, AR 72823","100 FISHLAKE RD, ATKINS, AR, 72823","","35.221350358631,-92.82766802007","","in-state","census-manual-review","",""
"99b0069f-3667-4fae-80d2-e582dbf64ea4","QuikTrip #7154 Travel Center","1731 Whitten Rd, Memphis, TN","1731 WHITTEN RD, MEMPHIS, TN, 38134","","35.172165935279,-89.836664677008","","in-state","census-manual-review","",""
"add1c18a-6a1a-4dd0-8364-a3685f8a4c51","Truck Parking Club - 415 Scruggs Road (Chattanooga)","415 Scruggs Road, Chattanooga, TN","415 SCRUGGS RD, CHATTANOOGA, TN, 37412","","34.986495566528,-85.192209777071","","in-state","census-manual-review","",""
"c0884a63-939a-4493-9de9-3a497f3aba5f","MHC Kenworth - Jackson","200 Kenworth Blvd, Jackson, TN 38305","200 KENWORTH BLVD, JACKSON, TN, 38305","","35.682473261665,-88.785775323914","","in-state","census-manual-review","",""
"877374ab-3d90-4893-a9bd-77893e763ae9","White Glove Towing Service","1777 US 31, Greenwood, IN 46143","","","","","n/a","census-no-match","",""
"1dfbe578-4d95-4f90-b00b-ba6cff921daf","Kentucky Weigh Station - I-75 Southbound (Laurel County)","I-75 Southbound, mile point 34 (Laurel County), London, KY 40744","","","","","n/a","census-no-match","",""
"cd4783d1-b67c-4c09-b056-6a72f5606229","TA Knoxville West","615 Watt Rd, Knoxville, TN 37922","615 N WATT RD, KNOXVILLE, TN, 37934","","35.873153087956,-84.234760900271","","in-state","census-manual-review","",""
"35d60aca-4c98-4307-bfff-f6b4f5004da2","Golden Group Properties Truck & Trailer Parking","6600 W 9th Ave, Gary, IN 46406","6600 W 9TH AVE, GARY, IN, 46406","","41.595331479178,-87.419280453631","","in-state","census-manual-review","",""
"99e14e2c-5498-4df1-b60b-7ff743aec8ae","Flying J Travel Center #605","42 Bradley Cove Rd, Russellville, AR 72801","","","","","n/a","census-no-match","",""
"6ef81403-6ac8-4aca-8842-8f004d6cbea2","Blue Beacon Truck Wash - Jacksonville","6610 Pritchard Rd, Jacksonville, FL 32219","6610 PRITCHARD RD, JACKSONVILLE, FL, 32219","","30.37438391341,-81.751911290881","","in-state","census-manual-review","",""
"8954f3e6-074f-40a5-b8b5-d960808ab94d","Snider Fleet Solutions - Chattanooga","1148 E 23rd St, Chattanooga, TN 37408","1148 E 23RD ST, CHATTANOOGA, TN, 37408","","35.023730586142,-85.295869767385","","in-state","census-manual-review","",""
"485085d9-98c6-4e88-9661-862c3bc0c514","CAT Scale — Love's Travel Stop #618, Birch Run","8795 Main St, Birch Run, MI 48415","8795 MAIN ST, BIRCH RUN, MI, 48415","","43.250237273005,-83.778810782379","","in-state","census-manual-review","",""
"d56cff01-0dcb-4610-82aa-920d1214a828","Flying J Travel Center #784","1 Center Drive, North East, MD 21901","1 CENTER DR, NORTH EAST, MD, 21901","","39.624763324179,-75.948210388357","","in-state","census-manual-review","",""
"5a49d5db-8dcd-4ad8-b10a-b4c6dcacf3a4","Speedway #3547","7837 East Lincoln Highway, Beaverdam, OH 45808","","","","","n/a","census-no-match","",""
"54eb73aa-b523-42b7-bb42-be43bfe1e235","Flying J Travel Center #664","13019 Walton Verona Rd, Walton, KY 41094","13019 WALTON-VERONA RD, WALTON, KY, 41094","","38.858317041397,-84.624688164565","","in-state","census-manual-review","",""
"1e57efa0-5b56-4594-a360-0801367f7795","Quality Inn Seymour I-65","2075 E Tipton St, Seymour, IN 47274","2075 E TIPTON ST, SEYMOUR, IN, 47274","","38.958197120812,-85.85062789479","","in-state","census-manual-review","",""
"3e2d7707-cfa9-4fff-a6e1-b564b40bfc32","Flying J Travel Center #895 - Woodhaven","21055 West Rd, Woodhaven, MI 48183","21055 WEST RD, WOODHAVEN, MI, 48183","","42.139119390052,-83.238172339735","","in-state","census-manual-review","",""
"fbba2a2b-9070-4943-9256-60b01d953f51","Love's Truck Tire Care - Bushnell (#708)","2615 W C-48, Bushnell, FL 33513","2615 W C 48, BUSHNELL, FL, 33513","","28.668624426484,-82.147421003229","","in-state","census-manual-review","",""
"3330b910-184f-4852-a021-4653260d8e46","CAT Scale at Simmons Travel Plaza Emporia","1589 Skippers Rd, Emporia, VA 23847","","","","","n/a","census-no-match","",""
"5d4edba9-0200-41ea-9b33-43cb436d42c4","Days Inn by Wyndham Jellico - Tennessee State Line","1417 5th Street, Jellico, TN 37762","1417 5TH ST, JELLICO, TN, 37762","","36.581322825555,-84.114425738343","","in-state","census-manual-review","",""
"740eb2a8-11f4-417c-b100-55913cdad7bb","Southern Tire Mart #335","12100 Valentine Rd, North Little Rock, AR 72117","","","","","n/a","census-no-match","",""
"c251431a-ff37-4d55-9b22-1fd126b525aa","Pilot Travel Center #602","224 Daniel Payne Dr, Birmingham, AL 35207","","","","","n/a","census-no-match","",""
"1ccf0377-ac4f-4d85-9b13-c810b44a0045","Days Inn by Wyndham Lonoke","105 Dee Dee Lane, Lonoke, AR 72086","","","","","n/a","census-no-match","",""
"6bd441b6-c0a8-43f2-9c45-b2c9aad57353","Johnston Community College CDL Driver Training","245 College Rd, Smithfield, NC 27577","","","","","n/a","census-no-match","",""
"c372a30e-8b6d-44db-b71f-1a3621ef7a7e","Flying J Travel Center #626","950 FL-206 W, Saint Augustine, FL 32086","","","","","n/a","census-no-match","",""
"98192ea9-07b8-41aa-8b7d-82a96752bd04","CAT Scale at Love's Lafayette #874","2400 E 200 N, Lafayette, IN 47905","","","","","n/a","census-no-match","",""
"b92f4315-9237-42fc-ba92-71c2e383e7cc","CAT Scale at Love's #368","300 Arby Dr, Clanton, AL 35045","","","","","n/a","census-no-match","",""
"29e9199c-a535-47dd-8d12-887485484bc3","Love's Travel Stop #828","12921 Duval Rd, Jacksonville, FL 32218","12921 DUVAL RD, JACKSONVILLE, FL, 32218","","30.463242752565,-81.675645637943","","in-state","census-manual-review","",""
"25e73d4a-657a-498b-9deb-ceabc08caef4","Love's Truck Care #225, Evergreen","16101 Highway 84, Evergreen, AL 36401","","","","","n/a","census-no-match","",""
"50e12207-792b-4c19-9ce5-f072abdc9e46","Truck Parking Club - 2710 S Main St (Middletown)","2710 S Main Street, Middletown, OH","2710 S MAIN ST, MIDDLETOWN, OH, 45044","","39.487904060677,-84.419303594301","","in-state","census-manual-review","",""
"ff0a084a-5dae-4a65-a4a8-f9bca9531384","CAT Scale - Pilot #424 (Ocala, 4032 Hwy 326)","4032 W Highway 326, Ocala, FL 34482","4032 CO RD 326, OCALA, FL, 34475","","29.266821770397,-82.189487317696","","in-state","census-manual-review","",""
"5046a85e-6a9a-49e8-aedd-ab29f95b00d1","REDDOT Truck Service Inc.","1221 E 12th St, Wilmington, DE 19802","1221 E 12TH ST, WILMINGTON, DE, 19802","","39.741768482093,-75.532929394241","","in-state","census-manual-review","",""
"d6bd039a-db3c-449a-a77d-a8c9d46fb7af","Southern Tire Mart at Pilot Flying J","3400 Service Loop Rd, West Memphis, AR 72301","","","","","n/a","census-no-match","",""
"5d4b5503-e66f-42af-89db-63e3bb9eb809","Coastal Chevron / Sunshine Travel Plaza","2040 E 10th St, Woodbine, GA 31569","","","","","n/a","census-no-match","",""
"a3953ace-f227-41eb-8824-30476efb2e60","CAT Scale at Pilot Hardeeville","15976 Whyte Hardee Blvd, Hardeeville, SC 29927","","","","","n/a","census-no-match","",""
"6d1d4dd4-a6c9-418b-a766-edfb108c2503","CAT Scale at Pilot St. Marys (#575)","491 St Marys Rd, St. Marys, GA 31548","491 ST MARYS RD, KINGSLAND, GA, 31548","","30.759941234457,-81.648190623986","","in-state","census-manual-review","",""
"cb44453b-2e91-403c-b840-fa0ebe9c211e","Love's Travel Stop #405","2766 US Highway 17 S, Brunswick, GA 31523","2766 US HWY 17, BRUNSWICK, GA, 31523","","31.134614464241,-81.567097752831","","in-state","census-manual-review","",""
"997324d7-302b-489e-b985-a31d43e886f5","Love's Truck Care - Love's Travel Stop #291, Richmond","3799 Colonel Rd, Richmond, KY 40475","3799 COLONEL RD, RICHMOND, KY, 40475","","37.84370376801,-84.325475718068","","in-state","census-manual-review","",""
"73be6034-88f2-44ac-9534-f669515c83a4","Southern Tire Mart at Pilot (Brinkley)","2105 N Main St, Brinkley, AR 72021","2105 N MAIN ST, BRINKLEY, AR, 72021","","34.911477779257,-91.196094478625","","in-state","census-manual-review","",""
"148b4646-be1e-4eeb-91b4-1cedff83441a","Love's Truck Tire Care - Dayton (S. Edwin C. Moses Blvd)","2217 S Edwin C Moses Blvd, Dayton, OH","2217 S EDWIN C MOSES BLVD, DAYTON, OH, 45417","","39.732510416423,-84.209211759688","","in-state","census-manual-review","",""
"060c2ac4-6fdf-40d2-83e8-f888143d35dc","United CDL Academy","1300 W Beaver St, Jacksonville, FL 32209","1300 W BEAVER ST, JACKSONVILLE, FL, 32209","","30.336378385755,-81.676130129396","","in-state","census-manual-review","",""
"cf7673fe-5039-4d46-a2f3-3e677ab4d546","Haven Hotel Renfro Valley (formerly Days Inn by Wyndham Renfro Valley)","1630 Richmond St, Mount Vernon, KY 40456","1630 RICHMOND ST, MOUNT VERNON, KY, 40456","","37.375630412069,-84.331169102534","","in-state","census-manual-review","",""
"7eb47ea3-8514-41aa-be0d-82f6fbf5e8c3","I-95 Perryville Truck Weigh & Inspection Station (Northbound)","John F. Kennedy Memorial Highway (I-95 NB), Perryville, MD 21903","","","","","n/a","census-no-match","",""
"7d43f079-09a4-4f73-a484-93682b5e28aa","Pilot Travel Center #429","1100 Martin Luther King Jr Dr, West Memphis, AR 72301","","","","","n/a","census-no-match","",""
"5003bce1-1cfa-45ff-a23d-5f31e1df1450","TA Truck Service - TA Walton","145 Richwood Rd, Walton, KY 41094","145 RICHWOOD RD, WALTON, KY, 41094","","38.917936205201,-84.626667482519","","in-state","census-manual-review","",""
"b22dba94-110c-4d51-8302-f220ef34a43c","Days Inn by Wyndham Airport Nashville East","3345 Percy Priest Dr, Nashville, TN 37214","3345 PERCY PRIEST DR, NASHVILLE, TN, 37214","","36.152336719129,-86.632873080732","","in-state","census-manual-review","",""
"f2ac5cd7-c4cf-453e-b699-b51334f66e29","CAT Scale at TA Gary (Burr Street)","2510 Burr St, Gary, IN 46406","2510 BURR ST, GARY, IN, 46406","","41.573278036,-87.403567223452","","in-state","census-manual-review","",""
"5e829807-6932-4f13-b44f-e5dea115f755","Petro Knoxville","722 Watt Rd, Knoxville, TN 37934","722 N WATT RD, KNOXVILLE, TN, 37934","","35.873713323085,-84.235994112488","","in-state","census-manual-review","",""
"b02dc944-f9fc-4392-b5f6-47710831930a","St. Ignace Truck Stop (BP)","917 US-2 W, St. Ignace, MI 49781","","","","","n/a","census-no-match","",""
"be5425db-a39a-4219-a80e-88900202f3f7","Love's Truck Care - Whitestown","4155 S Indianapolis Rd, Whitestown, IN 46075","4155 INDIANAPOLIS RD, WHITESTOWN, IN, 46075","","39.978017165801,-86.397236740986","","in-state","census-manual-review","",""
"29fb50b8-541c-4cca-ade0-56b26c5cb203","Holiday Stationstore — Sault Ste. Marie (W Portage Ave)","942 W Portage Ave, Sault Ste. Marie, MI 49783","942 W PORTAGE AVE, SAULT SAINTE MARIE, MI, 49783","","46.493396871642,-84.371585244038","","in-state","census-manual-review","",""
"679989c5-ac9b-4de4-9f1d-347eb41ab47d","Hellman's Tire Service","612 E 5th Ave, Gary, IN 46402","612 E 5TH AVE, GARY, IN, 46402","","41.602146357949,-87.32953497274","","in-state","census-manual-review","",""
"48942c6d-d58b-46ad-8a29-906278fceb35","Pilot Travel Center #75","6109 US-43 S, Satsuma, AL 36572","","","","","n/a","census-no-match","",""
"cbfc290b-82f8-4be8-831a-e806bca0ab8c","Atlanta Commercial Tire - Dalton","3364 Dug Gap Road, Dalton, GA 30720","3364 DUG GAP RD, DALTON, GA, 30720","","34.678384951479,-85.005353466848","","in-state","census-manual-review","",""
"090acdd8-3db7-40af-8c57-85e784bb49d8","Goodyear Commercial Tire & Service Centers #408","2539 Burr St, Gary, IN 46406","2539 BURR ST, GARY, IN, 46406","","41.572776366924,-87.403298840126","","in-state","census-manual-review","",""
"a4208eeb-b29b-455a-8c1f-00debf6b8670","Fick & Sons Diesel Garage - Grayling","5800 Nelson A Miles Pkwy, Grayling, MI 49738","5800 NELSON A MILES PKWY, GRAYLING, MI, 49738","","44.600632682237,-84.712409808336","","in-state","census-manual-review","",""
"eb9c78fe-c2af-4ceb-9cdd-7ec1ee2993ce","National Truck Parking Miami","15545 NW 122nd Ave, Hialeah Gardens, FL 33018","15545 NW 122ND AVE, HIALEAH GARDENS, FL, 33018","","25.914057043029,-80.397172675133","","in-state","census-manual-review","",""
"e151d192-88be-4548-ab2f-fd5e19590ff1","Kwik Fuel Center (Lee's Travel Center)","2233 N Charles G Seivers Blvd, Clinton, TN 37716","2233 N CHARLES G SEIVERS BLVD, CLINTON, TN, 37716","","36.163931655581,-84.086200511235","","in-state","census-manual-review","",""
"bd27e9bc-6b14-4810-b20d-26a04702c477","Petro Stopping Center #382","4230 W US Hwy 24, Remington, IN 47977","4230 US HWY 24, REMINGTON, IN, 47977","","40.765833656181,-87.125352712891","","in-state","census-manual-review","",""
"042f917c-41af-484c-899b-051ebf3194f9","Truck Parking Club - Seymour (1001 S Commerce Dr)","1001 S Commerce Dr, Seymour, IN 47274","1001 S COMMERCE DR, SEYMOUR, IN, 47274","","38.946896659769,-85.842801639775","","in-state","census-manual-review","",""
"effb0793-cbed-44f7-b05c-3645ccfdda21","Flying J Travel Center #668 (Saginaw)","3475 E Washington Rd, Saginaw, MI 48601","3475 E WASHINGTON RD, SAGINAW, MI, 48601","","43.450721242849,-83.893831675949","","in-state","census-manual-review","",""
"7c5326e4-da4c-4e5b-a0cd-48b3efd82863","Kenly 95 Truck Service Center","923 Johnston Pkwy, Kenly, NC 27542","923 JOHNSTON PKWY, KENLY, NC, 27542","","35.581359917897,-78.146581818113","","in-state","census-manual-review","",""
"97fcf610-ee57-4801-ab8f-87af7945076d","CAT Scale at TA Whitestown","5930 E State Road 334, Whitestown, IN 46075","","","","","n/a","census-no-match","",""
"096dd2fe-80a1-441b-a700-dbea8e1455c2","America's Truck Stop","2100 Jonesboro Rd SE, Atlanta, GA 30315","2100 JONESBORO RD SE, ATLANTA, GA, 30315","","33.696889752145,-84.369805641331","","in-state","census-manual-review","",""
"5ca065f4-b503-45a1-9636-b5d8e4505c36","CAT Scale at Petro Remington #382","4230 W US Hwy 24, Remington, IN 47977","4230 US HWY 24, REMINGTON, IN, 47977","","40.765833656181,-87.125352712891","","in-state","census-manual-review","",""
"9b1575ec-7faf-47cb-b245-8d261efc12a0","Truck Parking Club - 8814 Dietz Ave, Hickory","8814 Dietz Ave, Hickory, NC 28602","8814 DIETZ AVE, HICKORY, NC, 28602","","35.706460973667,-81.431003156544","","in-state","census-manual-review","",""
"aa897b1d-e1de-4ff0-8ae6-45d82b3077c7","CAT Scale at Dolly's Tennessean Travel Stop","3686 Pulaski Highway, Cornersville, TN 37047","","","","","n/a","census-no-match","",""
"bbe85dec-152f-460c-a888-a1eb45ba5af7","CAT Scale — Love's Travel Stop #645, Frenchtown (Monroe)","1609 Nadeau Rd, Frenchtown, MI 48161","","","","","n/a","census-no-match","",""
"605eb2aa-f167-4118-b720-5e470775c93d","Gary Mobile On-Site Truck & Trailer Repair","2277 E 15th Ave, Gary, IN 46402","2277 E 15TH AVE, GARY, IN, 46402","","41.587323726075,-87.310769502201","","in-state","census-manual-review","",""
"cfb3be42-e2e5-4e55-ba83-bcb9ab2402cf","Quality Inn Merrillville","1350 E 83rd Ave, Merrillville, IN 46410","1350 E 83RD AVE, MERRILLVILLE, IN, 46410","","41.467891776437,-87.321363627581","","in-state","census-manual-review","",""
"304c91be-ba96-4f09-83ec-8258f6ed4716","Truck Parking Club - Online Transport (Georgetown)","194 Sims Pike, Georgetown, KY 40324","194 SIMS RD, GEORGETOWN, KY, 40324","","38.275787621699,-84.540828909704","","in-state","census-manual-review","",""
"a77f9fde-3b52-4f86-961d-91e168d388d5","Pilot Travel Center #62","3006 N Williston Rd, Florence, SC","3006 N WILLISTON RD, FLORENCE, SC, 29506","","34.263222501587,-79.701286189724","","in-state","census-manual-review","",""
"f170989d-6c5b-4de2-b71e-ca56877a43b9","CAT Scale at Love's Travel Stop #417 (Grant Street, Gary)","3150 Grant St, Gary, IN 46408","3150 GRANT ST, GARY, IN, 46408","","41.561431672412,-87.356138443832","","in-state","census-manual-review","",""
"7d2aff0a-c2d6-4a14-96d6-6fb5eee5aaa2","Fast Track (Hildebran)","400 S Center St, Hildebran, NC","400 S CENTER ST, HILDEBRAN, NC, 28637","","35.706826383143,-81.422984726802","","in-state","census-manual-review","",""
"724d82b8-ca51-4b99-989f-9caa92eccc5c","Road Safety CDL Training School","2150 S Crater Rd, Suite A, Petersburg, VA 23805","2150 S CRATER RD, PETERSBURG, VA, 23805","","37.201555732312,-77.379276912025","","in-state","census-manual-review","",""
"3ec4da2b-9df7-4bba-913c-c6023b9797ca","McGee Commercial Tire & Service - Hickory","299 S Center St, Hickory, NC 28602","299 S CENTER ST, HICKORY, NC, 28602","","35.728958711535,-81.338048421959","","in-state","census-manual-review","",""
"b051d12e-5a30-48cf-b09f-641248bd3468","CAT Scale at Petro Stopping Center #311","3900 Petro Rd, West Memphis, AR 72301","3900 PETRO RD, WEST MEMPHIS, AR, 72301","","35.153545845394,-90.135533977569","","in-state","census-manual-review","",""
"582280fa-d1b8-4e9f-aee1-575fa00b8e8a","Truck Parking Club - 8477 US-42 (Florence)","8477 US-42, Florence, KY 41042","8477 US HWY 42, FLORENCE, KY, 41042","","38.977469517606,-84.657810030307","","in-state","census-manual-review","",""
"a8a32662-d389-4d96-9653-6fde235726d0","Pilot Travel Center #353","110 Triport Rd, Georgetown, KY 40324","110 TRIPORT RD, GEORGETOWN, KY, 40324","","38.275107843938,-84.553423515722","","in-state","census-manual-review","",""
"c4ad7a64-e08a-4c08-a883-277380ff7226","Truck Parking Club - 956 Enterprise Ct (Lexington)","956 Enterprise Ct, Lexington, KY 40510","956 ENTERPRISE CT, LEXINGTON, KY, 40510","","38.061059657784,-84.551069541706","","in-state","census-manual-review","",""
"e102d6bd-874c-43d0-b9f6-c8a9dbbe4832","TA Baltimore #216","5501 O'Donnell Street, Baltimore, MD 21224","5501 ODONNELL ST, BALTIMORE, MD, 21224","","39.281166436071,-76.549107697835","","in-state","census-manual-review","",""
"df94342a-aa2a-4c08-856b-45a042b25388","Park City Truck Park (Truck Parking Club)","7409 Cycle Lane, Goodlettsville, TN 37072","7409 CYCLE LN, GOODLETTSVILLE, TN, 37072","","36.413523726628,-86.710500471415","","in-state","census-manual-review","",""
"74398e08-61e6-41b8-b3fd-e22c6c6cf6d0","TA Jacksonville South #248","1650 County Road 210 W, Saint Johns, FL 32259","1650 CO RD 210, SAINT JOHNS, FL, 32259","","30.066006229603,-81.495280459255","","in-state","census-manual-review","",""
"7d3ead5b-1237-474f-9154-06b410f7b410","Biden Welcome Center (I-95 Service Plaza)","530 John F. Kennedy Memorial Hwy, Newark, DE 19713","530 JFK MEMORIAL, NEWARK, DE, 19702","","39.664814158288,-75.688228857696","","in-state","census-manual-review","",""
"a1b16ec7-c91b-4173-8790-c48f19ff7cf7","CAT Scale at Flying J Brunswick (#627)","2990 US Hwy 17 S, Brunswick, GA 31523","2990 US HWY 17, BRUNSWICK, GA, 31523","","31.139241572356,-81.578274504059","","in-state","census-manual-review","",""
"2237db27-ede4-4872-9149-f2ea2e2fb8c7","CAT Scale at Love's Yemassee","409 Yemassee Hwy, Yemassee, SC 29945","","","","","n/a","census-no-match","",""
"7263d1cc-402f-4e71-84c4-abe89266f219","CAT Scale at TA Earle","408 Highway 149 N, Earle, AR 72331","408 STATE HWY 149, EARLE, AR, 72331","","35.282286600748,-90.468684301219","","in-state","census-manual-review","",""
"25069c9b-3d38-41b7-bb33-37f20bf3a4f1","Phil's Towing & Automotive (Grayling)","6405 W M-72, Grayling, MI 49738","6405 W M 72 HWY, GRAYLING, MI, 49738","","44.657928295052,-84.747492263007","","in-state","census-manual-review","",""
"7e949312-8bda-4eb3-b270-bed57d56fdc0","Pilot Travel Center #53","15559 Highway 13 S, Hurricane Mills, TN 37078","15559 HWY 13 S, HURRICANE MILLS, TN, 37078","","35.882573235335,-87.800050228094","","in-state","census-manual-review","",""
"b66b0f4d-ff5f-452c-82a7-a74151a6bcc1","CAT Scale - Pilot Travel Center #409 Dickson","2320 Highway 46 S, Dickson, TN 37055","2320 STATE RTE 46, DICKSON, TN, 37055","","36.149829995563,-87.504578940223","","in-state","census-manual-review","",""
"8bf6630b-8c97-45c5-b219-f6b2e21d760a","Petro / TA Florence (TravelCenters of America #195)","2301 W Lucas St, Florence, SC 29501","2301 W LUCAS ST, FLORENCE, SC, 29501","","34.238630312575,-79.810540817754","","in-state","census-manual-review","",""
"88873aca-7462-45e9-bbe1-a9ebaa15cf60","Love's Travel Stop #822","1025 S Crawford St, Clarksville, AR 72830","1025 S CRAWFORD ST, CLARKSVILLE, AR, 72830","","35.460761896794,-93.481131627117","","in-state","census-manual-review","",""
"000c91b2-9827-443c-8669-5f07c833f485","Naples Truck and Tire","3884 Prospect Ave, Naples, FL 34104","3884 PROSPECT AVE, NAPLES, FL, 34104","","26.156900507896,-81.760306419973","","in-state","census-manual-review","",""
"e1e61d3d-5b8d-4a5e-b0fa-d7f4e2382ade","Speedway #8723","6595 Dixie Hwy, Bridgeport, MI 48722","6595 DIXIE HWY, BRIDGEPORT, MI, 48722","","43.348739442053,-83.860364431261","","in-state","census-manual-review","",""
"7b36b126-6502-447f-bb23-84c4010f7203","CAT Scale at Pilot Colonial Heights","2126 Ruffin Mill Rd, Colonial Heights, VA 23834","2126 RUFFIN MILL RD, COLONIAL HEIGHTS, VA, 23834","","37.309446254331,-77.391711881023","","in-state","census-manual-review","",""
"ac82ce7a-885f-485b-b1f6-b7072af48ca8","Southern Tire Mart at Pilot - Port Wentworth","7001 GA-21, Port Wentworth, GA 31407","","","","","n/a","census-no-match","",""
"2937ca5e-063c-4ac7-b4c4-0e7da286f488","TA Montgomery #111","980 W South Blvd, Montgomery, AL 36105","","","","","n/a","census-no-match","",""
"38cc0860-23d0-41f4-acee-987625766068","CAT Scale at Love's Richmond Hill (#338)","8436 Ford Ave (GA-144), Richmond Hill, GA 31324","","","","","n/a","census-no-match","",""
"b56be6f2-17ec-4da0-a47a-270aa6e2176a","Hose Barn Inc","2801 Clinton Hwy, Powell, TN 37849","2801 CLINTON HWY, POWELL, TN, 37849","","36.028994281125,-84.091957096152","","in-state","census-manual-review","",""
"646d0d24-104d-46d8-92a4-d29ce7d8db20","CAT Scale — Love's Travel Stop #291, Richmond","3799 Colonel Rd, Richmond, KY 40475","3799 COLONEL RD, RICHMOND, KY, 40475","","37.84370376801,-84.325475718068","","in-state","census-manual-review","",""
"8f306b35-1615-4795-93eb-a5f7394bd5ed","Atlanta Commercial Tire - Cartersville","161 Criss Black Road, Cartersville, GA 30120","161 CRISS BLACK RD NW, CARTERSVILLE, GA, 30120","","34.222008930849,-84.876171629598","","in-state","census-manual-review","",""
"53bc511f-3b30-4ac3-aed3-597e416f3f38","Truck & Trailer Parking - 1849 Summer St (Hammond)","1849 Summer St, Hammond, IN 46320","1849 SUMMER ST, HAMMOND, IN, 46320","","41.602256598995,-87.484101589429","","in-state","census-manual-review","",""
"ff19357b-eb93-4483-9e4e-ebb40e07fe36","TA Baltimore South #151","7401 Assateague Drive, Jessup, MD 20794","7401 ASSATEAGUE DR, JESSUP, MD, 20794","","39.167517548761,-76.78408821128","","in-state","census-manual-review","",""
"e602551b-092f-4d03-9417-03c6196ca4eb","Love's Travel Stop #369","2971 Highway 48 S, Dickson, TN 37055","2971 STATE RTE 48 S, DICKSON, TN, 37055","","35.990800182928,-87.488846285598","","in-state","census-manual-review","",""
"1c5cf5a8-eda7-4a20-aa0c-d7011ff28f65","CAT Scale — Circle K, Pelham","715 Cahaba Valley Rd, Pelham, AL 35124","715 CAHABA VALLEY RD, PELHAM, AL, 35124","","33.337064171751,-86.780978229112","","in-state","census-manual-review","",""
"55b940bd-0f8a-4c2c-8e30-ce6832982ef8","Walmart Supercenter #1618 (Merrillville)","2936 E 79th Ave, Merrillville, IN 46410","2936 E 79TH AVE, MERRILLVILLE, IN, 46410","","41.4744549022,-87.299225335898","","in-state","census-manual-review","",""
"b25603ec-f8d8-415f-a1a6-0ba3d4b616c4","CAT Scale at TA Vero Beach","8909 20th St, Vero Beach, FL 32966","8909 20TH ST, VERO BEACH, FL, 32966","","27.639100838599,-80.510512482242","","in-state","census-manual-review","",""
"77cae36c-db9c-4cbf-832a-dbfbb384389b","CAT Scale at Pro Stop (Sellersburg)","1503 Avco Blvd, Sellersburg, IN 47172","","","","","n/a","census-no-match","",""
"2e036deb-3b94-41b3-9fcb-fd5b71923e44","ONE9 Travel Center (former Pilot Travel Center #254)","650 GA-299, Wildwood, GA 30757","","","","","n/a","census-no-match","",""
"b89a9bb7-6833-4f23-8466-1d6660615cd3","Pilot Travel Center #58 (ONE9)","2032 NC-48, Pleasant Hill, NC 27866","2032 STATE RD 48, PLEASANT HILL, NC, 27866","","36.523859521809,-77.588397260298","","in-state","census-manual-review","",""
"0b2df467-c976-472b-bd9f-45a8cbd17039","Circle K Truck Stop (Bradenton)","6410 E State Road 64, Bradenton, FL 34208","6410 E STATE RD 64, BRADENTON, FL, 34208","","27.492526970571,-82.481200844285","","in-state","census-manual-review","",""
"bbb6d29c-9a64-46fa-859f-2496d6085564","CAT Scale - Pilot Travel Center #352, Fort Myers","6050 Plaza Dr, Fort Myers, FL 33905","6050 PLAZA DR, FORT MYERS, FL, 33905","","26.653843984489,-81.800752292261","","in-state","census-manual-review","",""
"a199a4b9-60d4-4e07-9a81-b518b722a483","Love's Truck Care #306","1058 Deep Springs Rd, Dandridge, TN 37725","1058 DEEP SPRINGS RD, DANDRIDGE, TN, 37725","","36.011284872147,-83.532369034882","","in-state","census-manual-review","",""
"361472af-b496-4b3f-b7b0-d85b9ea310c0","Vanguard Truck Centers - Conover (Hickory)","3194 15th Ave Blvd SE, Conover, NC 28613","3194 15TH AVENUE BLVD SE, CONOVER, NC, 28613","","35.703718737581,-81.266468925969","","in-state","census-manual-review","",""
"aefe40b7-0823-48ca-81c4-5ebb4bd824a6","Russellville Tank Wash","41 Gary Lane, Russellville, AR 72802","41 GARY LN, RUSSELLVILLE, AR, 72802","","35.282269859251,-93.085879984806","","in-state","census-manual-review","",""
"f425a11a-845c-4f88-81d6-d805ee8ee0e7","Sheetz (Petersburg Wagner Rd)","151 Wagner Rd, Petersburg, VA 23805","151 WAGNER RD, PETERSBURG, VA, 23805","","37.190037794559,-77.364816385213","","in-state","census-manual-review","",""
"de70c755-60b8-4e50-bf23-b807d3f7da97","Truck Parking Club - 737 W 6th St (Cincinnati, bobtail/box only)","737 W 6th St, Cincinnati, OH 45203","737 W 6TH ST, CINCINNATI, OH, 45203","","39.100143087318,-84.528308717322","","in-state","census-manual-review","",""
"95180b7c-b0de-487b-88db-9d2279c18231","Speedco at Love's Travel Stop #796","1129 Smokey Mountain Lane, Newport, TN 37821","1129 SMOKEY MTN LN, NEWPORT, TN, 37821","","35.971234639283,-83.248144506167","","in-state","census-manual-review","",""
"5f6849f3-fd15-4de2-93e7-69dd2003af1a","Love's Travel Stop #495","17308 Park 78 Dr, North Fort Myers, FL 33917","17308 PARK 78 DR, NORTH FORT MYERS, FL, 33917","","26.713675363748,-81.815939612436","","in-state","census-manual-review","",""
"08e36b89-6dee-438f-bd37-edf4a6eab784","Love's Travel Stop #368","300 Arby Dr, Clanton, AL 35045","","","","","n/a","census-no-match","",""
"72ff780f-93e7-4421-b8a0-9d79a49205fd","CAT Scale at Pilot Dunn (Sadler Travel Plaza)","65 Sadler Rd, Dunn, NC 28334","65 SADLER RD, DUNN, NC, 28334","","35.31826491064,-78.574370199955","","in-state","census-manual-review","",""
"3a8482af-f9c3-4155-a03f-d99781b094a7","Speedco - Lake City","13700 S US Highway 441, Lake City, FL","13700 S US HWY 441, LAKE CITY, FL, 32025","","30.003718491356,-82.597421928609","","in-state","census-manual-review","",""
"c2c1f50d-712b-46bd-a443-86cc9410b011","I-Mart 108","21465 Highway 22 N, Wildersville, TN 38388","21465 HWY 22 N, WILDERSVILLE, TN, 38388","","35.792440963829,-88.391430521641","","in-state","census-manual-review","",""
"c043c657-b831-460b-a310-0129638ffa32","Birch Run Express Travel Center","8830 Main St, Birch Run, MI 48415","8830 MAIN ST, BIRCH RUN, MI, 48415","","43.250120954795,-83.778175610868","","in-state","census-manual-review","",""
"8a1de13d-bd2e-4ece-ae16-6eae921f024b","Cross Diesel Repair","1065 Owenton Rd, Corinth, KY 41010","","","","","n/a","census-no-match","",""
"951b39b1-6f25-40de-b2d3-d7cbca0d66a0","Pilot Travel Center #352","6050 Plaza Dr, Fort Myers, FL 33905","6050 PLAZA DR, FORT MYERS, FL, 33905","","26.653843984489,-81.800752292261","","in-state","census-manual-review","",""
"3cbba395-9805-41ca-91c5-2a171aebab14","CAT Scale at Love's Fort Pierce (Exit 129)","7150 Okeechobee Rd, Fort Pierce, FL 34945","7150 OKEECHOBEE RD, FORT PIERCE, FL, 34945","","27.413135402802,-80.397626326934","","in-state","census-manual-review","",""
"67d39304-81ee-485f-a23a-0882d8ace653","CAT Scale at Pilot Kingsland (#4562)","2607 Scrubby Bluff Rd, Kingsland, GA 31548","2607 SCRUBBY BLUFF RD, KINGSLAND, GA, 31548","","30.760934622588,-81.658232854157","","in-state","census-manual-review","",""
"ebeeef84-4ab8-478a-a46a-3e07a9b29ff3","Maryland Truck Tire Services Inc","8390 Washington Boulevard, Jessup, MD 20794","8390 WASHINGTON BLVD, JESSUP, MD, 20794","","39.152574756059,-76.801446762881","","in-state","census-manual-review","",""
"4cb8afcb-7943-4924-a965-9b5234c9c69f","Exit 76 Truck and Tire Service","451 Logston Ln, Berea, KY 40403","451 LOGSTON LN, BEREA, KY, 40403","","37.557056533765,-84.287229189723","","in-state","census-manual-review","",""
"9fa8f22a-5b4b-40a7-a594-885560ee35a0","CAT Scale at Pilot Travel Center (Hebron)","18011 Colorado St, Hebron, IN 46341","18011 COLORADO ST, HEBRON, IN, 46341","","41.291369289715,-87.29590895783","","in-state","census-manual-review","",""
"0ed35738-c7a2-48d8-9bd5-dad944cf9d9d","Blue Beacon Truck Wash - Whitestown","4007 S Indianapolis Rd, Lebanon, IN 46052","4007 INDIANAPOLIS RD, LEBANON, IN, 46052","","39.982039840858,-86.399846557471","","in-state","census-manual-review","",""
"64c31cfc-87b8-41a8-a05f-fd70a50df17c","CAT Scale at Pilot Port Wentworth (#71)","7001 GA-21, Port Wentworth, GA 31407","","","","","n/a","census-no-match","",""
"b440672c-2cac-41cc-b748-a2c6867dbd67","Flash Market #123","2541 Highway 161, North Little Rock, AR","2541 STATE HWY 161, NORTH LITTLE ROCK, AR, 72117","","34.777621965127,-92.202308839418","","in-state","census-manual-review","",""
"f393fa83-15a7-4d7c-9f98-4440c77db4c8","Toledo Tank Wash","420 Matzinger Rd, Toledo, OH 43612","420 MATZINGER RD, TOLEDO, OH, 43612","","41.70413972333,-83.536621089011","","in-state","census-manual-review","",""
"104adff6-82d2-42b0-9d1b-1a8ef5b55a2a","Truck Parking Club - 830 Byrley Rd (Corbin)","830 Byrley Rd, Corbin, KY 40701","830 BYRLEY RD, CORBIN, KY, 40701","","36.972156441969,-84.107959605362","","in-state","census-manual-review","",""
"ed7cf6d6-954e-4e3b-8717-b50637452c5a","Baymont by Wyndham Monroe","14774 LaPlaisance Rd, Monroe, MI 48161","","","","","n/a","census-no-match","",""
"a109cc92-378c-4d57-ac39-da50a5c2a2c6","Flying J / ONE9 Travel Center #713","111 Mill Branch Rd, Latta, SC 29565","111 MILL BRANCH RD, LATTA, SC, 29565","","34.336134968871,-79.536737009302","","in-state","census-manual-review","",""
"5167a32a-fc7a-4aa0-8896-07a13b20acbb","I-40 Truck Repair & Towing","2976 Highway 48 S, Dickson, TN 37055","2976 STATE RTE 48 S, DICKSON, TN, 37055","","35.993496451167,-87.489057674799","","in-state","census-manual-review","",""
"7e79bd38-6884-4e0c-a05e-0303faa8514e","Pilot Travel Center #457","427 East Main Street, Beaverdam, OH 45808","427 E MAIN ST, BEAVERDAM, OH, 45808","","40.833175435759,-83.965574348013","","in-state","census-manual-review","",""
"699bb772-2ec5-4520-bf6b-abeebf30954a","CAT Scale — Flying J Travel Center #604, Hope Hull","900 Tyson Rd, Hope Hull, AL 36043","900 TYSON RD, HOPE HULL, AL, 36043","","32.195269630397,-86.419842359257","","in-state","census-manual-review","",""
"f35c37d4-6118-40c1-8380-1edf8e79777d","TA Elkton #019","1400 Elkton Road, Elkton, MD 21921","1400 ELKTON RD, ELKTON, MD, 21921","","39.645112591971,-75.797781715872","","in-state","census-manual-review","",""
"8018aa5b-c428-465d-9809-fde4e03cd4a2","Petro Stopping Center Kingston Springs #349","162 Luyben Hills Rd, Kingston Springs, TN 37082","162 LUYBEN HILLS RD, KINGSTON SPRINGS, TN, 37082","","36.081908598358,-87.096035905321","","in-state","census-manual-review","",""
"bfadf192-bbdd-45b1-a64a-e6bf10c2ba74","24/7 Diesel and Tire Repair","3750 Madison Hwy, Valdosta, GA 31601","3750 MADISON HWY, VALDOSTA, GA, 31601","","30.743434990685,-83.27752391977","","in-state","census-manual-review","",""
"6c2078f9-7d25-48bf-8e8f-10d24ac2b372","Pilot Travel Center #393","3712 Crabtree Rd, Waynesville, NC 28786","3712 CRABTREE RD, WAYNESVILLE, NC, 28785","","35.572100193138,-82.956754883826","","in-state","census-manual-review","",""
"5b586188-4b1d-455f-931c-8157582a9f92","First American Truck Wash and Chrome Shop","118 Triport Circle, Georgetown, KY 40324","118 TRIPORT CIR, GEORGETOWN, KY, 40324","","38.277502568032,-84.554066213113","","in-state","census-manual-review","",""
"2a82ff99-4e7f-4fed-b606-c88f0bd36b95","Blue Beacon Truck Wash of North Baltimore","12906 Deshler Rd, North Baltimore, OH 45872","12906 DESHLER RD, NORTH BALTIMORE, OH, 45872","","41.172673142559,-83.646261073437","","in-state","census-manual-review","",""
"ae5c7f98-3827-4f30-a664-af01f578db47","TA Truck Service (Elkton)","1400 Elkton Road, Elkton, MD 21921","1400 ELKTON RD, ELKTON, MD, 21921","","39.645112591971,-75.797781715872","","in-state","census-manual-review","",""
"7ca426a1-8f1c-41fd-a721-3c070ccec7c9","Speedway Travel Center — Finley Blvd, Birmingham","1617 Finley Blvd, Birmingham, AL 35204","1617 FINLEY BLVD, BIRMINGHAM, AL, 35204","","33.539483460131,-86.828679068279","","in-state","census-manual-review","",""
"a8c03a61-df69-466d-bbf3-9bde66a34005","Service Tire Truck Center (STTC) New Castle","15 Parkway Circle, New Castle, DE 19720","15 PARKWAY CIR, NEW CASTLE, DE, 19720","","39.663862628688,-75.614792020532","","in-state","census-manual-review","",""
"84a7fdb0-85d9-47e2-a615-c507033be742","Boss Truck Shop (Elkton)","227 Belle Hill Road, Elkton, MD 21921","227 BELLE HILL RD, ELKTON, MD, 21921","","39.635825139412,-75.806438438019","","in-state","census-manual-review","",""
"4ee402f8-abbf-471f-a9f7-620234b2b192","Days Inn Carlisle","1505 Bobby L Glover Highway, Carlisle, AR 72024","","","","","n/a","census-no-match","",""
"31a18b65-6475-4880-9203-f8d44505a815","Truck & Trailer Parking - Avco Blvd (Sellersburg)","1523 Avco Blvd, Sellersburg, IN 47172","","","","","n/a","census-no-match","",""
"9659739b-ba64-409b-9d90-e350b6c250ca","Snider Fleet Solutions - Florence","1915 N Cashua Dr, Florence, SC 29501","1915 N CASHUA DR, FLORENCE, SC, 29501","","34.226235858975,-79.794985234589","","in-state","census-manual-review","",""
"b6d01963-8cf5-47b9-b982-c81a408933b4","Metropolis Truck Plaza","2105 E 5th St, Metropolis, IL 62960","","","","","n/a","census-no-match","",""
"c0d803ff-2516-4efe-aecb-b94c0a7e3649","99 Truck Stop (Joe's Stop 99)","14575 OH-119, Anna, OH 45302","14575 STATE RTE 119, ANNA, OH, 45302","","40.395268056271,-84.153038204786","","in-state","census-manual-review","",""
"1c486059-1bf4-47b8-845f-e817c22b7674","Days Inn by Wyndham Perryville","61 Heather Lane, Perryville, MD 21903","61 HEATHER LN, PERRYVILLE, MD, 21903","","39.588772335764,-76.068126215863","","in-state","census-manual-review","",""
"d500643d-ae31-49aa-9523-81978691c7a7","Shady Lawn Truck Stop","1371 Bryson Road, Elkton, TN 38449","1371 BRYSON RD, ARDMORE, TN, 38449","","35.083329377587,-86.881838147901","","in-state","census-manual-review","",""
"738937f9-3b6d-44d2-9c1e-61ce6e0c43dc","Martino Commercial Tire","751 S Congress Ave, West Palm Beach, FL","751 S CONGRESS AVE, WEST PALM BEACH, FL, 33406","","26.665261189532,-80.08820806584","","in-state","census-manual-review","",""
"fa49ec43-3e91-412d-bb7f-74b00fe90df0","Tennessee Welcome Center - Memphis (I-40 Riverside Dr)","119 N Riverside Dr, Memphis, TN 38103","119 N RIVERSIDE DR, MEMPHIS, TN, 38103","","35.146830622745,-90.055050020237","","in-state","census-manual-review","",""
"6027611b-b476-48b3-a777-b43b6492b5ae","CAT Scale at Love's Travel Stop #759","3404 Highway 63 N, Hazen, AR 72064","","","","","n/a","census-no-match","",""
"b9e80538-3a48-4908-b953-7008f3904786","Alex's Market & Grill","6410 Grange Hall Rd, Holly, MI","6410 GRANGE HALL RD, HOLLY, MI, 48442","","42.814774250967,-83.578363767671","","in-state","census-manual-review","",""
"93d11293-5961-44a5-ba5d-ae01bf86716b","Florida Secure Self-Storage — Pembroke Pines","19701 Sheridan St, Pembroke Pines, FL","","","","","n/a","census-no-match","",""
"b1514239-fa54-4699-9b65-609e0283b1cb","US Fuel Mart / Interstate Truck Stop","2185 Grant Rd, Portage, OH","","","","","n/a","census-no-match","",""
"a7039d72-37d9-4b9d-aa5b-084491f3a2f6","Super 8 by Wyndham Jackson","1940 Highway 45 Bypass, Jackson, TN 38305","","","","","n/a","census-rejected","",""
"5f997893-25c2-42f3-9c82-4ce2697e602f","Speedway #7159","1065 Deep Springs Rd, Dandridge, TN 37725","1065 DEEP SPRINGS RD, DANDRIDGE, TN, 37725","","36.011047453028,-83.532347876971","","in-state","census-manual-review","",""
"88746b7d-8394-4cc4-bcd4-433183514d18","Shell Lake Travel Center","531 State Highway 149 N, Earle, AR 72331","531 STATE ST, EARLE, AR, 72331","","35.264901213993,-90.458743037708","","in-state","census-manual-review","",""
"fa924e2a-0ffe-418f-851f-2f784856e91d","Florence-Darlington Technical College - CDL Training","2715 W Lucas St, Florence, SC 29501","2715 W LUCAS ST, FLORENCE, SC, 29501","","34.244211948399,-79.817540692888","","in-state","census-manual-review","",""
"786bf473-2404-4915-bd74-a05c7c07989a","Love's Travel Stop #417 (Grant Street)","3150 Grant St, Gary, IN 46408","3150 GRANT ST, GARY, IN, 46408","","41.561431672412,-87.356138443832","","in-state","census-manual-review","",""
"cbd3eb31-8759-4d5b-9000-9bcd7f5dcd2f","Super 8 by Wyndham Hazen","4167 Highway 63 N, Hazen, AR 72064","","","","","n/a","census-no-match","",""
"964e5e38-d45d-4c4b-812a-c4ecf904bb4e","S & K Bronco BP (Gaylord)","1482 W M-32, Gaylord, MI 49735","","","","","n/a","census-no-match","",""
"a641f4bb-fad2-49c5-9b64-a856c9b2d976","CAT Scale — Pilot Travel Center #360, Findlay","11471 State Route 613 W (OH-613), Findlay, OH 45840","11471 STATE RTE 613, FINDLAY, OH, 45840","","41.136892056018,-83.662306779609","","in-state","census-manual-review","",""
"ec267e71-3e9b-4f00-8b8a-40024bcc6010","I-95 Perryville Truck Weigh & Inspection Station (Southbound)","15 Turnpike Drive (I-95 SB), John F. Kennedy Memorial Highway, Perryville, MD 21903","15 TURNPIKE DR, PERRYVILLE, MD, 21903","","39.587710050574,-76.076185372329","","in-state","census-manual-review","",""
"cf5fc3c4-3448-41b9-8caf-01e1b02d74b9","Love's Truck Care / Speedco — Love's #629, White House","1001 Highway 76, White House, TN 37188","1001 STATE RTE 76, WHITE HOUSE, TN, 37188","","36.468468592734,-86.688294463063","","in-state","census-manual-review","",""
"e5b8447a-f9cd-4f17-a967-5531916edd12","Motel 6 Toledo","5335 Heatherdowns Blvd, Toledo, OH 43614","5335 HEATHERDOWNS BLVD, TOLEDO, OH, 43614","","41.594586691739,-83.668441350126","","in-state","census-manual-review","",""
"eb48d156-9ad9-4fa3-b8eb-cfc7b29a49a4","TA Saginaw #198 (Bridgeport)","6364 Dixie Hwy, Bridgeport, MI 48722","6364 DIXIE HWY, BRIDGEPORT, MI, 48722","","43.352606445024,-83.868820986088","","in-state","census-manual-review","",""
"6e1f345b-b3fd-42bb-848c-acfb5573ebc8","Pilot Travel Center #366","30 Sand Pebble Rd, Jackson, TN 38305","30 SAND PEBBLE DR, JACKSON, TN, 38305","","35.683617305606,-88.77826163621","","in-state","census-manual-review","",""
"4b07b610-8186-4ad2-b037-cb9c402928a9","Pilot Travel Center #34","4154 W US Hwy 24, Remington, IN 47977","4154 US HWY 24, REMINGTON, IN, 47977","","40.765828608742,-87.124234934875","","in-state","census-manual-review","",""
"22da63bd-9ee8-45b1-b8cd-ada2c8cb7899","Love's Travel Stop #371","1911 Highway 34 W, Dillon, SC 29536","1911 HWY 34 W, DILLON, SC, 29536","","34.419969213674,-79.415871791251","","in-state","census-manual-review","",""
"822e64d5-03ad-42b3-b08e-d1b518910506","Lake Park Quick Truck Wash — Lake Park","7061 Lake Park Bellville Rd, Lake Park, GA 31636","7061 LAKE PARK BELLVILLE RD, LAKE PARK, GA, 31636","","30.64016460244,-83.19304823306","","in-state","census-manual-review","",""
"e170da26-92ff-4206-a01b-58335385109b","Fast Pax Food Store (Bay City)","5099 S Mackinaw Rd, Bay City, MI 48706","5099 S MACKINAW RD, BAY CITY, MI, 48706","","43.593073734531,-83.992317801462","","in-state","census-manual-review","",""
"a5c7da21-c5da-4094-8e3a-0724fd6231b9","Diesel Power Truck Center","2348 Smokey Park Hwy, Candler, NC 28715","2348 SMOKEY PARK HWY, CANDLER, NC, 28715","","35.541923277094,-82.747839687582","","in-state","census-manual-review","",""
"b7c5c85d-80c3-4b9d-9731-bd1047b7eca5","CAT Scale — Love's Travel Stop #743, Bridgeport","6560 Dixie Hwy, Bridgeport, MI 48722","6560 DIXIE HWY, BRIDGEPORT, MI, 48722","","43.348942523957,-83.861064637933","","in-state","census-manual-review","",""
"268e78c1-514e-4c7c-a65e-e14e47d34c68","Truck Parking Club - 415 W Seymour Ave (Cincinnati)","415 W Seymour Ave, Cincinnati, OH 45216","415 W SEYMOUR AVE, CINCINNATI, OH, 45216","","39.195743510358,-84.487592171601","","in-state","census-manual-review","",""
"4f94e1cf-fe15-4bba-917c-9f389ab3bd04","TA Truck Service - Monroe (#069)","1255 N Dixie Hwy, Monroe, MI 48162","1255 N DIXIE HWY, MONROE, MI, 48162","","41.925915909143,-83.363507557606","","in-state","census-manual-review","",""
"48d81093-d807-4023-b971-9277d9f47cd8","Circle K (formerly Shell)","500 East State Street, Botkins, OH 45306","500 E STATE ST, BOTKINS, OH, 45306","","40.467838512924,-84.173606907062","","in-state","census-manual-review","",""
"0bb17862-7612-4347-8917-657be20158b0","PJ's Country Store (Jump Stop / Valero)","9499 US Highway 70, Lehi, AR","","","","","n/a","census-no-match","",""
"b14b490c-6516-43d5-b38d-8aa2e3b7370b","CAT Scale - Petro Kingston Springs","162 Luyben Hills Rd, Kingston Springs, TN 37082","162 LUYBEN HILLS RD, KINGSTON SPRINGS, TN, 37082","","36.081908598358,-87.096035905321","","in-state","census-manual-review","",""
"83d35d2c-b77c-44ea-8e25-6b0c1b3722c1","CAT Scale - Pilot #95 (Wildwood, 493 SR 44)","493 E State Road 44, Wildwood, FL 34785","493 STATE HWY 44, WILDWOOD, FL, 34785","","28.874211113164,-82.094980770734","","in-state","census-manual-review","",""
"84a2be77-5f4c-469a-8bf3-9a768ad0ad69","S&S Tire / Best-One Tire Commercial Center","1316 Cahill Dr, Lexington, KY 40504","1316 CAHILL DR, LEXINGTON, KY, 40504","","38.056668715822,-84.527459372375","","in-state","census-manual-review","",""
"cb0165c3-ad4e-448f-b5ea-7a87baef77a9","Truck & Trailer Parking - 743 131st Place (Hammond)","743 131st Pl, Hammond, IN","743 131ST PL, HAMMOND, IN, 46327","","41.655433473778,-87.510197378212","","in-state","census-manual-review","",""
"6ea6cd6b-978f-494d-a434-913c90a82978","CAT Scale — Pilot Travel Center #437, Williamsburg","481 W Hwy 92 (KY-92), Williamsburg, KY 40769","481 W STATE HWY 92, WILLIAMSBURG, KY, 40769","","36.722183415115,-84.169099463692","","in-state","census-manual-review","",""
"aaca5bca-e624-4522-8f04-bf85e4e7d7d4","Snider Fleet Solutions - Forest Park","6025 Lees Mill Rd, Forest Park, GA 30297","6025 LEES MILL RD, FOREST PARK, GA, 30297","","33.591444032941,-84.3860866158","","in-state","census-manual-review","",""
"98e68fa9-34aa-446a-b6c4-f8fce0026b24","Truck Parking Club - Shell/Gold Star Lot, 355 Violet Rd (Crittenden)","355 Violet Rd, Crittenden, KY 41030","355 VIOLET RD, CRITTENDEN, KY, 41030","","38.789007202654,-84.608181714953","","in-state","census-manual-review","",""
"73920f3a-b274-4027-bd03-02dc00c5e3b2","Holiday Inn Express & Suites Findlay North","1920 Express Way, Findlay, OH 45840","","","","","n/a","census-no-match","",""
"8be8a312-d7fe-4b5d-8029-4e4be16db6cd","CAT Scale — Love's Travel Stop #225, Evergreen","16101 US Highway 84, Evergreen, AL 36401","","","","","n/a","census-no-match","",""
"54a65451-113a-452a-9760-bcf055bb5769","CAT Scale (at Love's Travel Stop #451)","5115 N 300 E, Whiteland, IN 46184","","","","","n/a","census-no-match","",""
"f4520840-396d-40f7-9df7-6bf8708e0997","Southern Tire Mart at Pilot #297","102 Triport Cir, Georgetown, KY 40324","102 TRIPORT CIR, GEORGETOWN, KY, 40324","","38.277098914433,-84.55268945045","","in-state","census-manual-review","",""
"a66959e8-5539-4e5c-9f94-118ebedc6397","Rumble Road BP","1334 Rumble Rd, Forsyth, GA 31029","1334 RUMBLE RD, FORSYTH, GA, 31029","","32.992256078817,-83.841771513823","","in-state","census-manual-review","",""
"e004f829-8d70-4cd9-ab02-d6f481ede413","T3 Truck Trailer & Tire Service","11822 Old Lexington Pike, Walton, KY 41094","11822 OLD LEXINGTON PIKE, WALTON, KY, 41094","","38.900525899603,-84.610959604719","","in-state","census-manual-review","",""
"3201e509-b4b9-4cc6-b37c-7c8e2becd7c6","Steve's Towing & Associates","6499 Broadway, Merrillville, IN 46410","6499 BROADWAY, MERRILLVILLE, IN, 46410","","41.500316006281,-87.335928941787","","in-state","census-manual-review","",""
"4e060c6a-1fab-4808-928a-bd991bf8f694","Love's Travel Stop #791","13820 Highway 641 N, Holladay, TN 38341","13820 US HWY 641 S, HOLLADAY, TN, 38341","","35.860465948083,-88.084510273589","","in-state","census-manual-review","",""
"362f1bd5-2789-488a-8652-ffa580d9737a","Pilot Travel Center #411","921 Murfreesboro Rd, Lebanon, TN 37090","921 MURFREESBORO RD, LEBANON, TN, 37090","","36.179244563384,-86.300333799266","","in-state","census-manual-review","",""
"546a52e7-2632-4626-a6b7-5fc3134a802a","Exit 57 Auto Truck Express","1001 Interstate Rd, Clarksville, AR","1001 INTERSTATE DR, CLARKSVILLE, AR, 72830","","35.456724036078,-93.483008642639","","in-state","census-manual-review","",""
"8578017a-7ea0-4c38-a6ed-abf7b5a39d0f","Petro Gary #369 (Grant Street)","3001 Grant St, Gary, IN 46408","3001 GRANT ST, GARY, IN, 46408","","41.559707240659,-87.355879322194","","in-state","census-manual-review","",""
"7ad5c4a4-d850-4901-8542-72497a2d0e47","CAT Scale — Love's Travel Stop #429, Nashville","130 W Trinity Ln, Nashville, TN 37207","130 W TRINITY LN, NASHVILLE, TN, 37207","","36.206200144126,-86.773257893557","","in-state","census-manual-review","",""
"438d7ce9-59d8-4fec-b8d5-24f36c3a5481","Pilot Travel Center (Sadler Travel Plaza)","65 Sadler Rd, Dunn, NC 28334","65 SADLER RD, DUNN, NC, 28334","","35.31826491064,-78.574370199955","","in-state","census-manual-review","",""
"8f05b35f-a63f-4345-a04c-fac2729ef302","Truck Parking Club - 3100 Transportation Rd / Heavy Haul Transport (Dayton)","3100 Transportation Rd, Dayton, OH 45404","3100 TRANSPORTATION RD, DAYTON, OH, 45404","","39.799413604506,-84.133146271624","","in-state","census-manual-review","",""
"b9f278be-2aaa-4588-ba3b-843fe44fe91d","Travel Store (Burma Rd)","3352 Burma Rd E, Nebo, NC","3352 BURMA RD E, NEBO, NC, 28761","","35.684242628679,-81.914425334815","","in-state","census-manual-review","",""
"2c075ea6-0ffe-4f08-8bcc-9d0a027c1ff3","CAT Scale - Pilot #4556 (Wildwood, 744 SR 44)","744 E State Road 44, Wildwood, FL 34785","","","","","n/a","census-no-match","",""
"b7e17908-c076-4ea5-9344-dd3d61032e91","Speed Trac Truck Stop (Calera Citgo/Speed Trac)","11845 Highway 25, Calera, AL 35040","11845 STATE RTE 25, CALERA, AL, 35040","","33.103777386533,-86.735480289515","","in-state","census-manual-review","",""
"a8527241-4fec-4e27-96d9-f3d5e882376b","CAT Scale — Love's Travel Stop #356, North Baltimore","13190 Deshler Rd, North Baltimore, OH 45872","13190 DESHLER RD, NORTH BALTIMORE, OH, 45872","","41.172875052519,-83.657950874348","","in-state","census-manual-review","",""
"d4513e91-e3b9-43ab-8e65-0d7d1580773f","Southern Tire & Fleet Service","5937 Commonwealth Ave, Jacksonville, FL","5937 COMMONWEALTH AVE, JACKSONVILLE, FL, 32254","","30.3358431928,-81.749335703461","","in-state","census-manual-review","",""
"b7a1bf29-998f-498a-a44a-0974411802b6","Pilot Travel Center #231","249 W Cumberland Gap Pkwy, Corbin, KY 40701","","","","","n/a","census-no-match","",""
"214dc102-0732-4ffa-85a4-bf40a8856a14","Pit Stop Diner","1073 Highway 78 N, Wheatley, AR 72392","","","","","n/a","census-no-match","",""
"9d0ebd15-c261-4702-a709-a7828d639a9d","Love's Travel Stop #624","2600 W I-65 Service Rd N, Prichard, AL 36612","","","","","n/a","census-no-match","",""
"9615e271-6080-44ba-bb9a-94ee75384e83","Love's Travel Stop #450","800 Martin Luther King Dr, West Memphis, AR 72301","800 MARTIN LUTHER KING JR DR, WEST MEMPHIS, AR, 72301","","35.153718414176,-90.137692776598","","in-state","census-manual-review","",""
"34ba01ad-945f-4960-b099-01964f28815d","Mr. Fuel Travel Center (One9 Fuel Network)","118 Richwood Rd, Walton, KY 41094","118 RICHWOOD RD, WALTON, KY, 41094","","38.918901157067,-84.624692350623","","in-state","census-manual-review","",""
"9fc4690a-b7e5-401b-84b7-25290c232a2b","Conlee Travel Center - Birch Run","9180 E Birch Run Rd, Birch Run, MI 48415","9180 BIRCH RUN RD, BIRCH RUN, MI, 48415","","43.250136406372,-83.771552805769","","in-state","census-manual-review","",""
"8e766083-c9ba-4102-a0f6-3615f14b3b54","Shell","465 State Route 103, Bluffton, OH","465 STATE RTE 103, BLUFFTON, OH, 45817","","40.892388410596,-83.871894198672","","in-state","census-manual-review","",""
"233d03c8-da5e-4cb2-b239-c48f238ec2a1","Sardis Auto/Truck Plaza","2215 Cale Yarborough Hwy, Sardis, SC","","","","","n/a","census-no-match","",""
"6b024371-05b4-4fba-89d5-8df8670380f7","Crowne Plaza Hickory","1385 Lenoir Rhyne Blvd SE, Hickory, NC 28602","1385 LENOIR RHYNE BLVD SE, HICKORY, NC, 28602","","35.710192413883,-81.311652439577","","in-state","census-manual-review","",""
"ddf043af-973d-478c-b539-d5e22cd93b5b","Stony Ridge Travel Center / Stony Ridge Truck Plaza","1250 Hamilton-Lebanon Road E, Monroe, OH 45050","","","","","n/a","census-no-match","",""
"b3599210-d9f5-44da-8fc9-fedf5816e0ed","TA Truck Service - TA Earle","408 Highway 149 N, Earle, AR 72331","408 STATE HWY 149, EARLE, AR, 72331","","35.282286600748,-90.468684301219","","in-state","census-manual-review","",""
"d5e2e7f0-8a6a-4a62-bb13-9e0223aba4ff","Days Inn & Suites by Wyndham Hickory","1725 13th Ave Drive NW, Hickory, NC 28601","1725 13TH AVENUE DR NW, HICKORY, NC, 28601","","35.749625447447,-81.36886222032","","in-state","census-manual-review","",""
"d7247403-1ed3-49de-83a5-af2862cdbd9f","Pilot Travel Center #1550 (Good Hope)","1600 County Road 437, Good Hope, AL 35055","1600 CO RD 437, GOOD HOPE, AL, 35055","","34.116397506022,-86.863111771642","","in-state","census-manual-review","",""
"f89415ea-400b-4f6a-954b-7e920013cf4a","A-1 Truck Stop","2005 North St, Ashburn, GA 31714","2005 NORTH ST, ASHBURN, GA, 31714","","31.734212643876,-83.65252745811","","in-state","census-manual-review","",""
"9dc5d00c-ead7-4a91-a14d-318deff7c7fc","Comfort Inn & Suites Wildwood - The Villages","1224 S Main St, Wildwood, FL 34785","1224 S MAIN ST, WILDWOOD, FL, 34785","","28.838571430287,-82.045343680221","","in-state","census-manual-review","",""
"f18a5587-4631-4b0c-83a2-55d6c12ad078","CAT Scale - Pilot Travel Center #53 Hurricane Mills","15559 Highway 13 S, Hurricane Mills, TN 37078","15559 HWY 13 S, HURRICANE MILLS, TN, 37078","","35.882573235335,-87.800050228094","","in-state","census-manual-review","",""
"7b340f8f-28fc-4bca-83a8-bee8a793a4fb","TA Travel Center - Monroe #069","1255 N Dixie Hwy, Monroe, MI 48162","1255 N DIXIE HWY, MONROE, MI, 48162","","41.925915909143,-83.363507557606","","in-state","census-manual-review","",""
"3ed0a98e-439f-4e6e-a0f6-24c6c3954c9b","Coomer's Towing","1064 E 16th St, Seymour, IN 47274","1064 E 16TH ST, SEYMOUR, IN, 47274","","38.976601753495,-85.874512514618","","in-state","census-manual-review","",""
"c1566ed5-05d1-41ec-b101-6fcb878c1d07","Exit 38 Truck Plaza (Shell)","1024 Highway 192 (192 Bypass), London, KY 40741","","","","","n/a","census-no-match","",""
"b621363d-e4d4-40c6-a04d-09e950264b12","TA Manning (TravelCenters of America #179)","3014 Paxville Hwy, Manning, SC 29102","3014 PAXVILLE HWY, MANNING, SC, 29102","","33.703695915505,-80.24219589024","","in-state","census-manual-review","",""
"34eeab35-566f-4210-befc-ef29c528d504","Holladay Shell (Holiday Shell)","13781 Highway 641 N, Holladay, TN 38341","13781 US HWY 641 N, HOLLADAY, TN, 38341","","35.838297392805,-88.085563278169","","in-state","census-manual-review","",""
"bf859b17-33b7-4fb7-995a-1d7cb462c529","Pilot Travel Center #360","11471 State Route 613 W, Findlay, OH 45840","11471 STATE RTE 613, FINDLAY, OH, 45840","","41.136892056018,-83.662306779609","","in-state","census-manual-review","",""
"805d280c-667d-4b63-8d21-4fad230696b2","Blue Beacon Truck Wash of Perrysburg","26525 Baker Dr, Perrysburg, OH 43551","26525 BAKER DR, PERRYSBURG, OH, 43551","","41.53830922807,-83.467710713497","","in-state","census-manual-review","",""
"08661573-91b9-49cf-9232-e8fed94860f0","Days Inn by Wyndham Forrest City","200 Holiday Dr, Forrest City, AR 72335","200 HOLIDAY DR, FORREST CITY, AR, 72335","","35.039158042809,-90.788181001461","","in-state","census-manual-review","",""
"aab7a84d-f5c3-436a-a8c4-5b3c181f2ed2","Love's Travel Stop #894","1025 SR 206 W, Saint Augustine, FL 32086","","","","","n/a","census-no-match","",""
"c4997c9e-6181-4948-843c-6aaec49240b4","Love's Truck Care #244","2050 Highway 70 E, Jackson, TN 38305","2050 HWY 70 E, JACKSON, TN, 38305","","35.677206471131,-88.745990336021","","in-state","census-manual-review","",""
"7de48d80-bca0-454b-b71e-71385ae9c6e5","Wildwood Truck Repair & Wrecker Service","1190 S Main St, Wildwood, FL","1190 S MAIN ST, WILDWOOD, FL, 34785","","28.840075278885,-82.045353279558","","in-state","census-manual-review","",""
"b1a240d4-a067-4094-83b1-6bd6fc63f308","Elite Trailer Sales & Service (Elite Truck and Tank Wash)","1800 Linder Industrial Dr, Nashville, TN 37209","1800 LINDER INDUSTRIAL DR, NASHVILLE, TN, 37209","","36.169304859861,-86.861962733678","","in-state","census-manual-review","",""
"4487c8c2-b9dc-4b24-bf94-e18b76de138e","Love's Travel Stop #225","16101 US Highway 84, Evergreen, AL 36401","","","","","n/a","census-no-match","",""
"10905c05-3522-4be3-892e-19218c42f507","Motor City Truck Plaza","377 S Schaefer Hwy, Detroit, MI 48217","","","","","n/a","census-no-match","",""
"05e3d706-abe8-45ac-9a05-7da2c4ddf937","CAT Scale at Flying J Lebanon #652","520 S State Rd 39, Lebanon, IN 46052","520 STATE RD 39, LEBANON, IN, 46052","","40.028762493335,-86.474076922418","","in-state","census-manual-review","",""
"38ffb2aa-c692-4376-9d7c-4b39e745845d","CAT Scale at ONE9 Travel Center Brinkley","2101 US Highway 49, Brinkley, AR 72021","","","","","n/a","census-no-match","",""
"0b661f90-b412-443b-920a-0e3e56a199aa","Crazy D's","13550 S US 231, Remington, IN 47977","13550 US HWY 231, REMINGTON, IN, 47977","","40.814932112346,-87.154306838008","","in-state","census-manual-review","",""
"bf9f7bff-15b9-4252-9fed-9818d877fafa","GTG Truck & Trailer Repair","16 W Washington Ave, Athens, TN 37303","16 E WASHINGTON AVE, ATHENS, TN, 37303","","35.442858648786,-84.593489699411","","in-state","census-manual-review","",""
"f2782741-1f25-47b4-b1e0-c5cdedcf20d8","Fleet Masters Truck & Trailer Repair of Arkansas","3821 S Arkansas Ave, Russellville, AR","3821 S ARKANSAS AVE, RUSSELLVILLE, AR, 72802","","35.239763202525,-93.139798092155","","in-state","census-manual-review","",""
"1c18704d-99b4-4644-865c-b0d740b9ccd5","Pilot Travel Center #149 (Flagship)","7720 Highway 222, Stanton, TN 38069","7720 STATE RTE 222, STANTON, TN, 38069","","35.39046904205,-89.411617858258","","in-state","census-manual-review","",""
"2701ec88-7347-4c3f-bd8d-080b9c8a2798","Truck Parking Club - 4287 S Indianapolis Rd, Whitestown","4287 S Indianapolis Rd, Whitestown, IN 46075","","","","","n/a","census-no-match","",""
"8edd2af2-0264-4f08-aa18-6eb37b42e1c1","Speedco - Love's Travel Stop #905, Beaverdam","416 Village Avenue, Beaverdam, OH 45808","","","","","n/a","census-no-match","",""
"42fe1af3-f619-4058-a721-afb10238dae3","CAT Scale at Pilot Travel Center #430","215 AR-331 N, Russellville, AR 72802","215 STATE HWY 331, RUSSELLVILLE, AR, 72802","","35.279647078317,-93.093691060785","","in-state","census-manual-review","",""
"3aa48c88-8252-4fc1-b386-64a39afeae7a","Motel 6 Nashville, TN - Airport","701 Stewarts Ferry Pike, Nashville, TN 37214","701 STEWARTS FERRY PIKE, NASHVILLE, TN, 37214","","36.154455788899,-86.626073820931","","in-state","census-manual-review","",""
"7edab277-0c0b-4498-a04d-3389926b0fe4","Pilot Travel Center #37","2962 E 500 N, Whiteland, IN 46184","2962 E 500 N, WHITELAND, IN, 46184","","39.550693774027,-86.045989237829","","in-state","census-manual-review","",""
"a72cd51e-255d-4126-a5b2-f3ec4e53e73a","Weigel's #80","910 Cosby Hwy, Newport, TN 37821","910 COSBY HWY, NEWPORT, TN, 37821","","35.949663819822,-83.201707272061","","in-state","census-manual-review","",""
"9c955780-f55e-47c3-b3d1-62781388e2af","TA Truck Service - Jacksonville South","1650 County Road 210 W, Saint Johns, FL 32259","1650 CO RD 210, SAINT JOHNS, FL, 32259","","30.066006229603,-81.495280459255","","in-state","census-manual-review","",""
"0fda85a9-364c-4541-99d7-fac38c8f755e","Pilot Travel Center #4562","2607 Scrubby Bluff Rd, Kingsland, GA 31548","2607 SCRUBBY BLUFF RD, KINGSLAND, GA, 31548","","30.760934622588,-81.658232854157","","in-state","census-manual-review","",""
"6de301f3-14ca-4c44-b816-1820cd9f4ae7","CAT Scale — Petro Stopping Center #323, Reddick","7401 W Highway 318, Reddick, FL 32686","7401 W HWY 318, REDDICK, FL, 32686","","29.41044976853,-82.239433016212","","in-state","census-manual-review","",""
"5a5fa4df-c324-4405-bdb6-977ffb7f01a5","Love's Travel Stop #317","770 Moores Ferry Rd, Skippers, VA 23879","770 MOORES FERRY RD, SKIPPERS, VA, 23879","","36.606302871099,-77.5604092107","","in-state","census-manual-review","",""
"455f776b-7681-45be-8604-fdb9593beb44","Flying J Travel Center #493","113 Motel Dr, Saint George, SC 29477","113 MOTEL DR, SAINT GEORGE, SC, 29477","","33.194744258076,-80.603365384261","","in-state","census-manual-review","",""
"f0129700-18d1-49cf-b92f-0be14a549686","Flying J Travel Center #627","2990 US Hwy 17 S, Brunswick, GA 31523","2990 US HWY 17, BRUNSWICK, GA, 31523","","31.139241572356,-81.578274504059","","in-state","census-manual-review","",""
"ea9dc82f-67a9-4e54-b0b9-10a0ebe33359","CAT Scale - Pilot Travel Center #602, Birmingham","224 Daniel Payne Dr, Birmingham, AL 35207","","","","","n/a","census-no-match","",""
"b8bff6ef-fb37-4415-9966-9e0ef40bbb4d","Pilot Travel Center #1047","4075 Jones Branch Rd, Jacksonville, FL 32219","4075 JONES RD, JACKSONVILLE, FL, 32220","","30.370988541261,-81.806829702563","","in-state","census-manual-review","",""
"58dc0ef3-dc55-42ec-9b42-3ddcad197aa8","CAT Scale at TA Elkton","1400 Elkton Road, Elkton, MD 21921","1400 ELKTON RD, ELKTON, MD, 21921","","39.645112591971,-75.797781715872","","in-state","census-manual-review","",""
"8c6afd87-8cac-4a4e-9490-fae510386cdf","Love's Travel Stop #603","400 Pecan Park Rd, Jacksonville, FL 32218","400 PECAN PARK RD, JACKSONVILLE, FL, 32218","","30.517650417499,-81.628507341852","","in-state","census-manual-review","",""
"b2af1bed-36cf-4497-8e3d-d2c2209fca12","Love's Travel Stop #740","409 Yemassee Hwy, Yemassee, SC 29945","","","","","n/a","census-no-match","",""
"55c80169-0830-4e29-806c-016c71a1087f","T & H Towing & Recovery","109 Taylor Rd, Corbin, KY 40701","109 TAYLOR RD, CORBIN, KY, 40701","","36.994849585305,-84.086766294637","","in-state","census-manual-review","",""
"c155ccb3-73d8-4cee-ab06-8be51125d95c","CAT Scale at Pilot Pleasant Hill","2032 NC-48, Pleasant Hill, NC 27866","2032 STATE RD 48, PLEASANT HILL, NC, 27866","","36.523859521809,-77.588397260298","","in-state","census-manual-review","",""
"ed11b1c5-d80c-4ffb-9d0a-f1fa26089b44","Smith & Solomon Commercial Driver Training - New Castle","217 Lisa Dr B, New Castle, DE 19720","217 LISA DR, NEW CASTLE, DE, 19720","","39.661118433985,-75.606640774979","","in-state","census-manual-review","",""
"bd6dadb7-6053-4d42-a0e9-028f9d319b5c","Love's Travel Stop #645","1609 Nadeau Rd, Monroe, MI 48162","1609 NADEAU RD, MONROE, MI, 48162","","41.964366843547,-83.345478101504","","in-state","census-manual-review","",""
"7123e9e2-c970-4da1-88d7-7cb1f4c40954","American Travel Center","3660 Canada Rd, Lakeland, TN 38002","3660 CANADA RD, LAKELAND, TN, 38002","","35.224969025487,-89.737548563184","","in-state","census-manual-review","",""
"34933f4a-2f1f-46aa-ae03-e94c7050a0a3","Love's Speedco #952 (Whiteland)","4804 N White St, Whiteland, IN 46184","","","","","n/a","census-no-match","",""
"8542de02-fe4f-41a4-adcb-40ddf3f6b340","CAT Scale - Love's Travel Stop #495, North Fort Myers","17308 Park 78 Dr, North Fort Myers, FL 33917","17308 PARK 78 DR, NORTH FORT MYERS, FL, 33917","","26.713675363748,-81.815939612436","","in-state","census-manual-review","",""
"6c5d6f67-da95-4378-a089-72e6b7a307c4","Love's Travel Stop #244","2050 Highway 70 E, Jackson, TN 38305","2050 HWY 70 E, JACKSON, TN, 38305","","35.677206471131,-88.745990336021","","in-state","census-manual-review","",""
"1e0c5c8d-b62b-4a4b-ba92-9da72d04e6d7","Blue Beacon Truck Wash of Brunswick","2752 US Highway 17 S, Brunswick, GA 31523","2752 US HWY 17, BRUNSWICK, GA, 31523","","31.134509119647,-81.566838395714","","in-state","census-manual-review","",""
"31584983-7e0f-4210-9f62-8cf69cc29ec4","CAT Scale — Petro Stopping Center #325, North Baltimore","12906 Deshler Rd, North Baltimore, OH 45872","12906 DESHLER RD, NORTH BALTIMORE, OH, 45872","","41.172673142559,-83.646261073437","","in-state","census-manual-review","",""
"c3dc2406-02fd-41e0-98fe-b38111f2f639","Blue Beacon Truck Wash (Petro West Memphis)","3904 Petro Dr, West Memphis, AR 72301","3904 PETRO RD, WEST MEMPHIS, AR, 72301","","35.153546806929,-90.135351512669","","in-state","census-manual-review","",""
"58ed9375-a7ad-4139-95ec-8c928564778c","Pilot Travel Center #4556 (Wildwood, 744 SR 44)","744 E State Road 44, Wildwood, FL 34785","","","","","n/a","census-no-match","",""
"54011c80-7ce2-44f4-b11a-f2b8985f9794","76 Truck Plaza (Truck Parking Club listing)","151 N Dogwood Dr, Berea, KY 40403","151 N DOGWOOD DR, BEREA, KY, 40403","","37.569670410859,-84.319762736024","","in-state","census-manual-review","",""
"e29487fb-5a70-43e2-9153-5df9b85f9b83","Truck Parking Club - R.C. Transport LLC (Athens)","417 East Avenue, Athens, TN 37303","417 EAST AVE, ATHENS, TN, 37303","","35.469758341497,-84.602551145453","","in-state","census-manual-review","",""
"1e5e8cf7-5200-430a-9b46-ba3712f54745","Saginaw Mobile Truck Repair","400 Federal Ave, Saginaw, MI 48607","400 FEDERAL AVE, SAGINAW, MI, 48607","","43.431564577596,-83.937032940297","","in-state","census-manual-review","",""
"7d145a52-2a8c-420b-87c8-5c8668bca4d9","Pilot Travel Center #293 (Ocala, SR 484)","2020 SW Highway 484, Ocala, FL 34473","2020 CO RD 484, OCALA, FL, 34473","","29.025441467641,-82.159194205299","","in-state","census-manual-review","",""
"0fd1e82b-0a8e-410b-9af9-8787d6ab89b8","TA Whitestown (TravelCenters of America #173)","5930 E State Road 334, Whitestown, IN 46075","","","","","n/a","census-no-match","",""
"c7360ace-11b4-4bf4-8710-85564f379abe","Beacon & Bridge Market - Mt Morris","4181 W Mount Morris Rd, Mount Morris, MI 48458","4181 W MOUNT MORRIS RD, MOUNT MORRIS, MI, 48458","","43.1189947983,-83.76016751098","","in-state","census-manual-review","",""
"394f5b7a-2970-453b-91d4-fc87c30a51a0","Flying J Travel Center #607","3400 Service Loop Rd, West Memphis, AR 72301","","","","","n/a","census-no-match","",""
"469dadae-9ba0-4f80-aacf-eb83ca8efc25","Colony Tire Corporation - Rocky Mount","1463 N Wesleyan Blvd, Rocky Mount, NC 27804","1463 N WESLEYAN BLVD, ROCKY MOUNT, NC, 27804","","35.978316311156,-77.791112190417","","in-state","census-manual-review","",""
"659aef3d-030d-4e6b-b626-74956b50d0b5","Truck Parking Club - 215 Basswood Ave (Dayton, bobtail/box)","215 Basswood Ave, Dayton, OH 45405","215 BASSWOOD AVE, DAYTON, OH, 45405","","39.789573103053,-84.208129056188","","in-state","census-manual-review","",""
"63726042-4b3b-41c2-a7e8-267af4a9285b","Pilot Travel Center #15","5820 Hagman Rd, Toledo, OH 43612","5820 HAGMAN RD, TOLEDO, OH, 43612","","41.723450492043,-83.508671506382","","in-state","census-manual-review","",""
"66990611-5600-4c2b-be68-7e14bc61820f","Holiday Inn Express & Suites Lonoke I-40 (Exit 175)","104 Dee Dee Lane, Lonoke, AR 72086","","","","","n/a","census-no-match","",""
"c98c8bbd-c96d-42dd-8250-6114418fac02","Shell Super Stop","4369 Highway 63 N, Hazen, AR","","","","","n/a","census-no-match","",""
"52615e2d-bbbe-45e7-8acc-4e95824179c8","Kenworth of Sellersburg (Palmer Trucks)","1503 Avco Blvd, Sellersburg, IN 47172","","","","","n/a","census-no-match","",""
"8a0b0dd8-8c92-495c-8eba-c6cdfc3eee63","Quality Truck & Auto Repair","546 Old Trinity Road, Decatur, AL 35601","546 OLD TRINITY RD, DECATUR, AL, 35601","","34.605017712884,-87.055089894479","","in-state","census-manual-review","",""
"4851db39-17a3-4025-877d-966353811088","Motel 6 West Memphis","2315 E Service Rd, West Memphis, AR 72301","","","","","n/a","census-no-match","",""
"c5a48945-a47e-4fd5-914d-84f308fce637","CAT Scale - Pilot Travel Center #94, Punta Gorda","26505 Jones Loop Rd, Punta Gorda, FL 33950","26505 JONES LOOP RD, PUNTA GORDA, FL, 33950","","26.894763778182,-82.009205933875","","in-state","census-manual-review","",""
"28ed1b57-596a-42e2-bcb7-55434d32fe02","Pilot Travel Center #441","3240 Point Mallard Parkway SE, Priceville, AL 35603","3240 POINT MALLARD PKWY SE, DECATUR, AL, 35603","","34.537288963942,-86.911220873697","","in-state","census-manual-review","",""
"51f35bd0-85e6-45f9-9360-71e5110f4c79","CAT Scale — Petro Knoxville #312, Knoxville (Watt Road)","722 Watt Rd, Knoxville, TN 37934","722 N WATT RD, KNOXVILLE, TN, 37934","","35.873713323085,-84.235994112488","","in-state","census-manual-review","",""
"7968ad6f-c140-4f4a-8ca9-a08ddc940203","CAT Scale at Love's Travel Stop #877","497 County Road 222, Cullman, AL 35055","497 CO RD 222, CULLMAN, AL, 35055","","34.130124664978,-86.864693928321","","in-state","census-manual-review","",""
"1339b41e-8930-4c32-a99c-832bffae406e","Stuckey's / Dairy Queen / Exxon of Old Fort","121 Parker Padgett Rd, Old Fort, NC 28762","121 PARKER PADGETT RD, OLD FORT, NC, 28762","","35.637669079666,-82.143918130485","","in-state","census-manual-review","",""
"dfc83f1a-51ce-4d8a-a0d4-15b3955ee28d","Circle K (Ringgold Travel Center)","11418 Hwy 41, Ringgold, GA 30736","","","","","n/a","census-no-match","",""
"245d9e0f-cb95-461e-822a-e458c03212ed","TA Wildwood (TravelCenters of America)","556 E State Road 44, Wildwood, FL 34785","","","","","n/a","census-no-match","",""
"2ec38723-669c-469b-9c6f-fd57a5df2d79","Super 8 by Wyndham Lexington/Hamburg Area (Winchester Rd)","2351 Buena Vista Rd, Lexington, KY 40505","2351 BUENA VISTA RD, LEXINGTON, KY, 40505","","38.041741825198,-84.421758011341","","in-state","census-manual-review","",""
"54d7e6d4-f558-42b6-af10-f87f0b9fe8e6","TA Truck Service - Monroe","1255 N Dixie Hwy, Monroe, MI 48162","1255 N DIXIE HWY, MONROE, MI, 48162","","41.925915909143,-83.363507557606","","in-state","census-manual-review","",""
"85a4e108-aa86-4a0f-8bd2-aa595ed5c6a2","Southern Tire Mart #230 - Knoxville","6110 Rutledge Pike, Knoxville, TN 37924","6110 RUTLEDGE PIKE, KNOXVILLE, TN, 37924","","36.035215379287,-83.840157757756","","in-state","census-manual-review","",""
"0f062a6c-091f-4f1f-a5b9-3a3876fd755a","Shell Oil of Clarksville","1306 S Rogers St, Clarksville, AR","1306 S ROGERS, CLARKSVILLE, AR, 72830","","35.451665326452,-93.465421289071","","in-state","census-manual-review","",""
"fef1dd1a-90de-48ea-b494-e652fbb84715","Hamilton Truck and Tire Service","635 Shepherd Drive, Cincinnati, OH 45215","635 SHEPHERD DR, CINCINNATI, OH, 45215","","39.238687784502,-84.464525401298","","in-state","census-manual-review","",""
"37c4007f-e708-43e7-9ec3-42a933595dfa","Love's Travel Stop #747","2241 Fair Rd, Sidney, OH 45365","2241 FAIR RD, SIDNEY, OH, 45365","","40.266052769091,-84.188123805107","","in-state","census-manual-review","",""
"775e2acd-8477-41d7-b7a8-eed2023f229f","Quick Truck Wash","43 Interstate Ave, Russellville, AR 72802","43 INTERSTATE LN, RUSSELLVILLE, AR, 72802","","35.283709060481,-93.087846514475","","in-state","census-manual-review","",""
"b8b8025b-b522-4eb1-90bc-ae35d7023de0","CAT Scale at Workman's Travel Center","3202 Pence Lane, Ozark, AR 72949","","","","","n/a","census-no-match","",""
"eb5cb560-c5f7-466b-89b0-4fb84dbf8ff5","CAT Scale at Flying J Kenly","1800 Princeton-Kenly Rd, Kenly, NC 27542","1800 PRINCETON KENLY RD, KENLY, NC, 27542","","35.575445652829,-78.14548972887","","in-state","census-manual-review","",""
"0590d8cb-a505-4dfe-bdd6-5ce120d04412","Blue Beacon Truck Wash of Little Rock","3210 Valentine Rd, North Little Rock, AR 72117","3210 E VALENTINE RD, NORTH LITTLE ROCK, AR, 72117","","34.82360690718,-92.096193389223","","in-state","census-manual-review","",""
"b338afed-6894-4b1b-b116-d1acae79348c","Holiday Inn Express & Suites Monroe (Cincinnati North)","120 Senate Drive, Monroe, OH 45050","120 SENATE DR, MONROE, OH, 45050","","39.440196136141,-84.330294178687","","in-state","census-manual-review","",""
"4f77aa49-f11e-4ebd-a86e-9c6290ec1ec1","Pilot Travel Center #114","2449 Genesis Rd, Crossville, TN 38571","2449 GENESIS RD, CROSSVILLE, TN, 38571","","35.985297908616,-85.011344876186","","in-state","census-manual-review","",""
"31718477-7df3-4315-ab74-52083054b6e5","TranSource Truck & Trailer Centers - Hickory/Newton","2870 Nathan St, Newton, NC 28658","2870 NATHAN ST, NEWTON, NC, 28658","","35.693240105044,-81.252826209975","","in-state","census-manual-review","",""
"a74a9bb2-0a9c-4427-89d6-22e8715c7b7e","CAT Scale at Pilot Florence (#62)","3006 N Williston Rd, Florence, SC","3006 N WILLISTON RD, FLORENCE, SC, 29506","","34.263222501587,-79.701286189724","","in-state","census-manual-review","",""
"1f226de3-a16d-434e-9db3-2cb86dbf9e31","Pilot Travel Center #91","1625 County Road 210 W, Saint Johns, FL 32259","1625 CO RD 210 W, SAINT JOHNS, FL, 32259","","30.066702764634,-81.494353139441","","in-state","census-manual-review","",""
"f1a4bce4-28a4-4400-a2cb-427d53dd0019","RecNation Storage - Nashville (Truck Parking)","1360 Pleasant Hill Rd, Nashville, TN 37214","1360 PLEASANT HILL RD, NASHVILLE, TN, 37214","","36.123259014152,-86.633980527754","","in-state","census-manual-review","",""
"69f1f244-c4c0-480b-9e95-f1b02554cb6b","ONE9 Travel Center (Pilot Company)","2101 US Highway 49, Brinkley, AR 72021","","","","","n/a","census-no-match","",""
"36d48fe4-d2ce-4d99-987a-9e8341644b7a","Petro Stopping Center #344 (TA/Petro Kingsland)","1105 E King Ave, Kingsland, GA 31548","1105 E KING AVE, KINGSLAND, GA, 31548","","30.793860202813,-81.667698752933","","in-state","census-manual-review","",""
"0c0c4cac-8771-4987-becf-d13a6fb414e6","CAT Scale — Love's Travel Stop #618, Sadieville","313 Porter Rd, Sadieville, KY 40370","313 PORTER RD, SADIEVILLE, KY, 40370","","38.379233472354,-84.572018709181","","in-state","census-manual-review","",""
"20ea502e-9d1f-43e3-b369-520d35c38c5f","Petro Stopping Center #311 (Petro West Memphis)","3900 Petro Rd, West Memphis, AR 72301","3900 PETRO RD, WEST MEMPHIS, AR, 72301","","35.153545845394,-90.135533977569","","in-state","census-manual-review","",""
"76f653aa-907b-4800-865a-1dd03003185a","Pilot Travel Center #95 (Wildwood, 493 SR 44)","493 E State Road 44, Wildwood, FL 34785","493 STATE HWY 44, WILDWOOD, FL, 34785","","28.874211113164,-82.094980770734","","in-state","census-manual-review","",""
"22e3b5de-964b-4b46-84a0-cbc8d5e0d746","Speedway #7115","7420 Bonny Oaks Dr, Chattanooga, TN 37421","7420 BONNY OAKS DR, CHATTANOOGA, TN, 37421","","35.062042119913,-85.137440117244","","in-state","census-manual-review","",""
"065b431c-e56b-493b-a68a-b9ba7e309d23","TA Truck Service - Petro West Memphis","3900 Petro Rd, West Memphis, AR 72301","3900 PETRO RD, WEST MEMPHIS, AR, 72301","","35.153545845394,-90.135533977569","","in-state","census-manual-review","",""
"5e8660b1-0553-413a-b271-9bdf78f09202","CAT Scale — Pilot Travel Center #15, Toledo","5820 Hagman Rd, Toledo, OH 43612","5820 HAGMAN RD, TOLEDO, OH, 43612","","41.723450492043,-83.508671506382","","in-state","census-manual-review","",""
"f5df54e7-201d-46d2-8b7b-9127d43ac8c5","Bill Morgan Tire Company","2245 Frankfort Ct, Lexington, KY","2245 FRANKFORT CT, LEXINGTON, KY, 40510","","38.065263615996,-84.55066416608","","in-state","census-manual-review","",""
"fe6917b6-5da4-42db-a6ab-e533a1101e62","Love's Travel Stop #363 (Ocala)","7791 NW 47th Ave, Ocala, FL 34482","","","","","n/a","census-no-match","",""
"e45cdd5c-1081-4859-b540-5a800714c6f9","Columbia Fleet Service, Inc.","7661 Assateague Drive, Jessup, MD 20794","7661 ASSATEAGUE DR, JESSUP, MD, 20794","","39.161451243972,-76.781970489777","","in-state","census-manual-review","",""
"5527d376-b806-4a10-bc75-0478c35672d0","Pilot Travel Center #284 - Monroe","1200 Nadeau Rd, Monroe, MI 48161","1200 NADEAU RD, MONROE, MI, 48162","","41.964225609895,-83.353697470312","","in-state","census-manual-review","",""
"d633d094-cbd4-47a2-86d1-ca8aaa96a78e","TNT Services Truck Wash","11910 Mosteller Road, Sharonville, OH 45241","11910 MOSTELLER RD, SHARONVILLE, OH, 45241","","39.291517701428,-84.428681799342","","in-state","census-manual-review","",""
"2b1f5234-36bf-413f-8c40-3c9836ada6bd","CAT Scale at Uncle Pete's Truck Stop","1210 Sparta Pike, Lebanon, TN 37090","1210 SPARTA PIKE, LEBANON, TN, 37090","","36.185185823251,-86.266894269","","in-state","census-manual-review","",""
"22ab6bbc-2890-4b91-bb54-c04c6dd80a89","Wildwood Truck Wash","422 E State Road 44, Wildwood, FL 34785","","","","","n/a","census-no-match","",""
"f1d1bc65-60ea-43df-87b4-266985431b30","Southern Tire Mart #165","4600 Fulton Industrial Blvd SW, Atlanta, GA 30336","4600 FULTON INDUSTRIAL BLVD SW, ATLANTA, GA, 30336","","33.761334423557,-84.536920102099","","in-state","census-manual-review","",""
"8bb903e1-31e5-49e4-a4c0-26bfbb21cc7e","Walker Tire (Bill Walker Tire Centers)","529 Emma Rd, Asheville, NC 28806","529 EMMA RD, ASHEVILLE, NC, 28806","","35.595809168971,-82.591957303817","","in-state","census-manual-review","",""
"5330fe76-dd64-4b5b-b8d6-aca559036526","CAT Scale at Flying J Latta","111 Mill Branch Rd, Latta, SC 29565","111 MILL BRANCH RD, LATTA, SC, 29565","","34.336134968871,-79.536737009302","","in-state","census-manual-review","",""
"c63db5dc-8787-4c30-b828-16e6ea586188","TA Truck Service - Seymour","2636 E Tipton St, Seymour, IN 47274","2636 E TIPTON ST, SEYMOUR, IN, 47274","","38.958206047419,-85.836804007177","","in-state","census-manual-review","",""
"0d9f969f-916e-40b3-a489-b04d8e20ad2d","Road Ranger Travel Center","2202 N Main St, Brinkley, AR 72021","2202 N MAIN ST, BRINKLEY, AR, 72021","","34.912366347576,-91.19562970723","","in-state","census-manual-review","",""
"e808cd20-757a-42c2-b9ed-fbf02e964b3e","Best-One Tire of Knoxville","5407 N Middlebrook Pike, Knoxville, TN 37921","5407 N MIDDLEBROOK PIKE, KNOXVILLE, TN, 37921","","35.95697791527,-84.004028665212","","in-state","census-manual-review","",""
"cb524d9b-af29-4607-bf18-07d0c7c13b50","Creek Travel Plaza (Creek Travel Stores - Poarch)","4740 Jack Springs Rd, Atmore, AL 36502","4740 JACK SPRINGS RD, ATMORE, AL, 36502","","31.085734749372,-87.538271097635","","in-state","census-manual-review","",""
"0e42a2e6-13be-43c8-abe1-1ae11efdd4ae","Duncan Road Shell","6117 Duncan Rd, Punta Gorda, FL","6117 DUNCAN RD, PUNTA GORDA, FL, 33950","","26.943481994472,-82.010761265343","","in-state","census-manual-review","",""
"989e6437-46b1-45ce-a5b2-7f7d4d0cb18a","Pilot Travel Center #4584","1504 SC-38, Latta, SC 29565","1504 HWY 38 W, LATTA, SC, 29565","","34.346187951127,-79.537043711818","","in-state","census-manual-review","",""
"7500cfb3-d609-4280-9869-356cb5588398","Pilot Travel Center #94","26505 Jones Loop Rd, Punta Gorda, FL 33950","26505 JONES LOOP RD, PUNTA GORDA, FL, 33950","","26.894763778182,-82.009205933875","","in-state","census-manual-review","",""
"3029ff4b-9279-4724-8b75-af63b0f9fb38","Mapco Express #3155","202 Highway 75 N, Heth, AR 72346","202 STATE HWY 75, HETH, AR, 72346","","35.127454587425,-90.547856615254","","in-state","census-manual-review","",""
"da83466d-8e10-4c23-921e-64ac29ad5ecd","Shady Lawn Truck Stop Tire & Repair","1371 Bryson Road, Elkton, TN 38449","1371 BRYSON RD, ARDMORE, TN, 38449","","35.083329377587,-86.881838147901","","in-state","census-manual-review","",""
"8947e3ea-dd2f-43ea-bdde-41c3864cbfb6","CAT Scale — Pilot Travel Center #500, Jasper","8067 FL-6, Jasper, FL 32052","8067 STATE HWY 6, JASPER, FL, 32052","","30.516203693783,-83.059883359084","","in-state","census-manual-review","",""
"f37bfd46-6973-4cb1-bbb9-4990d6125418","Donerail Travel Center","4550 Iron Works Pike, Lexington, KY 40511","4550 IRON WORKS PIKE, LEXINGTON, KY, 40511","","38.148790543421,-84.540678557012","","in-state","census-manual-review","",""
"ad99dad8-e471-4f54-b766-0faf074cb337","Crossroads Truck Wash & Polishing","4201 Petro Dr, West Memphis, AR 72301","4201 PETRO RD, WEST MEMPHIS, AR, 72301","","35.153432215376,-90.131346243219","","in-state","census-manual-review","",""
"86f3090a-0f4e-4103-a7c5-befcbd96aa85","Love's Truck Care - Baxter","110 Fast Ln, Baxter, TN 38544","","","","","n/a","census-no-match","",""
"e5d31239-bc34-4fc5-8cdd-8446053077a2","CAT Scale — Love's Travel Stop #718, Hope Hull","1127 Tyson Rd, Hope Hull, AL 36043","1127 TYSON RD, HOPE HULL, AL, 36043","","32.195482896683,-86.416462569345","","in-state","census-manual-review","",""
"5c78823e-ad8c-4072-a019-f167a2846019","CAT Scale (at Flying J Travel Center #656)","82 White St, Whiteland, IN 46184","","","","","n/a","census-no-match","",""
"7814b01a-0e7a-4500-a515-e265c22c0e26","Tennessee Welcome Center - Hartford / Cocke County (I-40 Westbound)","3116 Noble Way, Hartford, TN 37753","3116 NOBLE RD, HARTFORD, TN, 37753","","35.815847336364,-83.144375409883","","in-state","census-manual-review","",""
"ae07d309-759d-4ad4-bf96-96cc0f8f3ebe","TA Truck Service at Petro Dodge City","426 AL Highway 69 S, Hanceville, AL 35077","426 ALABAMA AVE SE, HANCEVILLE, AL, 35077","","34.059977663114,-86.748677604295","","in-state","census-manual-review","",""
"0b34c58e-1c6e-4138-a978-f49cbf546920","CAT Scale — Love's Travel Stop #470, Jasper","11459 SW 61st Way, Jasper, FL 32052","","","","","n/a","census-no-match","",""
"b90f8a31-7e91-45ae-beb4-814184f70330","Super 8 by Wyndham Metropolis","2055 E 5th St, Metropolis, IL 62960","","","","","n/a","census-no-match","",""
"1fabdfbe-abcc-4db1-b41b-dec1fa3d3fa7","Truck Parking Club - 1333 Matzinger Rd / Ironhorn Enterprises (Toledo)","1333 Matzinger Rd, Toledo, OH 43612","1333 MATZINGER RD, TOLEDO, OH, 43612","","41.709416538302,-83.515285063933","","in-state","census-manual-review","",""
"1d82a098-865a-4a0a-9c55-c56dc2c9feee","Truck Parking Club - 3350 Stop 8 Rd (Dayton)","3350 Stop 8 Rd, Dayton, OH 45414","3350 STOP EIGHT RD, DAYTON, OH, 45414","","39.834460660897,-84.18610819848","","in-state","census-manual-review","",""
"22cffdfb-5e39-47fe-98ce-884b5739ea6c","Love's Truck Care #369","2971 Highway 48 S, Dickson, TN 37055","2971 STATE RTE 48 S, DICKSON, TN, 37055","","35.990800182928,-87.488846285598","","in-state","census-manual-review","",""
"ee131041-98e4-4917-a09b-dcdca1d5ed0c","RecNation Storage - Ruskin (Truck Parking)","1415 3rd St NE, Ruskin, FL 33570","","","","","n/a","census-no-match","",""
"49310225-476e-403f-bc11-b296444ee454","Pilot Travel Center #1063","3365 Sugar Hill Rd, Marion, NC 28752","3365 SUGAR HILL RD, MARION, NC, 28752","","35.643201358525,-82.039999793667","","in-state","census-manual-review","",""
"b2169613-5952-4904-a0f4-104f9c4d8e8e","CAT Scale at TA Seymour","2636 E Tipton St, Seymour, IN 47274","2636 E TIPTON ST, SEYMOUR, IN, 47274","","38.958206047419,-85.836804007177","","in-state","census-manual-review","",""
"8e2421bd-15c8-49f2-8442-874641d24719","Love's Travel Stop #743","6560 Dixie Hwy, Bridgeport, MI 48722","6560 DIXIE HWY, BRIDGEPORT, MI, 48722","","43.348942523957,-83.861064637933","","in-state","census-manual-review","",""
"d77a0666-bf9e-43fc-a772-cd7f0f5fa821","Nebo Truck Stop","31 Lawing Dr, Nebo, NC 28761","31 LAWING DR, NEBO, NC, 28761","","35.686005671749,-81.9118908984","","in-state","census-manual-review","",""
"62263317-c71c-47d6-90ed-4682b92baeb5","Alma Travel Mart","300 US Highway 71 N, Alma, AR 72921","300 HWY 71 N, ALMA, AR, 72921","","35.487699262068,-94.225960745017","","in-state","census-manual-review","",""
"9286ea5b-259f-47ce-a075-eec19375191e","Quality Inn West Memphis I-40","1009 E Service Rd, West Memphis, AR 72301","","","","","n/a","census-no-match","",""
"0ecffefe-7964-4da6-9052-c230adc0a249","Flying J Travel Center #695","420 East Main Street, Beaverdam, OH 45808","420 E MAIN ST, BEAVERDAM, OH, 45808","","40.833060844393,-83.965796165022","","in-state","census-manual-review","",""
"f9f1eb0f-d38e-413b-9bae-aba854b9cd7d","Comfort Inn & Suites Fultondale Gardendale I-65","1733 Fulton Road, Fultondale, AL 35068","1733 FULTON RD, FULTONDALE, AL, 35068","","33.609118559398,-86.807674585979","","in-state","census-manual-review","",""
"4db7dcbe-4283-4be8-a997-167b7bd9582e","Best Western Conway","816 E Oak St, Conway, AR 72032","816 E OAK ST, CONWAY, AR, 72032","","35.091605375622,-92.419769429823","","in-state","census-manual-review","",""
"5ee50208-ea02-4cbd-8477-5f7469cc0385","Love's Truck Care / Speedco - Love's Travel Stop #321, Corbin","222 KY-770, Corbin, KY 40701","","","","","n/a","census-no-match","",""
"d9b21d1e-9b63-4247-a604-ba390a3bc630","Econo Lodge Berea","254 Paint Lick Rd, Berea, KY 40403","254 PAINT LICK RD, BEREA, KY, 40403","","37.568959970428,-84.318149857429","","in-state","census-manual-review","",""
"588ee9e4-f2de-4961-9cc4-ed1186a74a73","Elkton Lodge","200 Belle Hill Road, Elkton, MD 21921","200 BELLE HILL RD, ELKTON, MD, 21921","","39.635779497835,-75.806643433894","","in-state","census-manual-review","",""
"6b1c4dcd-2806-4c11-aa60-413a867dfa8c","Anna Truck Stop","14262 SR-119 (OH-119), Anna, OH 45302","14262 STATE RTE 119, ANNA, OH, 45302","","40.39511516993,-84.158620061671","","in-state","census-manual-review","",""
"8e45129e-f0ee-4934-b400-229304cf6cd1","Days Inn by Wyndham Richmond","2109 Belmont Dr, Richmond, KY 40475","2109 BELMONT DR, RICHMOND, KY, 40475","","37.777213105141,-84.318867417521","","in-state","census-manual-review","",""
"7612bd4d-3c89-4824-8916-ea651a1caf95","CAT Scale (at Pilot Travel Center #37)","2962 E 500 N, Whiteland, IN 46184","2962 E 500 N, WHITELAND, IN, 46184","","39.550693774027,-86.045989237829","","in-state","census-manual-review","",""
"f91d1114-a109-48b5-9b5e-1aa96591f8ae","CAT Scale at Flying J St. George","113 Motel Dr, Saint George, SC 29477","113 MOTEL DR, SAINT GEORGE, SC, 29477","","33.194744258076,-80.603365384261","","in-state","census-manual-review","",""
"3a315155-9a8c-4d6f-8c1c-d3373bd4865e","CAT Scale at Pilot Travel Center #1063","3365 Sugar Hill Rd, Marion, NC 28752","3365 SUGAR HILL RD, MARION, NC, 28752","","35.643201358525,-82.039999793667","","in-state","census-manual-review","",""
"e658a6a0-f52b-417f-8d24-7fc5fe4b8458","Uncle Pete's Truck Wash","1210 Sparta Pike, Lebanon, TN 37090","1210 SPARTA PIKE, LEBANON, TN, 37090","","36.185185823251,-86.266894269","","in-state","census-manual-review","",""
"8efeac67-b7ef-4e1b-8f82-977316b3137a","Simmons Travel Plaza","1589 Skippers Rd, Emporia, VA 23847","","","","","n/a","census-no-match","",""
"adde99fe-b99d-4c75-b0a1-979badd7595b","Speedway #9651 (ONE9 Fuel Network)","5360 Athens Boonesboro Rd, Lexington, KY 40509","5360 ATHENS BOONESBORO RD, LEXINGTON, KY, 40509","","37.964324192097,-84.391653852618","","in-state","census-manual-review","",""
"4f5b08c4-ff4d-4c48-b881-6d1ae8d9383f","Days Inn by Wyndham Hurricane Mills","15415 Highway 13 S, Hurricane Mills, TN 37078","15415 HWY 13 S, HURRICANE MILLS, TN, 37078","","35.890738731214,-87.792142840786","","in-state","census-manual-review","",""
"8c540454-72fe-46ce-b5ab-41d5583a2812","CAT Scale (at Road Ranger Travel Center)","1615 E Main St, Greenwood, IN 46143","1615 E MAIN ST, GREENWOOD, IN, 46143","","39.614496142476,-86.070757977739","","in-state","census-manual-review","",""
"f92acc99-4e8c-4f4a-9eb4-3953a57aae4f","TA Truck Service - Candler","153 Wiggins Rd, Candler, NC 28715","153 WIGGINS RD, CANDLER, NC, 28715","","35.544525627205,-82.755393036071","","in-state","census-manual-review","",""
"4550e5f0-f0c6-4977-97f4-84e88e7b607f","Complete Towing & Repair","13050 Walton Verona Rd, Walton, KY 41094","13050 WALTON-VERONA RD, WALTON, KY, 41094","","38.857424374844,-84.624439385263","","in-state","census-manual-review","",""
"8cb9aef4-4c5d-438f-9b3d-2135401b5137","Days Inn by Wyndham Conover-Hickory","1710 Fairgrove Church Rd, Conover, NC 28613","1710 FAIRGROVE CHURCH RD, CONOVER, NC, 28613","","35.700012988687,-81.261949576448","","in-state","census-manual-review","",""
"f31f9d24-b631-4513-869b-d943b30882d3","Love's Travel Stop #467","200 S Kings Hwy, Fort Pierce, FL 34945","200 S KINGS HWY, FORT PIERCE, FL, 34945","","27.446384941573,-80.398984649828","","in-state","census-manual-review","",""
"062c24f7-7145-41f3-97f7-431b2d8965b3","Pilot Travel Center #6990","1000 Truckstop Rd, Kenly, NC 27542","","","","","n/a","census-no-match","",""
"261a3522-4245-43c2-98c9-31a3856a7650","Red Roof Inn Findlay","1600 Fox Street, Findlay, OH 45840","1600 FOX ST, FINDLAY, OH, 45840","","41.059724342045,-83.661896699529","","in-state","census-manual-review","",""
"5c20a67d-267d-4868-aba5-210a14624dbc","TA Truck Service - Petro Ocala","7401 W Hwy 318, Reddick, FL 32686","7401 W HWY 318, REDDICK, FL, 32686","","29.41044976853,-82.239433016212","","in-state","census-manual-review","",""
"1f7194fb-6df2-483c-b775-ff8cef29738c","CAT Scale at Love's Dillon","1911 Highway 34 W, Dillon, SC 29536","1911 HWY 34 W, DILLON, SC, 29536","","34.419969213674,-79.415871791251","","in-state","census-manual-review","",""
"1d1a2d76-46d8-46cc-9759-a9da44e2e53b","CAT Scale at Flying J Travel Center (Hebron)","3231 E 181st Ave, Hebron, IN 46341","3231 E 181ST AVE, HEBRON, IN, 46341","","41.289245614891,-87.310993104096","","in-state","census-manual-review","",""
"f65fd2ef-14d5-456f-a937-bbf3750c87b9","Pilot Travel Center #290","31 Heather Lane, Perryville, MD 21903","31 HEATHER LN, PERRYVILLE, MD, 21903","","39.588707104064,-76.065985735843","","in-state","census-manual-review","",""
"48651de0-1c89-4102-a039-e0703af156ec","Snider Fleet Solutions - Knoxville","10324 Cogdill Rd, Knoxville, TN 37932","10324 COGDILL RD, KNOXVILLE, TN, 37932","","35.911662062711,-84.130286301124","","in-state","census-manual-review","",""
"fb6a3d1d-098f-4dc5-92cb-f5c128c1edc8","CAT Scale at Pilot Travel Center #114","2449 Genesis Rd, Crossville, TN 38571","2449 GENESIS RD, CROSSVILLE, TN, 38571","","35.985297908616,-85.011344876186","","in-state","census-manual-review","",""
"4788aa99-bbfe-4f81-b826-788e02ee475c","Southern Tire Mart at Pilot - Ocala","4080 W Hwy 326, Ocala, FL 34482","4080 CO RD 326, OCALA, FL, 34475","","29.266827690062,-82.190780756675","","in-state","census-manual-review","",""
"83eb8512-0dd4-42b4-84e2-f49e5a9c4ff9","CAT Scale at Love's Travel Stop #791","13820 Highway 641 N, Holladay, TN 38341","13820 US HWY 641 S, HOLLADAY, TN, 38341","","35.860465948083,-88.084510273589","","in-state","census-manual-review","",""
"866d463e-0f44-43fe-984f-33291dd073f0","CAT Scale — TA Montgomery, Montgomery","980 W South Blvd, Montgomery, AL 36105","","","","","n/a","census-no-match","",""
"f97ef111-f094-422a-bc61-7362a0a27d26","Flying J Travel Center #683","1800 Princeton-Kenly Rd, Kenly, NC 27542","1800 PRINCETON KENLY RD, KENLY, NC, 27542","","35.575445652829,-78.14548972887","","in-state","census-manual-review","",""
"b5213d8a-633f-4d73-9172-7ec041bc1cc0","Speedco at Love's Travel Stop #759","3404 Highway 63 N, Hazen, AR 72064","","","","","n/a","census-no-match","",""
"9d5b4987-bd0e-4332-ae57-b774ca5ee801","Flying J Travel Center #622","100 N Kings Hwy, Fort Pierce, FL 34945","100 N KINGS HWY, FORT PIERCE, FL, 34945","","27.447890486645,-80.398967254768","","in-state","census-manual-review","",""
"0e545ab7-6774-47b5-8f58-30d40f795728","Sheetz #804","310 Chicken Foot Rd, Hope Mills, NC 28348","","","","","n/a","census-no-match","",""
"76c7094c-a57d-4c9f-9232-1343eead5d58","Truck Parking Club lot - 6906 AR-124","6906 AR-124, Russellville, AR 72802","6906 STATE HWY 124, RUSSELLVILLE, AR, 72802","","35.332714272798,-93.061197424988","","in-state","census-manual-review","",""
"3e75627b-f631-421e-ae02-45d39777a67b","Conway Diesel Service — Evergreen","100 Conway Ln, Evergreen, AL 36401","","","","","n/a","census-no-match","",""
"f4a45b66-b93f-4bd1-b87c-c78b92510cc3","Direct Wash Out (Direct Inc.)","3703 Mountain Valley Road, Priceville, AL 35603","3703 MOUNTAIN VALLEY RD, DECATUR, AL, 35603","","34.533907462935,-86.912304191126","","in-state","census-manual-review","",""
"66f48a5d-4b79-4673-a245-f44828333bca","Days Inn & Suites by Wyndham Brinkley","1815 N Main St, Brinkley, AR 72021","1815 N MAIN ST, BRINKLEY, AR, 72021","","34.909286170607,-91.196807251317","","in-state","census-manual-review","",""
"1973618e-b3f4-4ef1-a494-e982fb8aeac3","TruckParkingClub - Taylor (24420 Pennsylvania Rd)","24420 Pennsylvania Rd, Taylor, MI 48180","24420 PENNSYLVANIA RD, TAYLOR, MI, 48180","","42.18333975059,-83.271488545568","","in-state","census-manual-review","",""
"0244b320-2bb1-4d47-a16f-53da1663fa6b","CAT Scale at Pilot Travel Center #411","921 Murfreesboro Rd, Lebanon, TN 37090","921 MURFREESBORO RD, LEBANON, TN, 37090","","36.179244563384,-86.300333799266","","in-state","census-manual-review","",""
"f7863403-1639-472e-b903-9988f0e87e7d","Travel Inn Hazen","1306 E Mammoth St, Hazen, AR 72064","1306 MAMMOTH RD, HAZEN, AR, 72064","","34.816406057864,-91.566130208439","","in-state","census-manual-review","",""
"38aadae7-1aa0-4cf4-a426-5d7659174852","SAGE Truck Driving School at Nash Community College","522 N Old Carriage Rd, Rocky Mount, NC 27804","522 N OLD CARRIAGE RD, ROCKY MOUNT, NC, 27804","","35.984517792744,-77.900916210632","","in-state","census-manual-review","",""
"7dd25bf6-0e6b-40f2-b2f8-6f84541b781f","Pat's Tire","1915 Church St, West Palm Beach, FL 33409","1915 CHURCH ST, WEST PALM BEACH, FL, 33409","","26.70518748645,-80.082410420328","","in-state","census-manual-review","",""
"a07fae97-fa99-4f05-9ce1-7ce68d531e5a","CAT Scale at Love's Travel Stop #244","2050 Highway 70 E, Jackson, TN 38305","2050 HWY 70 E, JACKSON, TN, 38305","","35.677206471131,-88.745990336021","","in-state","census-manual-review","",""
"bd45a0c6-862a-4c3b-a2ae-8ef2a07781c2","Asheville Weigh Station (NC State Highway Patrol)","I-40 eastbound and westbound, approx. 12 miles west of Asheville (Buncombe County), Asheville, NC","","","","","n/a","census-no-match","",""
"ab64b757-a841-4754-b0cf-0d36aa10087c","CAT Scale — Pilot Travel Center #24, Monroe","1100 N Dixie Hwy, Monroe, MI 48162","1100 N DIXIE HWY, MONROE, MI, 48162","","41.925022291195,-83.366859286566","","in-state","census-manual-review","",""
"b23b7bb8-2aab-4205-bdd6-173a12dd5b3e","Noble's Restaurant and Truck Stop","1065 Owenton Rd, Corinth, KY 41010","","","","","n/a","census-no-match","",""
"06f08845-dcc4-42ec-ba62-5d3c2c28faa6","Truck Parking Club - Marr Rd Lot","5610 N Marr Rd, Columbus, IN","5610 MARR RD, COLUMBUS, IN, 47203","","39.257327723464,-85.884303752992","","in-state","census-manual-review","",""
"a18196bd-7c30-48c5-854d-f9a588f7fe5e","CAT Scale at Love's Travel Stop #450","800 Martin Luther King Dr, West Memphis, AR 72301","800 MARTIN LUTHER KING JR DR, WEST MEMPHIS, AR, 72301","","35.153718414176,-90.137692776598","","in-state","census-manual-review","",""
"b2d64c85-4150-4bf2-a7ed-a8f2d9ea31f4","CAT Scale at Flying J Carmel Church","23866 Rogers Clark Blvd, Ruther Glen, VA 22546","23866 ROGERS CLARK BLVD, RUTHER GLEN, VA, 22546","","37.938439878707,-77.466778515929","","in-state","census-manual-review","",""
"bd4ef3ee-4a8d-48f5-bb60-aaa6dddd648d","TA Truck Service - TA Wapakoneta #082, Wapakoneta","1775 Bellefontaine St, Wapakoneta, OH 45895","1775 BELLEFONTAINE ST, WAPAKONETA, OH, 45895","","40.561608403968,-84.171437352605","","in-state","census-manual-review","",""
"5bb26e5f-300b-4e53-856d-4e29876dee0e","Fuel Mart of America","335 S Schaefer Hwy, Detroit, MI 48217","","","","","n/a","census-no-match","",""
"8518cd23-a383-4308-bf0a-48a23448d54d","Mackinaw City Citgo","14992 N Mackinaw Hwy, Mackinaw City, MI","","","","","n/a","census-no-match","",""
"b8ce0ae0-c912-4c87-b0e1-07c85abfbae3","Best-One Tire & Service of Lima","1400 E Kibby St, Lima, OH 45804","1400 E KIBBY ST, LIMA, OH, 45804","","40.730509020287,-84.080769778377","","in-state","census-manual-review","",""
"d19be5c3-65f2-471d-9281-0cfeeaa8ceb0","TA Franklin (TravelCenters of America #157)","4400 Peytonsville Road, Franklin, TN 37064","4400 PEYTONSVILLE RD, FRANKLIN, TN, 37064","","35.85896303141,-86.82622962743","","in-state","census-manual-review","",""
"bf442593-3ba3-4d1b-b752-64b98bbf4d0f","Truck Parking Club - 11758 Township Rd 100 (Findlay)","11758 Township Rd 100, Findlay, OH 45840","11758 TWP RD 100, FINDLAY, OH, 45840","","41.09521555629,-83.654126130306","","in-state","census-manual-review","",""
"904bda8d-b42d-49ce-88d2-5b2fd4ca4191","Petro Stopping Center #323 (Ocala / Reddick)","7401 W Highway 318, Reddick, FL 32686","7401 W HWY 318, REDDICK, FL, 32686","","29.41044976853,-82.239433016212","","in-state","census-manual-review","",""
"3c6b703c-e8bb-418c-902c-1733badf33f6","TA Truck Service at Petro Remington","4230 W US Hwy 24, Remington, IN 47977","4230 US HWY 24, REMINGTON, IN, 47977","","40.765833656181,-87.125352712891","","in-state","census-manual-review","",""
"813c39be-1860-413a-8aaf-86ca8b26e8a3","Super 8 by Wyndham Ocala I-75","3924 W Silver Springs Blvd, Ocala, FL 34482","","","","","n/a","census-no-match","",""
"bae44b4e-68ae-41f8-a15f-219606517dbf","CAT Scale at Pilot Travel Center (Burr Street, Gary)","2501 Burr St, Gary, IN 46406","2501 BURR ST, GARY, IN, 46406","","41.57345062487,-87.403375915921","","in-state","census-manual-review","",""
"943d41c1-4b32-41d2-b585-af228ee8277b","Mount Vernon Fuel Center","2480 S Wilderness Rd (US-25), Mount Vernon, KY 40456","2480 S WILDERNESS RD, MOUNT VERNON, KY, 40456","","37.339390126948,-84.29910001519","","in-state","census-manual-review","",""
"289a8cee-2feb-4452-9a37-b821e45c8d48","Truck Parking Club - Cookeville (Salem Rd)","1602 Salem Rd, Cookeville, TN","1602 SALEM RD, COOKEVILLE, TN, 38506","","36.124922026188,-85.478948321328","","in-state","census-manual-review","",""
"c2da6e30-1a23-4b1a-9160-4a8687518b3b","On Call Tire Service","679 Hwy 365, Mayflower, AR 72106","679 STATE HWY 365, MAYFLOWER, AR, 72106","","34.951863938557,-92.424350335589","","in-state","census-manual-review","",""
"5e45aa1a-47fd-49c7-a562-fffd0cb426b4","Clem Tire","908 E Highway 72, Athens, AL 35611","908 US HWY 72 E, ATHENS, AL, 35611","","34.788364591496,-86.963625818448","","in-state","census-manual-review","",""
"f53939a7-5718-4d0b-b511-3ab367de0fa7","Arkansas Welcome Center at West Memphis","704 E Service Rd N, West Memphis, AR 72303","","","","","n/a","census-no-match","",""
"1fbc776a-057a-4370-96e9-bc049b0385a8","CAT Scale — Pilot Travel Center #92, Ocala","4255 NW Highway 326, Ocala, FL 34482","4255 CO RD 326, OCALA, FL, 34482","","29.267063285242,-82.191806580668","","in-state","census-manual-review","",""
"31e4c5c3-a520-47b8-9637-1e859c65c9a9","West Memphis Diesel & Truck Repair","604 Balfour Rd, West Memphis, AR 72301","604 BALFOUR RD, WEST MEMPHIS, AR, 72301","","35.163687698739,-90.197714948157","","in-state","census-manual-review","",""
"f43b9f5a-d148-4094-b93f-53b27d80ac5f","Charlie's Country Corner (Fick & Sons)","5800 Nelson A Miles Pkwy, Grayling, MI 49738","5800 NELSON A MILES PKWY, GRAYLING, MI, 49738","","44.600632682237,-84.712409808336","","in-state","census-manual-review","",""
"5ff985fa-b430-487b-8217-485a94e97d7d","CAT Scale at Petro Stopping Center #326","3205 Valentine Rd, North Little Rock, AR 72117","","","","","n/a","census-no-match","",""
"e806b433-adca-47ef-a552-5a19b5070417","Thorough Truck & Barger Towing (Thoroughtruck Truck Repair and Towing)","8725 N Wilderness Rd, Mount Vernon, KY 40456","8725 N WILDERNESS RD, MOUNT VERNON, KY, 40456","","37.468409053851,-84.332632855747","","in-state","census-manual-review","",""
"ce2b1d46-bc97-4dd5-8006-b3f0877740b5","Love's Travel Stop #356","13190 Deshler Rd, North Baltimore, OH 45872","13190 DESHLER RD, NORTH BALTIMORE, OH, 45872","","41.172875052519,-83.657950874348","","in-state","census-manual-review","",""
"ff14e2af-f0a7-4e65-a341-c15aab36fe6e","Pro Stop (Pilot Flying J Dealer #962)","1503 Avco Blvd, Sellersburg, IN 47172","","","","","n/a","census-no-match","",""
"8f9f63e8-3893-4921-a48e-66dabad53692","Blue Beacon Truck Wash of Knoxville","1501 Everett Rd, Knoxville, TN 37932","1501 EVERETT RD, KNOXVILLE, TN, 37932","","35.883067120059,-84.231992868161","","in-state","census-manual-review","",""
"21dc37d4-6706-44d4-8dee-b871cdce17d4","Love's Truck Care #368","300 Arby Dr, Clanton, AL 35045","","","","","n/a","census-no-match","",""
"277f07bd-626c-4e6a-ba01-55dcae73dba5","101 Travel Center (101 Travel Stop)","7311 Highway 104 N, Cedar Grove, TN 38321","7311 HWY 104 N, CEDAR GROVE, TN, 38321","","35.753556563122,-88.513015120269","","in-state","census-manual-review","",""
"683aa9c6-51fa-479d-8042-b597b0bf2958","CAT Scale at Pilot Travel Center #332","3300 Highway 391 N, North Little Rock, AR 72117","","","","","n/a","census-no-match","",""
"fb8d0e91-7e7c-4302-a44f-dfe3d998bdc8","El Cheapo #54 (Texaco)","13109 Hwy 251, Darien, GA 31305","","","","","n/a","census-no-match","",""
"faa5e68a-557a-4258-bcee-90397f126864","Henryville Rest Area (Southbound)","21505 S I-65, Henryville, IN 47126","","","","","n/a","census-no-match","",""
"739d2f45-39e1-4353-9a1d-44d4641c129c","Motel 6 Memphis, TN - East (Sycamore View)","1585 Sycamore View Rd, Memphis, TN 38134","1585 SYCAMORE VIEW RD, MEMPHIS, TN, 38134","","35.169076665452,-89.865446735101","","in-state","census-manual-review","",""
"b5977e77-d52c-472c-8621-4ea27662cfb4","TA Truck Service - Saginaw (#198)","6364 Dixie Hwy, Bridgeport, MI 48722","6364 DIXIE HWY, BRIDGEPORT, MI, 48722","","43.352606445024,-83.868820986088","","in-state","census-manual-review","",""
"c7d92966-ddcd-4536-8992-193b66e21c6f","Dumfries Weigh Station (Northbound)","I-95 Northbound near Dumfries, Dumfries, VA 22025","","","","","n/a","census-no-match","",""
"635533bc-dbff-4861-ace8-074052e31f00","Macon Commercial Tire (Atlanta Commercial Tire)","2790 Broadway, Macon, GA 31206","2790 BROADWAY, MACON, GA, 31206","","32.810042556612,-83.640179480353","","in-state","census-manual-review","",""
"72afed68-caa3-49ed-b20b-9766e2a533b4","MHC Kenworth - Nashville","550 Spence Ln, Nashville, TN 37210","550 SPENCE LN, NASHVILLE, TN, 37210","","36.142779319705,-86.721894062106","","in-state","census-manual-review","",""
"910b954b-022b-4076-90dd-ef5e144fa3ef","Impact Truck and Trailer","209 Minnear St, Cookeville, TN 38501","209 MINNEAR ST, COOKEVILLE, TN, 38501","","36.146169773415,-85.503324373307","","in-state","census-manual-review","",""
"020975e1-13ef-41d9-a02e-c94d8ba05896","CAT Scale — Love's Travel Stop #624, Prichard","2600 W I-65 Service Rd N, Prichard, AL 36612","","","","","n/a","census-no-match","",""
"c43fdbd0-acb9-4d1d-a319-33fffc4c53eb","49er Fuel Center","707 KY-909 (Hwy 909), East Bernstadt, KY 40729","707 HWY 909, EAST BERNSTADT, KY, 40729","","37.224627596062,-84.216779289759","","in-state","census-manual-review","",""
"d02cc1cc-ddec-4108-b686-69b43432bcca","Love's Travel Stop #291","3799 Colonel Rd, Richmond, KY 40475","3799 COLONEL RD, RICHMOND, KY, 40475","","37.84370376801,-84.325475718068","","in-state","census-manual-review","",""
"5be874bb-ebc4-45d6-a70c-18a96c727c5c","Motel 6 Pulaski, TN","2400 US Highway 64 East, Pulaski, TN 38478","2400 US HWY 64, PULASKI, TN, 38478","","35.192117008503,-86.865909372725","","in-state","census-manual-review","",""
"ee270529-dc8c-4671-85ee-83a351b95338","CAT Scale — Pilot Travel Center #47, Georgetown (Cherry Blossom Way)","259 Cherry Blossom Way, Georgetown, KY 40324","259 CHERRY BLOSSOM WAY, GEORGETOWN, KY, 40324","","38.276936249956,-84.559682235407","","in-state","census-manual-review","",""
"3a3394cc-5ac2-4f22-bd59-158f71d062c9","Love's Travel Stop #708 (Bushnell)","2615 W C-48, Bushnell, FL 33513","2615 W C 48, BUSHNELL, FL, 33513","","28.668624426484,-82.147421003229","","in-state","census-manual-review","",""
"431cc9de-65e3-48ad-aed1-2bc3794f95ad","Truck Parking Club - 5430 Stickney Ave (Toledo)","5430 Stickney Ave, Toledo, OH 43612","5430 STICKNEY AVE, TOLEDO, OH, 43612","","41.715148688997,-83.527805436559","","in-state","census-manual-review","",""
"07c9a38a-fd7d-4453-907e-25c65f54f3fd","Love's Truck Care - Love's Travel Stop #429","130 W Trinity Ln, Nashville, TN 37207","130 W TRINITY LN, NASHVILLE, TN, 37207","","36.206200144126,-86.773257893557","","in-state","census-manual-review","",""
"05c35c41-6e8f-481f-a2f7-5f50e91170df","CAT Scale — Love's Travel Stop #363, Ocala","7791 NW 47th Avenue, Ocala, FL 34482","","","","","n/a","census-no-match","",""
"b5d906d6-22c5-4ed5-b39e-b8eea589346d","Love's Travel Stop #759","3404 Highway 63 N, Hazen, AR 72064","","","","","n/a","census-no-match","",""
"bd85fd98-ea7b-4d66-8653-aead91b721ab","Comfort Inn Brownsville I-40","120 Sunny Hill Cove, Brownsville, TN 38012","120 SUNNY HILL COVE, BROWNSVILLE, TN, 38012","","35.540012486589,-89.245948011097","","in-state","census-manual-review","",""
"15061bb1-5399-4e9e-bf46-36a8cf0fc784","Studio 6 Hickory","484 U.S. Highway 70 SW, Hickory, NC","484 US HWY 70, HICKORY, NC, 28602","","35.719925695747,-81.346222657261","","in-state","census-manual-review","",""
"7772b269-fcc4-40df-a5f8-84c8a851880f","Motel 6 Seymour, IN - North","365 Tanger Blvd, Seymour, IN 47274","365 TANGER BLVD, SEYMOUR, IN, 47274","","38.960917029385,-85.839536470421","","in-state","census-manual-review","",""
"2a3d7c32-e385-41db-9b12-6111d7fa91fc","I-95/I-495 Commercial Vehicle Weigh & Inspection Station (MSP CVED)","I-95/I-495 near US 1, College Park, MD 20740","","","","","n/a","census-no-match","",""
"12fa9201-e925-4e5c-8c73-6f1037cd4082","Barney's Convenience Mart","28311 Crossroads Pkwy, Rossford, OH 43460","28311 CROSSROADS PKWY, ROSSFORD, OH, 43460","","41.563358351831,-83.578897060079","","in-state","census-manual-review","",""
"687996be-4fd9-4464-a9b3-3df5b2c7f505","TA Travel Center #288 (Lake City)","14197 S US Highway 441, Lake City, FL 32024","14197 S US HWY 441, LAKE CITY, FL, 32024","","29.996262049965,-82.597281828825","","in-state","census-manual-review","",""
"5fe49a55-7136-4e0d-9700-7d83da365074","Longtown Travel Plaza (BP) & Cafe","3965 Highway 59, Mason, TN 38049","3965 STATE RTE 59, MASON, TN, 38049","","35.347173798398,-89.516596730863","","in-state","census-manual-review","",""
"b3f396e1-8990-4df2-9cd8-b0c8d353d66c","Love's Travel Stop #718","1127 Tyson Rd, Hope Hull, AL 36043","1127 TYSON RD, HOPE HULL, AL, 36043","","32.195482896683,-86.416462569345","","in-state","census-manual-review","",""
"6b62a621-ad4e-4aa3-9737-232189c123ce","North Dixie Truck & Trailer, Inc.","2050 North Dixie Highway, Lima, OH 45801","2050 N DIXIE HWY, LIMA, OH, 45801","","40.763089898798,-84.059134624293","","in-state","census-manual-review","",""
"fb63b914-2ebc-4212-8542-f84fc81b0e19","CAT Scale — Love's Travel Stop #629, White House","1001 Highway 76, White House, TN 37188","1001 STATE RTE 76, WHITE HOUSE, TN, 37188","","36.468468592734,-86.688294463063","","in-state","census-manual-review","",""
"6bad6451-4f76-45b8-9a3b-4a1aad414f83","TA Savannah (TravelCenters of America #177)","4401 US Highway 17, Richmond Hill, GA 31324","4401 US HWY 17, RICHMOND HILL, GA, 31324","","31.926549193963,-81.332618759546","","in-state","census-manual-review","",""
"321b8c5c-5c9f-48e1-aa9c-fd0332dee69e","Pilot Travel Center #24 - Monroe","1100 N Dixie Hwy, Monroe, MI 48162","1100 N DIXIE HWY, MONROE, MI, 48162","","41.925022291195,-83.366859286566","","in-state","census-manual-review","",""
"08b40c31-f1c3-47c0-b278-00c622cedcba","Specialized Truck Repair - Kingston Springs","155 Petro Rd, Kingston Springs, TN 37082","155 PETRO RD, KINGSTON SPRINGS, TN, 37082","","36.08238229895,-87.093541625455","","in-state","census-manual-review","",""
"00ced50d-f1f6-4e29-9a16-1b866beedef0","CAT Scale at Pilot Travel Center #441","3240 Point Mallard Parkway SE, Priceville, AL 35603","3240 POINT MALLARD PKWY SE, DECATUR, AL, 35603","","34.537288963942,-86.911220873697","","in-state","census-manual-review","",""
"5497dc27-dbdc-44b7-8f64-3fd3f6504007","CAT Scale at Pilot Travel Center #219","7210 Strawberry Plains Pike, Knoxville, TN 37914","7210 STRAWBERRY PLAINS PIKE, KNOXVILLE, TN, 37914","","36.000514882368,-83.777108406577","","in-state","census-manual-review","",""
"d83e7fdb-9cca-4bd4-b333-dfdafe700a1c","CAT Scale at Kenly 95","923 Johnston Pkwy, Kenly, NC 27542","923 JOHNSTON PKWY, KENLY, NC, 27542","","35.581359917897,-78.146581818113","","in-state","census-manual-review","",""
"cd771c29-16fa-499b-a89b-513470225fe0","Uncle Pete's Truck Stop","1210 Sparta Pike, Lebanon, TN 37090","1210 SPARTA PIKE, LEBANON, TN, 37090","","36.185185823251,-86.266894269","","in-state","census-manual-review","",""
"883306d0-320d-4a35-bbc8-6e87f859cf48","BP Fuel Stop - Mt Morris","4313 W Mount Morris Rd, Mount Morris, MI 48458","4313 W MOUNT MORRIS RD, MOUNT MORRIS, MI, 48458","","43.118864629897,-83.765752642852","","in-state","census-manual-review","",""
"efa068e0-042c-4242-a821-08949d2486c2","Truck Parking Club - 3501 S 500 E, Whitestown","3501 S 500 E, Whitestown, IN 46075","3501 S 500 E, WHITESTOWN, IN, 46075","","39.98976950348,-86.374869004722","","in-state","census-manual-review","",""
"b139516b-3826-4241-90b1-050b8b83b179","CAT Scale at Flying J Travel Center #605","42 Bradley Cove Rd, Russellville, AR 72801","","","","","n/a","census-no-match","",""
"cc5fe530-72f9-4f40-82de-bb55487a82cc","ONE9 Travel Center #1366","15060 US-641 S, Holladay, TN 38341","15060 US HWY 641 S, HOLLADAY, TN, 38341","","35.843127955482,-88.085813903227","","in-state","census-manual-review","",""
"3f7408df-a39e-46cd-843a-61694fabbe9c","Pilot Travel Center - Sadler's Emporia","918 W Atlantic St, Emporia, VA 23847","918 W ATLANTIC ST, EMPORIA, VA, 23847","","36.70415608575,-77.553025704599","","in-state","census-manual-review","",""
"61a7d832-a098-4196-bbe2-5b58562e7b9b","CAT Scale at Flying J North East","1 Center Drive, North East, MD 21901","1 CENTER DR, NORTH EAST, MD, 21901","","39.624763324179,-75.948210388357","","in-state","census-manual-review","",""
"db6a28cb-0b13-4be7-81eb-29fea82fe3b5","Conlee Travel Center - Clio","4514 W Vienna Rd, Clio, MI 48420","4514 W VIENNA RD, CLIO, MI, 48420","","43.177483037283,-83.772896391517","","in-state","census-manual-review","",""
"04e8fad7-c564-4879-95ba-91816d3b1074","CAT Scale — TA Travel Center #288, Lake City","14197 S US Highway 441, Lake City, FL 32024","14197 S US HWY 441, LAKE CITY, FL, 32024","","29.996262049965,-82.597281828825","","in-state","census-manual-review","",""
"814102e7-0d34-48e9-a873-437b194bad6f","Chrome Zone Trailer Washouts","2164 Highway 70 E, Jackson, TN 38305","2164 HWY 70 E, JACKSON, TN, 38305","","35.685413981706,-88.738917639809","","in-state","census-manual-review","",""
"c82e72bd-86ea-405d-8a21-8d9e86e4211a","Jemison Exxon","12820 County Road 42, Jemison, AL 35085","12820 CO RD 42 E, JEMISON, AL, 35085","","32.981087415883,-86.685874175911","","in-state","census-manual-review","",""
"65d7a9c2-d5e3-4bcc-8cdc-4b20bcbf2fc8","Blue Beacon Truck Wash of Whiteland","142 White St, Whiteland, IN 46184","","","","","n/a","census-no-match","",""
"b67852b7-a14e-43d2-b786-b8536fed05d5","Love's Travel Stop #618","313 Porter Rd, Sadieville, KY 40370","313 PORTER RD, SADIEVILLE, KY, 40370","","38.379233472354,-84.572018709181","","in-state","census-manual-review","",""
"6127835d-06d1-42a8-bfdc-aa63201b3ff4","CAT Scale — TA Wapakoneta #082, Wapakoneta","1775 Bellefontaine St, Wapakoneta, OH 45895","1775 BELLEFONTAINE ST, WAPAKONETA, OH, 45895","","40.561608403968,-84.171437352605","","in-state","census-manual-review","",""
"ca5e9f7f-ad38-416d-a923-c86fe97befd8","CAT Scale at Love's Garden City (#893)","2 Sonny Perdue Dr, Garden City, GA 31408","2 SONNY PERDUE DR, GARDEN CITY, GA, 31408","","32.104272305824,-81.195409332783","","in-state","census-manual-review","",""
"a6b4c790-4ba6-48e8-bdad-2af3822a8f99","CAT Scale at ONE9 Travel Center (CAT #876)","1111 S Jefferson Ave, Cookeville, TN 38506","1111 S JEFFERSON AVE, COOKEVILLE, TN, 38506","","36.133533574002,-85.503730734854","","in-state","census-manual-review","",""
"805a25ba-76a7-4f54-a6f6-0cc3ec6e3ff9","TA Truck Service - TA Florence","7777 Burlington Pike, Florence, KY 41042","7777 BURLINGTON PIKE, FLORENCE, KY, 41042","","39.000875329836,-84.644968575034","","in-state","census-manual-review","",""
"7ee7902b-c0a6-4f09-8cd7-ba06e9ecb000","TA Truck Service at TA Gary","2510 Burr St, Gary, IN 46406","2510 BURR ST, GARY, IN, 46406","","41.573278036,-87.403567223452","","in-state","census-manual-review","",""
"cd88c617-b2ec-4c4e-80ba-6ba6f80de3fb","Hollifields Diesel","1471 Old Hwy 10 E, Marion, NC","1471 OLD HWY 10 E, MARION, NC, 28752","","35.709102917272,-81.961247111083","","in-state","census-manual-review","",""
"f7f69a6a-d032-46ee-9ce6-52796f556a07","Pilot Travel Center #448 (Hebron)","18011 Colorado St, Hebron, IN 46341","18011 COLORADO ST, HEBRON, IN, 46341","","41.291369289715,-87.29590895783","","in-state","census-manual-review","",""
"4e5234b6-1305-4705-941d-ec5a77370983","CAT Scale at Petro Kingsland (#344)","1105 E King Ave, Kingsland, GA 31548","1105 E KING AVE, KINGSLAND, GA, 31548","","30.793860202813,-81.667698752933","","in-state","census-manual-review","",""
"ca425f23-4099-4217-b883-057a8270932a","CAT Scale — TA Monroe, Monroe","1255 N Dixie Hwy, Monroe, MI 48162","1255 N DIXIE HWY, MONROE, MI, 48162","","41.925915909143,-83.363507557606","","in-state","census-manual-review","",""
"af93fa04-c103-493c-aa68-469a003407a6","Truck Parking Club - 1960 US Highway 70 SE, Hickory","1960 US Highway 70 SE, Hickory, NC 28602","1960 US HWY 70, HICKORY, NC, 28602","","35.722526329016,-81.372419427286","","in-state","census-manual-review","",""
"41310565-f89e-49e0-9596-d17a218a165b","Travelodge by Wyndham Sellersburg / Louisville North","7618 Old State Road 60, Sellersburg, IN 47172","7618 OLD STATE RD 60, SELLERSBURG, IN, 47172","","38.371951035776,-85.758428676929","","in-state","census-manual-review","",""
"a57598de-7650-40f5-a6c7-57697b006955","TAG Truck Center - Jackson (Freightliner/Western Star)","3655 Ridgecrest Rd Ext, Jackson, TN 38305","3655 RIDGECREST RD EXD, JACKSON, TN, 38305","","35.676136741511,-88.752274347526","","in-state","census-manual-review","",""
"43a04cd8-4924-4c2d-8404-1bb132180ce8","Truck & Trailer Parking - 6800 W 9th Ave (Gary)","6800 W 9th Ave, Gary, IN 46406","6800 W 9TH AVE, GARY, IN, 46406","","41.595340479276,-87.421107475223","","in-state","census-manual-review","",""
"49433ba9-dcea-4fa2-81f6-46cc54bf922c","Truck Parking Club - 799 12th Ave N (Bobtail/Box Truck Parking)","799 12th Ave N, Nashville, TN 37203","799 12TH AVE S, NASHVILLE, TN, 37203","","36.150276248099,-86.784518378416","","in-state","census-manual-review","",""
"e0b210c3-6279-48a6-b091-059a2aa3a3ca","TA Truck Service — Montgomery","980 W South Blvd, Montgomery, AL 36105","","","","","n/a","census-no-match","",""
"e69bfd6f-502b-4f31-a470-be6d117a4e52","Big Ass Truck Wash - North Fort Myers","5800 Bayshore Rd, North Fort Myers, FL 33917","5800 BAYSHORE RD, NORTH FORT MYERS, FL, 33917","","26.690007699049,-81.861715240308","","in-state","census-manual-review","",""
"ea438e19-dcd1-402a-a424-e243df58e1c6","Pride Truck Wash","1651 Everett Rd, Knoxville, TN 37932","1651 EVERETT RD, KNOXVILLE, TN, 37932","","35.881241267898,-84.23744366584","","in-state","census-manual-review","",""
"a2a5fbfa-7592-47d9-b1ea-b92b20de7058","Motel 6 Morrilton","1506 N Oak St, Morrilton, AR 72110","1506 N OAK ST, MORRILTON, AR, 72110","","35.170567659882,-92.744421170435","","in-state","census-manual-review","",""
"2ee7a28a-71ac-46f8-9998-2f9ae6fcf852","Snider Fleet Solutions - Hickory","1226 21st Street Drive SE, Hickory, NC 28602","1226 21ST STREET DR SE, HICKORY, NC, 28602","","35.709271538188,-81.278263933442","","in-state","census-manual-review","",""
"36f8c6be-7609-4ada-92c7-9d344b0abf58","West Carolina Freightliner","100 Highland Center Blvd, Asheville, NC 28806","100 HIGHLAND CENTER BLVD, ASHEVILLE, NC, 28806","","35.557336086765,-82.635670563565","","in-state","census-manual-review","",""
"4c7eff4b-4b93-4969-8d19-5fb1d388779b","Pilot Travel Center #4597","502 Gordonsville Hwy, Gordonsville, TN 38563","502 GORDONSVILLE HWY, GORDONSVILLE, TN, 38563","","36.177520899796,-85.947751941547","","in-state","census-manual-review","",""
"eb77e44b-05c1-4702-9dd2-d5be551ca482","I-75 Rest Area (Mile 82.5, both directions)","1014 Barnes Mill Rd, Richmond, KY","1014 BARNES MILL RD, RICHMOND, KY, 40475","","37.736391079111,-84.325770289574","","in-state","census-manual-review","",""
"7b2669e3-059c-435e-9a2b-814f63db2e81","Athens Auto Tire & Wrecker Service","306 5th Avenue, Athens, AL 35611","306 5TH AVE, ATHENS, AL, 35611","","34.812194739862,-86.971893285411","","in-state","census-manual-review","",""
