site_id,location_id,brand,name,state,city,truck_parking_spaces,prior_disposition,bucket,db_id,evidence,reason
0001,5045,TA,TA Ashland,VA,Ashland,183,manual-review-merge,safe-enrichment,e36e07df-2f06-48a6-9494-8cf3b0f4cc15,site_id->prior-review-exact-production-id,"existing row is missing lat, lng, parking_spaces; blank-only fill prepared from the official master"
0002,5025,TA,TA Greensboro,NC,Whitsett,173,net-new,exact-match,"(imported-row: name+state unique, value digest 2ac6c659… proven)",site->import name+state; import CSV proven byte-equivalent to production,imported 2026-07-25 from content-identical official data; production values proven unchanged by digest
0003,5036,TA,TA Brookville,PA,Brookville,221,net-new,exact-match,"(imported-row: name+state unique, value digest 2ac6c659… proven)",site->import name+state; import CSV proven byte-equivalent to production,imported 2026-07-25 from content-identical official data; production values proven unchanged by digest
0006,5022,TA,TA Columbia,NJ,Columbia,172,net-new,exact-match,"(imported-row: name+state unique, value digest 2ac6c659… proven)",site->import name+state; import CSV proven byte-equivalent to production,imported 2026-07-25 from content-identical official data; production values proven unchanged by digest
0007,5002,TA,TA Eloy,AZ,Eloy,234,net-new,exact-match,"(imported-row: name+state unique, value digest 2ac6c659… proven)",site->import name+state; import CSV proven byte-equivalent to production,imported 2026-07-25 from content-identical official data; production values proven unchanged by digest
0008,5024,TA,TA Gallup,NM,Gallup,76,net-new,exact-match,"(imported-row: name+state unique, value digest 2ac6c659… proven)",site->import name+state; import CSV proven byte-equivalent to production,imported 2026-07-25 from content-identical official data; production values proven unchanged by digest
0010,5013,TA,TA Gary,IN,Gary,318,manual-review-merge,safe-enrichment,783d1792-e352-4fb3-bd2b-fc38951c19c8,site_id->prior-review-exact-production-id+row-name-cites-site-number+address-identical,"existing row is missing lat, lng; blank-only fill prepared from the official master"
0011,5028,TA,TA Dayton,OH,Eaton,198,net-new,exact-match,"(imported-row: name+state unique, value digest 2ac6c659… proven)",site->import name+state; import CSV proven byte-equivalent to production,imported 2026-07-25 from content-identical official data; production values proven unchanged by digest
0012,5037,TA,TA Harrisburg,PA,Harrisburg,178,net-new,exact-match,"(imported-row: name+state unique, value digest 2ac6c659… proven)",site->import name+state; import CSV proven byte-equivalent to production,imported 2026-07-25 from content-identical official data; production values proven unchanged by digest
0014,5003,TA,TA Las Cruces,NM,Las Cruces,201,net-new,exact-match,"(imported-row: name+state unique, value digest 2ac6c659… proven)",site->import name+state; import CSV proven byte-equivalent to production,imported 2026-07-25 from content-identical official data; production values proven unchanged by digest
0015,5030,TA,TA Lodi,OH,Seville,237,net-new,exact-match,"(imported-row: name+state unique, value digest 2ac6c659… proven)",site->import name+state; import CSV proven byte-equivalent to production,imported 2026-07-25 from content-identical official data; production values proven unchanged by digest
0016,5005,TA,TA Tuscaloosa,AL,Tuscaloosa,151,net-new,exact-match,"(imported-row: name+state unique, value digest 2ac6c659… proven)",site->import name+state; import CSV proven byte-equivalent to production,imported 2026-07-25 from content-identical official data; production values proven unchanged by digest
0017,5044,TA,TA Baytown,TX,Baytown,173,net-new,exact-match,"(imported-row: name+state unique, value digest 2ac6c659… proven)",site->import name+state; import CSV proven byte-equivalent to production,imported 2026-07-25 from content-identical official data; production values proven unchanged by digest
0019,214,TA,TA Elkton,MD,Elkton,151,manual-review-merge,safe-enrichment,f35c37d4-6118-40c1-8380-1edf8e79777d,site_id->prior-review-exact-production-id+row-name-cites-site-number+address-identical+coordinate_0m,existing row is missing parking_spaces; blank-only fill prepared from the official master
0022,5009,TA,TA Willington,CT,Willington,240,net-new,exact-match,"(imported-row: name+state unique, value digest 2ac6c659… proven)",site->import name+state; import CSV proven byte-equivalent to production,imported 2026-07-25 from content-identical official data; production values proven unchanged by digest
0023,5004,TA,TA Santa Rosa,NM,Santa Rosa,116,net-new,exact-match,"(imported-row: name+state unique, value digest 2ac6c659… proven)",site->import name+state; import CSV proven byte-equivalent to production,imported 2026-07-25 from content-identical official data; production values proven unchanged by digest
0024,118,TA,TA London,OH,London,138,net-new,exact-match,"(imported-row: name+state unique, value digest 2ac6c659… proven)",site->import name+state; import CSV proven byte-equivalent to production,imported 2026-07-25 from content-identical official data; production values proven unchanged by digest
0025,5039,TA,TA Spartanburg,SC,Duncan,187,net-new,exact-match,"(imported-row: name+state unique, value digest 2ac6c659… proven)",site->import name+state; import CSV proven byte-equivalent to production,imported 2026-07-25 from content-identical official data; production values proven unchanged by digest
0026,5007,Petro,Petro Ontario,CA,Ontario,559,net-new,exact-match,"(imported-row: name+state unique, value digest 2ac6c659… proven)",site->import name+state; import CSV proven byte-equivalent to production,imported 2026-07-25 from content-identical official data; production values proven unchanged by digest
0028,5017,TA,TA Walton,KY,Walton,60,existing-match,safe-enrichment,dee17bfa-a6bf-4da0-8d48-95a9231de439,site_id->prior-review-exact-production-id+street-number-agrees,"existing row is missing lat, lng; blank-only fill prepared from the official master"
0029,189,TA,TA Kingsville,OH,Kingsville,158,net-new,exact-match,"(imported-row: name+state unique, value digest 2ac6c659… proven)",site->import name+state; import CSV proven byte-equivalent to production,imported 2026-07-25 from content-identical official data; production values proven unchanged by digest
0030,5012,TA,TA Chicago North,IL,Zion,215,net-new,exact-match,"(imported-row: name+state unique, value digest 2ac6c659… proven)",site->import name+state; import CSV proven byte-equivalent to production,imported 2026-07-25 from content-identical official data; production values proven unchanged by digest
0032,5047,TA,TA Wheeling,WV,Valley Grove,168,net-new,exact-match,"(imported-row: name+state unique, value digest 2ac6c659… proven)",site->import name+state; import CSV proven byte-equivalent to production,imported 2026-07-25 from content-identical official data; production values proven unchanged by digest
0033,5006,TA,TA Earle,AR,Earle,137,manual-review-merge,safe-enrichment,3e5fef77-bc72-4174-b45d-04f6096c8fde,site_id->prior-review-exact-production-id+row-name-cites-site-number+street-number-agrees,"existing row is missing lat, lng, parking_spaces; blank-only fill prepared from the official master"
0035,5001,TA,TA Effingham,IL,Effingham,137,net-new,exact-match,"(imported-row: name+state unique, value digest 2ac6c659… proven)",site->import name+state; import CSV proven byte-equivalent to production,imported 2026-07-25 from content-identical official data; production values proven unchanged by digest
0036,5032,TA,TA Oklahoma City East,OK,Oklahoma City,175,net-new,exact-match,"(imported-row: name+state unique, value digest 2ac6c659… proven)",site->import name+state; import CSV proven byte-equivalent to production,imported 2026-07-25 from content-identical official data; production values proven unchanged by digest
0039,186,TA,TA Hebron,OH,Hebron,130,net-new,exact-match,"(imported-row: name+state unique, value digest 2ac6c659… proven)",site->import name+state; import CSV proven byte-equivalent to production,imported 2026-07-25 from content-identical official data; production values proven unchanged by digest
0041,5050,TA,TA Coachella,CA,Coachella,205,net-new,exact-match,"(imported-row: name+state unique, value digest 2ac6c659… proven)",site->import name+state; import CSV proven byte-equivalent to production,imported 2026-07-25 from content-identical official data; production values proven unchanged by digest
0043,319,TA,TA Mt Vernon,IL,Mt. Vernon,136,net-new,exact-match,"(imported-row: name+state unique, value digest 2ac6c659… proven)",site->import name+state; import CSV proven byte-equivalent to production,imported 2026-07-25 from content-identical official data; production values proven unchanged by digest
0044,342,TA,TA Elgin,IL,Hampshire,92,net-new,exact-match,"(imported-row: name+state unique, value digest 2ac6c659… proven)",site->import name+state; import CSV proven byte-equivalent to production,imported 2026-07-25 from content-identical official data; production values proven unchanged by digest
0045,676,TA,TA Madison,GA,Madison,149,net-new,exact-match,"(imported-row: name+state unique, value digest 2ac6c659… proven)",site->import name+state; import CSV proven byte-equivalent to production,imported 2026-07-25 from content-identical official data; production values proven unchanged by digest
0046,785,TA,TA Tallulah,LA,Tallulah,135,net-new,exact-match,"(imported-row: name+state unique, value digest 2ac6c659… proven)",site->import name+state; import CSV proven byte-equivalent to production,imported 2026-07-25 from content-identical official data; production values proven unchanged by digest
0047,756,TA,TA Meridian,MS,Meridian,90,net-new,exact-match,"(imported-row: name+state unique, value digest 2ac6c659… proven)",site->import name+state; import CSV proven byte-equivalent to production,imported 2026-07-25 from content-identical official data; production values proven unchanged by digest
0048,212,TA,TA Bloomsbury,NJ,Bloomsbury,122,net-new,exact-match,"(imported-row: name+state unique, value digest 2ac6c659… proven)",site->import name+state; import CSV proven byte-equivalent to production,imported 2026-07-25 from content-identical official data; production values proven unchanged by digest
0049,729,TA,TA Rockwall,TX,Rockwall,100,net-new,exact-match,"(imported-row: name+state unique, value digest 2ac6c659… proven)",site->import name+state; import CSV proven byte-equivalent to production,imported 2026-07-25 from content-identical official data; production values proven unchanged by digest
0050,307,TA,TA Madison,WI,DeForest,118,net-new,exact-match,"(imported-row: name+state unique, value digest 2ac6c659… proven)",site->import name+state; import CSV proven byte-equivalent to production,imported 2026-07-25 from content-identical official data; production values proven unchanged by digest
0051,701,TA,TA Matthews,MO,Matthews,114,net-new,exact-match,"(imported-row: name+state unique, value digest 2ac6c659… proven)",site->import name+state; import CSV proven byte-equivalent to production,imported 2026-07-25 from content-identical official data; production values proven unchanged by digest
0052,317,TA,TA Oak Grove,MO,Oak Grove,118,net-new,exact-match,"(imported-row: name+state unique, value digest 2ac6c659… proven)",site->import name+state; import CSV proven byte-equivalent to production,imported 2026-07-25 from content-identical official data; production values proven unchanged by digest
0053,656,TA,TA Wildwood,FL,Wildwood,170,manual-review-merge,safe-enrichment,245d9e0f-cb95-461e-822a-e458c03212ed,site_id->prior-review-exact-production-id+street-number-agrees,"existing row is missing lat, lng; blank-only fill prepared from the official master"
0054,778,TA,TA Mobile,AL,Grand Bay,89,net-new,exact-match,"(imported-row: name+state unique, value digest 2ac6c659… proven)",site->import name+state; import CSV proven byte-equivalent to production,imported 2026-07-25 from content-identical official data; production values proven unchanged by digest
0055,5073,TA,TA Amarillo,TX,Amarillo,185,net-new,exact-match,"(imported-row: name+state unique, value digest 2ac6c659… proven)",site->import name+state; import CSV proven byte-equivalent to production,imported 2026-07-25 from content-identical official data; production values proven unchanged by digest
0056,435,TA,TA Aurora,OR,Aurora,275,net-new,exact-match,"(imported-row: name+state unique, value digest 2ac6c659… proven)",site->import name+state; import CSV proven byte-equivalent to production,imported 2026-07-25 from content-identical official data; production values proven unchanged by digest
0057,433,TA,TA Redding,CA,Redding,196,net-new,exact-match,"(imported-row: name+state unique, value digest 2ac6c659… proven)",site->import name+state; import CSV proven byte-equivalent to production,imported 2026-07-25 from content-identical official data; production values proven unchanged by digest
0058,120,TA,TA Youngstown,OH,Youngstown,145,net-new,exact-match,"(imported-row: name+state unique, value digest 2ac6c659… proven)",site->import name+state; import CSV proven byte-equivalent to production,imported 2026-07-25 from content-identical official data; production values proven unchanged by digest
0059,709,TA,TA Oklahoma City West,OK,Oklahoma City,101,net-new,exact-match,"(imported-row: name+state unique, value digest 2ac6c659… proven)",site->import name+state; import CSV proven byte-equivalent to production,imported 2026-07-25 from content-identical official data; production values proven unchanged by digest
0060,425,TA,TA Tooele,UT,Salt Lake City,191,net-new,exact-match,"(imported-row: name+state unique, value digest 2ac6c659… proven)",site->import name+state; import CSV proven byte-equivalent to production,imported 2026-07-25 from content-identical official data; production values proven unchanged by digest
0065,5014,TA,TA Seymour,IN,Seymour,184,existing-match,safe-enrichment,b9b49d33-ae7d-4ca0-b197-6986c17eef18,site_id->prior-review-exact-production-id+street-number-agrees,"existing row is missing lat, lng; blank-only fill prepared from the official master"
0066,528,TA,TA Council Bluffs,IA,Council Bluffs,78,net-new,exact-match,"(imported-row: name+state unique, value digest 2ac6c659… proven)",site->import name+state; import CSV proven byte-equivalent to production,imported 2026-07-25 from content-identical official data; production values proven unchanged by digest
0067,5034,TA,TA Barkeyville,PA,Harrisville,112,net-new,exact-match,"(imported-row: name+state unique, value digest 2ac6c659… proven)",site->import name+state; import CSV proven byte-equivalent to production,imported 2026-07-25 from content-identical official data; production values proven unchanged by digest
0068,5038,TA,TA Lamar,PA,Lamar,168,net-new,exact-match,"(imported-row: name+state unique, value digest 2ac6c659… proven)",site->import name+state; import CSV proven byte-equivalent to production,imported 2026-07-25 from content-identical official data; production values proven unchanged by digest
0069,5019,TA,TA Monroe,MI,Monroe,156,manual-review-merge,safe-enrichment,7b340f8f-28fc-4bca-83a8-bee8a793a4fb,site_id->prior-review-exact-production-id+row-name-cites-site-number+address-identical,"existing row is missing lat, lng; blank-only fill prepared from the official master"
0071,5048,TA,TA Janesville,WI,Janesville,96,net-new,exact-match,"(imported-row: name+state unique, value digest 2ac6c659… proven)",site->import name+state; import CSV proven byte-equivalent to production,imported 2026-07-25 from content-identical official data; production values proven unchanged by digest
0077,5015,TA,TA Walcott,IA,Walcott,900,net-new,exact-match,"(imported-row: name+state unique, value digest 2ac6c659… proven)",site->import name+state; import CSV proven byte-equivalent to production,imported 2026-07-25 from content-identical official data; production values proven unchanged by digest
0081,424,TA,TA Albuquerque,NM,Albuquerque,150,net-new,exact-match,"(imported-row: name+state unique, value digest 2ac6c659… proven)",site->import name+state; import CSV proven byte-equivalent to production,imported 2026-07-25 from content-identical official data; production values proven unchanged by digest
0082,5082,TA,TA Wapakoneta,OH,Wapakoneta,145,manual-review-merge,safe-enrichment,51296b6f-d325-4a97-a48f-d7a315a5e7e0,site_id->prior-review-exact-production-id+row-name-cites-site-number+street-number-agrees,"existing row is missing lat, lng; blank-only fill prepared from the official master"
0087,178,TA,TA Toledo,OH,Perrysburg,177,net-new,exact-match,"(imported-row: name+state unique, value digest 2ac6c659… proven)",site->import name+state; import CSV proven byte-equivalent to production,imported 2026-07-25 from content-identical official data; production values proven unchanged by digest
0089,312,TA,TA Ann Arbor,MI,Dexter,203,net-new,exact-match,"(imported-row: name+state unique, value digest 2ac6c659… proven)",site->import name+state; import CSV proven byte-equivalent to production,imported 2026-07-25 from content-identical official data; production values proven unchanged by digest
0090,502,TA,TA Ogallala,NE,Ogallala,94,net-new,exact-match,"(imported-row: name+state unique, value digest 2ac6c659… proven)",site->import name+state; import CSV proven byte-equivalent to production,imported 2026-07-25 from content-identical official data; production values proven unchanged by digest
0091,5091,TA,TA Oakley,KS,Oakley,84,net-new,exact-match,"(imported-row: name+state unique, value digest 2ac6c659… proven)",site->import name+state; import CSV proven byte-equivalent to production,imported 2026-07-25 from content-identical official data; production values proven unchanged by digest
0092,322,TA,TA Bloomington,IL,Bloomington,160,net-new,exact-match,"(imported-row: name+state unique, value digest 2ac6c659… proven)",site->import name+state; import CSV proven byte-equivalent to production,imported 2026-07-25 from content-identical official data; production values proven unchanged by digest
0093,5072,TA,TA Florence,KY,Florence,123,existing-match,safe-enrichment,eec1d852-2b50-47f7-a59e-b1238f1ace2d,site_id->prior-review-exact-production-id+street-number-agrees,"existing row is missing lat, lng; blank-only fill prepared from the official master"
0094,439,TA,TA Kingman,AZ,Kingman,115,net-new,exact-match,"(imported-row: name+state unique, value digest 2ac6c659… proven)",site->import name+state; import CSV proven byte-equivalent to production,imported 2026-07-25 from content-identical official data; production values proven unchanged by digest
0095,104,TA,TA North Canton,OH,Canton,85,net-new,exact-match,"(imported-row: name+state unique, value digest 2ac6c659… proven)",site->import name+state; import CSV proven byte-equivalent to production,imported 2026-07-25 from content-identical official data; production values proven unchanged by digest
0108,421,TA,TA Las Vegas,NV,Las Vegas,144,net-new,exact-match,"(imported-row: name+state unique, value digest 2ac6c659… proven)",site->import name+state; import CSV proven byte-equivalent to production,imported 2026-07-25 from content-identical official data; production values proven unchanged by digest
0116,384,TA,TA Sawyer,MI,Sawyer,155,net-new,exact-match,"(imported-row: name+state unique, value digest 2ac6c659… proven)",site->import name+state; import CSV proven byte-equivalent to production,imported 2026-07-25 from content-identical official data; production values proven unchanged by digest
0117,768,TA,TA Antioch,TN,Antioch,122,net-new,exact-match,"(imported-row: name+state unique, value digest 2ac6c659… proven)",site->import name+state; import CSV proven byte-equivalent to production,imported 2026-07-25 from content-identical official data; production values proven unchanged by digest
0137,310,TA,TA Strafford,MO,Strafford,140,net-new,exact-match,"(imported-row: name+state unique, value digest 2ac6c659… proven)",site->import name+state; import CSV proven byte-equivalent to production,imported 2026-07-25 from content-identical official data; production values proven unchanged by digest
0139,187,TA,TA Jeffersonville,OH,Jeffersonville,144,net-new,exact-match,"(imported-row: name+state unique, value digest 2ac6c659… proven)",site->import name+state; import CSV proven byte-equivalent to production,imported 2026-07-25 from content-identical official data; production values proven unchanged by digest
0142,210,TA,TA Richmond,VA,Ashland,317,manual-review-merge,safe-enrichment,7a03c1f5-6b4d-4951-98a2-a3e752d2270b,name+city+state+zip5 (prior review linked the wrong row; verify before publish),"existing row is missing lat, lng, parking_spaces; blank-only fill prepared from the official master"
0143,217,TA,TA Wytheville,VA,Wytheville,114,net-new,exact-match,"(imported-row: name+state unique, value digest 2ac6c659… proven)",site->import name+state; import CSV proven byte-equivalent to production,imported 2026-07-25 from content-identical official data; production values proven unchanged by digest
0146,5071,TA,TA Cartersville,GA,Cartersville,212,manual-review-merge,exact-match,0f848a8a-9f2f-4e89-bed3-97d656bcd25d,site_id->prior-review-exact-production-id+row-name-cites-site-number+street-number-agrees+coordinate_25m,existing row already carries everything the master states
0147,5076,TA,TA San Antonio,TX,San Antonio,238,net-new,exact-match,"(imported-row: name+state unique, value digest 2ac6c659… proven)",site->import name+state; import CSV proven byte-equivalent to production,imported 2026-07-25 from content-identical official data; production values proven unchanged by digest
0148,5070,TA,TA Commerce City,CO,Commerce City,224,net-new,exact-match,"(imported-row: name+state unique, value digest 2ac6c659… proven)",site->import name+state; import CSV proven byte-equivalent to production,imported 2026-07-25 from content-identical official data; production values proven unchanged by digest
0149,198,TA,TA Hurricane,WV,Hurricane,76,net-new,exact-match,"(imported-row: name+state unique, value digest 2ac6c659… proven)",site->import name+state; import CSV proven byte-equivalent to production,imported 2026-07-25 from content-identical official data; production values proven unchanged by digest
0150,5078,TA,TA Dallas South,TX,Dallas,136,net-new,exact-match,"(imported-row: name+state unique, value digest 2ac6c659… proven)",site->import name+state; import CSV proven byte-equivalent to production,imported 2026-07-25 from content-identical official data; production values proven unchanged by digest
0151,5018,TA,TA Baltimore South,MD,Jessup,436,manual-review-merge,safe-enrichment,ff19357b-eb93-4483-9e4e-ebb40e07fe36,site_id->prior-review-exact-production-id+row-name-cites-site-number+address-identical+coordinate_0m,existing row is missing parking_spaces; blank-only fill prepared from the official master
0152,5074,TA,TA Sayre,OK,Sayre,101,net-new,exact-match,"(imported-row: name+state unique, value digest 2ac6c659… proven)",site->import name+state; import CSV proven byte-equivalent to production,imported 2026-07-25 from content-identical official data; production values proven unchanged by digest
0153,6153,TA,TA Laredo,TX,Laredo,336,net-new,exact-match,"(imported-row: name+state unique, value digest 2ac6c659… proven)",site->import name+state; import CSV proven byte-equivalent to production,imported 2026-07-25 from content-identical official data; production values proven unchanged by digest
0154,5079,TA,TA Southington,CT,Milldale,145,net-new,exact-match,"(imported-row: name+state unique, value digest 2ac6c659… proven)",site->import name+state; import CSV proven byte-equivalent to production,imported 2026-07-25 from content-identical official data; production values proven unchanged by digest
0156,677,TA,TA Commerce,GA,Commerce,89,net-new,exact-match,"(imported-row: name+state unique, value digest 2ac6c659… proven)",site->import name+state; import CSV proven byte-equivalent to production,imported 2026-07-25 from content-identical official data; production values proven unchanged by digest
0158,5084,TA Express,TA Express Tampa,FL,Seffner,81,net-new,exact-match,"(imported-row: name+state unique, value digest 2ac6c659… proven)",site->import name+state; import CSV proven byte-equivalent to production,imported 2026-07-25 from content-identical official data; production values proven unchanged by digest
0160,429,TA,TA Buttonwillow,CA,Buttonwillow,170,net-new,exact-match,"(imported-row: name+state unique, value digest 2ac6c659… proven)",site->import name+state; import CSV proven byte-equivalent to production,imported 2026-07-25 from content-identical official data; production values proven unchanged by digest
0161,770,TA,TA Lafayette,LA,Lafayette,128,net-new,exact-match,"(imported-row: name+state unique, value digest 2ac6c659… proven)",site->import name+state; import CSV proven byte-equivalent to production,imported 2026-07-25 from content-identical official data; production values proven unchanged by digest
0162,417,TA,TA Ontario,CA,Ontario,549,net-new,exact-match,"(imported-row: name+state unique, value digest 2ac6c659… proven)",site->import name+state; import CSV proven byte-equivalent to production,imported 2026-07-25 from content-identical official data; production values proven unchanged by digest
0163,431,TA,TA Santa Nella,CA,Santa Nella,216,net-new,exact-match,"(imported-row: name+state unique, value digest 2ac6c659… proven)",site->import name+state; import CSV proven byte-equivalent to production,imported 2026-07-25 from content-identical official data; production values proven unchanged by digest
0167,5053,TA,TA Boise,ID,Boise,171,net-new,exact-match,"(imported-row: name+state unique, value digest 2ac6c659… proven)",site->import name+state; import CSV proven byte-equivalent to production,imported 2026-07-25 from content-identical official data; production values proven unchanged by digest
0170,6170,TA,TA Livingston,CA,Livingston,102,net-new,exact-match,"(imported-row: name+state unique, value digest 2ac6c659… proven)",site->import name+state; import CSV proven byte-equivalent to production,imported 2026-07-25 from content-identical official data; production values proven unchanged by digest
0171,115,TA Express,TA Express New Haven,CT,Branford,75,net-new,exact-match,"(imported-row: name+state unique, value digest 2ac6c659… proven)",site->import name+state; import CSV proven byte-equivalent to production,imported 2026-07-25 from content-identical official data; production values proven unchanged by digest
0172,428,TA,TA Sparks,NV,Sparks,200,net-new,exact-match,"(imported-row: name+state unique, value digest 2ac6c659… proven)",site->import name+state; import CSV proven byte-equivalent to production,imported 2026-07-25 from content-identical official data; production values proven unchanged by digest
0173,306,TA,TA Whitestown,IN,Whitestown,169,manual-review-merge,safe-enrichment,0fd1e82b-0a8e-410b-9af9-8787d6ab89b8,site_id->prior-review-exact-production-id+row-name-cites-site-number+street-number-agrees,"existing row is missing lat, lng; blank-only fill prepared from the official master"
0174,432,TA,TA Wheat Ridge,CO,Wheat Ridge,116,net-new,exact-match,"(imported-row: name+state unique, value digest 2ac6c659… proven)",site->import name+state; import CSV proven byte-equivalent to production,imported 2026-07-25 from content-identical official data; production values proven unchanged by digest
0175,315,TA,TA Foristell,MO,Foristell,95,net-new,exact-match,"(imported-row: name+state unique, value digest 2ac6c659… proven)",site->import name+state; import CSV proven byte-equivalent to production,imported 2026-07-25 from content-identical official data; production values proven unchanged by digest
0176,5087,TA,TA Seattle East,WA,North Bend,140,net-new,exact-match,"(imported-row: name+state unique, value digest 2ac6c659… proven)",site->import name+state; import CSV proven byte-equivalent to production,imported 2026-07-25 from content-identical official data; production values proven unchanged by digest
0177,604,TA,TA Savannah,GA,Richmond Hill,222,manual-review-merge,safe-enrichment,6bad6451-4f76-45b8-9a3b-4a1aad414f83,site_id->prior-review-exact-production-id+row-name-cites-site-number+street-number-agrees+coordinate_150m,existing row is missing parking_spaces; blank-only fill prepared from the official master
0178,605,TA,TA Marianna,FL,Marianna,123,net-new,exact-match,"(imported-row: name+state unique, value digest 2ac6c659… proven)",site->import name+state; import CSV proven byte-equivalent to production,imported 2026-07-25 from content-identical official data; production values proven unchanged by digest
0179,213,TA,TA Manning,SC,Manning,84,manual-review-merge,safe-enrichment,b621363d-e4d4-40c6-a04d-09e950264b12,site_id->prior-review-exact-production-id+row-name-cites-site-number+street-number-agrees+coordinate_102m,existing row is missing parking_spaces; blank-only fill prepared from the official master
0180,725,TA,TA Slidell,LA,Slidell,111,net-new,exact-match,"(imported-row: name+state unique, value digest 2ac6c659… proven)",site->import name+state; import CSV proven byte-equivalent to production,imported 2026-07-25 from content-identical official data; production values proven unchanged by digest
0181,5058,TA,TA Mill City,NV,Mill City,152,net-new,exact-match,"(imported-row: name+state unique, value digest 2ac6c659… proven)",site->import name+state; import CSV proven byte-equivalent to production,imported 2026-07-25 from content-identical official data; production values proven unchanged by digest
0183,5060,TA,TA Troutdale,OR,Troutdale,240,net-new,exact-match,"(imported-row: name+state unique, value digest 2ac6c659… proven)",site->import name+state; import CSV proven byte-equivalent to production,imported 2026-07-25 from content-identical official data; production values proven unchanged by digest
0186,5064,TA Express,TA Express Parowan,UT,Parowan,90,net-new,exact-match,"(imported-row: name+state unique, value digest 2ac6c659… proven)",site->import name+state; import CSV proven byte-equivalent to production,imported 2026-07-25 from content-identical official data; production values proven unchanged by digest
0187,5065,TA,TA Cheyenne,WY,Burns,140,net-new,exact-match,"(imported-row: name+state unique, value digest 2ac6c659… proven)",site->import name+state; import CSV proven byte-equivalent to production,imported 2026-07-25 from content-identical official data; production values proven unchanged by digest
0188,5067,TA,TA Ft. Bridger,WY,Ft. Bridger,165,net-new,exact-match,"(imported-row: name+state unique, value digest 2ac6c659… proven)",site->import name+state; import CSV proven byte-equivalent to production,imported 2026-07-25 from content-identical official data; production values proven unchanged by digest
0193,512,TA,TA Grand Island,NE,Alda,82,net-new,exact-match,"(imported-row: name+state unique, value digest 2ac6c659… proven)",site->import name+state; import CSV proven byte-equivalent to production,imported 2026-07-25 from content-identical official data; production values proven unchanged by digest
0194,102,TA,TA Pembroke,NY,Corfu,132,net-new,exact-match,"(imported-row: name+state unique, value digest 2ac6c659… proven)",site->import name+state; import CSV proven byte-equivalent to production,imported 2026-07-25 from content-identical official data; production values proven unchanged by digest
0197,672,TA,TA Vero Beach,FL,Vero Beach,162,manual-review-merge,safe-enrichment,7d74bb54-f22d-4594-8bc8-9d9710f88ac0,site_id->prior-review-exact-production-id+row-name-cites-site-number+street-number-agrees+coordinate_121m,existing row is missing parking_spaces; blank-only fill prepared from the official master
0199,5199,TA,TA Troy,IL,Troy,92,net-new,exact-match,"(imported-row: name+state unique, value digest 2ac6c659… proven)",site->import name+state; import CSV proven byte-equivalent to production,imported 2026-07-25 from content-identical official data; production values proven unchanged by digest
0201,6201,TA,TA Davy Crockett Travel Center,TN,Greeneville,245,net-new,exact-match,"(imported-row: name+state unique, value digest 2ac6c659… proven)",site->import name+state; import CSV proven byte-equivalent to production,imported 2026-07-25 from content-identical official data; production values proven unchanged by digest
0207,6207,TA,TA Binghamton,NY,Binghamton,125,net-new,exact-match,"(imported-row: name+state unique, value digest 2ac6c659… proven)",site->import name+state; import CSV proven byte-equivalent to production,imported 2026-07-25 from content-identical official data; production values proven unchanged by digest
0208,6208,TA,TA Dansville,NY,Dansville,102,net-new,exact-match,"(imported-row: name+state unique, value digest 2ac6c659… proven)",site->import name+state; import CSV proven byte-equivalent to production,imported 2026-07-25 from content-identical official data; production values proven unchanged by digest
0210,6210,TA,TA Maybrook,NY,Montgomery,160,net-new,exact-match,"(imported-row: name+state unique, value digest 2ac6c659… proven)",site->import name+state; import CSV proven byte-equivalent to production,imported 2026-07-25 from content-identical official data; production values proven unchanged by digest
0211,6211,TA,TA Greenland,NH,Greenland,72,net-new,exact-match,"(imported-row: name+state unique, value digest 2ac6c659… proven)",site->import name+state; import CSV proven byte-equivalent to production,imported 2026-07-25 from content-identical official data; production values proven unchanged by digest
0212,6212,TA,TA Bloomsburg,PA,Bloomsburg,190,net-new,exact-match,"(imported-row: name+state unique, value digest 2ac6c659… proven)",site->import name+state; import CSV proven byte-equivalent to production,imported 2026-07-25 from content-identical official data; production values proven unchanged by digest
0213,6213,TA,TA Greencastle,PA,Greencastle,190,net-new,exact-match,"(imported-row: name+state unique, value digest 2ac6c659… proven)",site->import name+state; import CSV proven byte-equivalent to production,imported 2026-07-25 from content-identical official data; production values proven unchanged by digest
0214,6214,TA,TA Milesburg,PA,Milesburg,122,net-new,exact-match,"(imported-row: name+state unique, value digest 2ac6c659… proven)",site->import name+state; import CSV proven byte-equivalent to production,imported 2026-07-25 from content-identical official data; production values proven unchanged by digest
0215,6215,TA,TA Harborcreek,PA,Erie,266,net-new,exact-match,"(imported-row: name+state unique, value digest 2ac6c659… proven)",site->import name+state; import CSV proven byte-equivalent to production,imported 2026-07-25 from content-identical official data; production values proven unchanged by digest
0216,6216,TA,TA Baltimore,MD,Baltimore,181,manual-review-merge,safe-enrichment,e102d6bd-874c-43d0-b9f6-c8a9dbbe4832,site_id->prior-review-exact-production-id+row-name-cites-site-number+address-identical+coordinate_0m,existing row is missing parking_spaces; blank-only fill prepared from the official master
0220,6220,TA,TA Porter,IN,Porter,212,net-new,exact-match,"(imported-row: name+state unique, value digest 2ac6c659… proven)",site->import name+state; import CSV proven byte-equivalent to production,imported 2026-07-25 from content-identical official data; production values proven unchanged by digest
0221,6221,TA,TA Candler,NC,Candler,106,manual-review-merge,safe-enrichment,91b8ddaa-6012-4ab7-839a-ded888eb912d,site_id->prior-review-exact-production-id+row-name-cites-site-number+street-number-agrees,"existing row is missing lat, lng; blank-only fill prepared from the official master"
0224,6224,TA,TA Prescott,AR,Prescott,292,net-new,exact-match,"(imported-row: name+state unique, value digest 2ac6c659… proven)",site->import name+state; import CSV proven byte-equivalent to production,imported 2026-07-25 from content-identical official data; production values proven unchanged by digest
0225,6225,TA,TA Tonopah,AZ,Tonopah,407,net-new,exact-match,"(imported-row: name+state unique, value digest 2ac6c659… proven)",site->import name+state; import CSV proven byte-equivalent to production,imported 2026-07-25 from content-identical official data; production values proven unchanged by digest
0226,6226,TA,TA Willcox,AZ,Willcox,229,net-new,exact-match,"(imported-row: name+state unique, value digest 2ac6c659… proven)",site->import name+state; import CSV proven byte-equivalent to production,imported 2026-07-25 from content-identical official data; production values proven unchanged by digest
0227,6227,TA,TA Barstow,CA,Barstow,303,net-new,exact-match,"(imported-row: name+state unique, value digest 2ac6c659… proven)",site->import name+state; import CSV proven byte-equivalent to production,imported 2026-07-25 from content-identical official data; production values proven unchanged by digest
0228,6228,TA,TA Limon,CO,Limon,104,net-new,exact-match,"(imported-row: name+state unique, value digest 2ac6c659… proven)",site->import name+state; import CSV proven byte-equivalent to production,imported 2026-07-25 from content-identical official data; production values proven unchanged by digest
0229,6229,TA,TA Moriarty,NM,Moriarty,245,net-new,exact-match,"(imported-row: name+state unique, value digest 2ac6c659… proven)",site->import name+state; import CSV proven byte-equivalent to production,imported 2026-07-25 from content-identical official data; production values proven unchanged by digest
0230,6230,TA,TA Big Spring,TX,Big Spring,108,net-new,exact-match,"(imported-row: name+state unique, value digest 2ac6c659… proven)",site->import name+state; import CSV proven byte-equivalent to production,imported 2026-07-25 from content-identical official data; production values proven unchanged by digest
0231,6231,TA,TA Ganado,TX,Ganado,104,net-new,exact-match,"(imported-row: name+state unique, value digest 2ac6c659… proven)",site->import name+state; import CSV proven byte-equivalent to production,imported 2026-07-25 from content-identical official data; production values proven unchanged by digest
0232,6232,TA,TA New Braunfels,TX,New Braunfels,220,net-new,exact-match,"(imported-row: name+state unique, value digest 2ac6c659… proven)",site->import name+state; import CSV proven byte-equivalent to production,imported 2026-07-25 from content-identical official data; production values proven unchanged by digest
0233,6233,TA,TA Terrell,TX,Terrell,300,net-new,exact-match,"(imported-row: name+state unique, value digest 2ac6c659… proven)",site->import name+state; import CSV proven byte-equivalent to production,imported 2026-07-25 from content-identical official data; production values proven unchanged by digest
0234,6234,TA,TA Rawlins,WY,Rawlins,188,net-new,exact-match,"(imported-row: name+state unique, value digest 2ac6c659… proven)",site->import name+state; import CSV proven byte-equivalent to production,imported 2026-07-25 from content-identical official data; production values proven unchanged by digest
0235,5085,TA,TA Edinburg,TX,Edinburg,105,net-new,exact-match,"(imported-row: name+state unique, value digest 2ac6c659… proven)",site->import name+state; import CSV proven byte-equivalent to production,imported 2026-07-25 from content-identical official data; production values proven unchanged by digest
0236,6236,TA,TA Morris,IL,Morris,292,net-new,exact-match,"(imported-row: name+state unique, value digest 2ac6c659… proven)",site->import name+state; import CSV proven byte-equivalent to production,imported 2026-07-25 from content-identical official data; production values proven unchanged by digest
0237,6237,TA,TA Greenwood,LA,Greenwood,177,net-new,exact-match,"(imported-row: name+state unique, value digest 2ac6c659… proven)",site->import name+state; import CSV proven byte-equivalent to production,imported 2026-07-25 from content-identical official data; production values proven unchanged by digest
0238,6238,Petro,Petro Columbia,SC,Columbia,134,net-new,exact-match,"(imported-row: name+state unique, value digest 2ac6c659… proven)",site->import name+state; import CSV proven byte-equivalent to production,imported 2026-07-25 from content-identical official data; production values proven unchanged by digest
0239,6239,TA,TA Wheeler Ridge,CA,Arvin,306,net-new,exact-match,"(imported-row: name+state unique, value digest 2ac6c659… proven)",site->import name+state; import CSV proven byte-equivalent to production,imported 2026-07-25 from content-identical official data; production values proven unchanged by digest
0241,6241,TA,TA DeMotte,IN,DeMotte,133,net-new,exact-match,"(imported-row: name+state unique, value digest 2ac6c659… proven)",site->import name+state; import CSV proven byte-equivalent to production,imported 2026-07-25 from content-identical official data; production values proven unchanged by digest
0242,6242,TA,TA Battle Creek,MI,Battle Creek,157,net-new,exact-match,"(imported-row: name+state unique, value digest 2ac6c659… proven)",site->import name+state; import CSV proven byte-equivalent to production,imported 2026-07-25 from content-identical official data; production values proven unchanged by digest
0245,6245,TA,TA Denmark,TN,Denmark,92,manual-review-merge,safe-enrichment,09974385-8c93-4bb5-be59-13552b53e2b3,site_id->prior-review-exact-production-id+row-name-cites-site-number+street-number-agrees,"existing row is missing lat, lng; blank-only fill prepared from the official master"
0246,6246,TA,TA Holbrook,AZ,Holbrook,75,net-new,exact-match,"(imported-row: name+state unique, value digest 2ac6c659… proven)",site->import name+state; import CSV proven byte-equivalent to production,imported 2026-07-25 from content-identical official data; production values proven unchanged by digest
0247,6247,TA,TA Baldwin,FL,Baldwin,90,net-new,exact-match,"(imported-row: name+state unique, value digest 2ac6c659… proven)",site->import name+state; import CSV proven byte-equivalent to production,imported 2026-07-25 from content-identical official data; production values proven unchanged by digest
0248,6248,TA,TA Jacksonville South,FL,Jacksonville,87,net-new,exact-match,"(imported-row: name+state unique, value digest 2ac6c659… proven)",site->import name+state; import CSV proven byte-equivalent to production,imported 2026-07-25 from content-identical official data; production values proven unchanged by digest
0249,6249,TA,TA Lake Park,GA,Lake Park,75,manual-review-merge,exact-match,93653e22-f954-4d6b-acd8-9f547ce4b947,site_id->prior-review-exact-production-id+row-name-cites-site-number+street-number-agrees+coordinate_6m,existing row already carries everything the master states
0251,6251,TA,TA Mocksville,NC,Mocksville,130,net-new,exact-match,"(imported-row: name+state unique, value digest 2ac6c659… proven)",site->import name+state; import CSV proven byte-equivalent to production,imported 2026-07-25 from content-identical official data; production values proven unchanged by digest
0252,6252,TA,TA Beto Junction,KS,Lebo,226,net-new,exact-match,"(imported-row: name+state unique, value digest 2ac6c659… proven)",site->import name+state; import CSV proven byte-equivalent to production,imported 2026-07-25 from content-identical official data; production values proven unchanged by digest
0253,6253,TA,TA West Greenwich,RI,West Greenwich,180,net-new,exact-match,"(imported-row: name+state unique, value digest 2ac6c659… proven)",site->import name+state; import CSV proven byte-equivalent to production,imported 2026-07-25 from content-identical official data; production values proven unchanged by digest
0254,6254,TA,TA Brooklyn,IA,Brooklyn,70,net-new,exact-match,"(imported-row: name+state unique, value digest 2ac6c659… proven)",site->import name+state; import CSV proven byte-equivalent to production,imported 2026-07-25 from content-identical official data; production values proven unchanged by digest
0255,6255,TA,TA Caryville,TN,Pioneer,80,existing-match,exact-match,25bbe285-2b82-4ad4-a1fb-5dd82073d31f,site_id->prior-review-exact-production-id+street-number-agrees,existing row already carries everything the master states
0257,6257,TA,TA Clayton,IN,Clayton,100,net-new,exact-match,"(imported-row: name+state unique, value digest 2ac6c659… proven)",site->import name+state; import CSV proven byte-equivalent to production,imported 2026-07-25 from content-identical official data; production values proven unchanged by digest
0258,6258,TA,TA Brunswick,GA,Brunswick,107,manual-review-merge,safe-enrichment,28c41568-118b-4e1f-aee1-469f8a634af9,site_id->prior-review-exact-production-id+street-number-agrees+coordinate_82m,existing row is missing parking_spaces; blank-only fill prepared from the official master
0259,6259,TA Express,TA Express Alexander,ND,Alexander,55,net-new,exact-match,"(imported-row: name+state unique, value digest 2ac6c659… proven)",site->import name+state; import CSV proven byte-equivalent to production,imported 2026-07-25 from content-identical official data; production values proven unchanged by digest
0261,6261,TA,TA Laurel,MT,Laurel,80,net-new,exact-match,"(imported-row: name+state unique, value digest 2ac6c659… proven)",site->import name+state; import CSV proven byte-equivalent to production,imported 2026-07-25 from content-identical official data; production values proven unchanged by digest
0266,6266,TA,TA Denton,TX,Denton,138,net-new,exact-match,"(imported-row: name+state unique, value digest 2ac6c659… proven)",site->import name+state; import CSV proven byte-equivalent to production,imported 2026-07-25 from content-identical official data; production values proven unchanged by digest
0268,6268,TA,TA Atlanta South,GA,Jackson,108,keep-separate,exact-match,"(imported-row: name+state unique, value digest 2ac6c659… proven)",site->import name+state; import CSV proven byte-equivalent to production,imported 2026-07-25 from content-identical official data; production values proven unchanged by digest
0269,6269,TA,TA Knoxville West,TN,Knoxville,176,existing-match,safe-enrichment,cd4783d1-b67c-4c09-b056-6a72f5606229,site_id->prior-review-exact-production-id+street-number-agrees,"existing row is missing lat, lng; blank-only fill prepared from the official master"
0270,6270,TA,TA Bernardo,TX,Sealy,43,net-new,exact-match,"(imported-row: name+state unique, value digest 2ac6c659… proven)",site->import name+state; import CSV proven byte-equivalent to production,imported 2026-07-25 from content-identical official data; production values proven unchanged by digest
0272,1750,TA Express,TA Express Steele,ND,Steele,70,net-new,exact-match,"(imported-row: name+state unique, value digest 2ac6c659… proven)",site->import name+state; import CSV proven byte-equivalent to production,imported 2026-07-25 from content-identical official data; production values proven unchanged by digest
0273,6273,TA Express,TA Express Hot Springs,SD,Hot Springs,75,net-new,exact-match,"(imported-row: name+state unique, value digest 2ac6c659… proven)",site->import name+state; import CSV proven byte-equivalent to production,imported 2026-07-25 from content-identical official data; production values proven unchanged by digest
0274,6274,TA Express,TA Express Summit,SD,Summit,70,net-new,exact-match,"(imported-row: name+state unique, value digest 2ac6c659… proven)",site->import name+state; import CSV proven byte-equivalent to production,imported 2026-07-25 from content-identical official data; production values proven unchanged by digest
0275,6275,TA Express,TA Express Vermillion,SD,Burbank,105,net-new,exact-match,"(imported-row: name+state unique, value digest 2ac6c659… proven)",site->import name+state; import CSV proven byte-equivalent to production,imported 2026-07-25 from content-identical official data; production values proven unchanged by digest
0276,6276,TA,TA Huntington,OR,Huntington,140,net-new,exact-match,"(imported-row: name+state unique, value digest 2ac6c659… proven)",site->import name+state; import CSV proven byte-equivalent to production,imported 2026-07-25 from content-identical official data; production values proven unchanged by digest
0277,6277,TA Express,TA Express Baytown South,TX,Baytown,29,net-new,exact-match,"(imported-row: name+state unique, value digest 2ac6c659… proven)",site->import name+state; import CSV proven byte-equivalent to production,imported 2026-07-25 from content-identical official data; production values proven unchanged by digest
0279,6279,TA Express,TA Express Biggs Junction,OR,Wasco,35,net-new,exact-match,"(imported-row: name+state unique, value digest 2ac6c659… proven)",site->import name+state; import CSV proven byte-equivalent to production,imported 2026-07-25 from content-identical official data; production values proven unchanged by digest
0281,6281,TA Express,TA Express Kilgore,TX,Kilgore,63,net-new,exact-match,"(imported-row: name+state unique, value digest 2ac6c659… proven)",site->import name+state; import CSV proven byte-equivalent to production,imported 2026-07-25 from content-identical official data; production values proven unchanged by digest
0282,6282,TA Express,TA Express Almeda,TX,Almeda,50,net-new,exact-match,"(imported-row: name+state unique, value digest 2ac6c659… proven)",site->import name+state; import CSV proven byte-equivalent to production,imported 2026-07-25 from content-identical official data; production values proven unchanged by digest
0283,6283,TA Express,TA Express West Point,GA,West Point,26,net-new,exact-match,"(imported-row: name+state unique, value digest 2ac6c659… proven)",site->import name+state; import CSV proven byte-equivalent to production,imported 2026-07-25 from content-identical official data; production values proven unchanged by digest
0284,6284,TA Express,TA Express Edgerton,KS,Edgerton,90,net-new,exact-match,"(imported-row: name+state unique, value digest 2ac6c659… proven)",site->import name+state; import CSV proven byte-equivalent to production,imported 2026-07-25 from content-identical official data; production values proven unchanged by digest
0286,6286,TA Express,TA Express Mount Vernon,TX,Mount Vernon,110,net-new,exact-match,"(imported-row: name+state unique, value digest 2ac6c659… proven)",site->import name+state; import CSV proven byte-equivalent to production,imported 2026-07-25 from content-identical official data; production values proven unchanged by digest
0287,6287,TA Express,TA Express Cookeville,TN,Cookeville,59,existing-match,safe-enrichment,68afff98-8a4c-42be-b099-e87e50b08a38,site_id->prior-review-exact-production-id+street-number-agrees,"existing row is missing lat, lng; blank-only fill prepared from the official master"
0288,6288,TA,TA Lake City,FL,Lake City,250,manual-review-merge,safe-enrichment,687996be-4fd9-4464-a9b3-3df5b2c7f505,site_id->prior-review-exact-production-id+row-name-cites-site-number+street-number-agrees,"existing row is missing lat, lng; blank-only fill prepared from the official master"
0289,6289,TA Express,TA Express Nacogdoches,TX,Nacogdoches,95,net-new,exact-match,"(imported-row: name+state unique, value digest 2ac6c659… proven)",site->import name+state; import CSV proven byte-equivalent to production,imported 2026-07-25 from content-identical official data; production values proven unchanged by digest
0290,6290,TA Express,TA Express Fairfield,TX,Fairfield,102,net-new,exact-match,"(imported-row: name+state unique, value digest 2ac6c659… proven)",site->import name+state; import CSV proven byte-equivalent to production,imported 2026-07-25 from content-identical official data; production values proven unchanged by digest
0292,6292,TA Express,TA Express White Hills,AZ,White Hills,67,net-new,exact-match,"(imported-row: name+state unique, value digest 2ac6c659… proven)",site->import name+state; import CSV proven byte-equivalent to production,imported 2026-07-25 from content-identical official data; production values proven unchanged by digest
0293,6293,TA Express,TA Express Carthage,TX,Carthage,76,net-new,exact-match,"(imported-row: name+state unique, value digest 2ac6c659… proven)",site->import name+state; import CSV proven byte-equivalent to production,imported 2026-07-25 from content-identical official data; production values proven unchanged by digest
0301,6301,Petro,Petro El Paso,TX,El Paso,290,net-new,exact-match,"(imported-row: name+state unique, value digest 2ac6c659… proven)",site->import name+state; import CSV proven byte-equivalent to production,imported 2026-07-25 from content-identical official data; production values proven unchanged by digest
0302,6302,Petro,Petro Weatherford,TX,Weatherford,275,net-new,exact-match,"(imported-row: name+state unique, value digest 2ac6c659… proven)",site->import name+state; import CSV proven byte-equivalent to production,imported 2026-07-25 from content-identical official data; production values proven unchanged by digest
0303,6303,Petro,Petro Laramie,WY,Laramie,236,net-new,exact-match,"(imported-row: name+state unique, value digest 2ac6c659… proven)",site->import name+state; import CSV proven byte-equivalent to production,imported 2026-07-25 from content-identical official data; production values proven unchanged by digest
0304,6304,Petro,Petro Beaumont,TX,Beaumont,275,net-new,exact-match,"(imported-row: name+state unique, value digest 2ac6c659… proven)",site->import name+state; import CSV proven byte-equivalent to production,imported 2026-07-25 from content-identical official data; production values proven unchanged by digest
0305,6305,Petro,Petro San Antonio,TX,San Antonio,250,net-new,exact-match,"(imported-row: name+state unique, value digest 2ac6c659… proven)",site->import name+state; import CSV proven byte-equivalent to production,imported 2026-07-25 from content-identical official data; production values proven unchanged by digest
0306,6306,Petro,Petro Eloy,AZ,Casa Grande,175,net-new,exact-match,"(imported-row: name+state unique, value digest 2ac6c659… proven)",site->import name+state; import CSV proven byte-equivalent to production,imported 2026-07-25 from content-identical official data; production values proven unchanged by digest
0307,6307,Petro,Petro Amarillo,TX,Amarillo,280,net-new,exact-match,"(imported-row: name+state unique, value digest 2ac6c659… proven)",site->import name+state; import CSV proven byte-equivalent to production,imported 2026-07-25 from content-identical official data; production values proven unchanged by digest
0308,6308,Petro,Petro Shreveport,LA,Shreveport,218,net-new,exact-match,"(imported-row: name+state unique, value digest 2ac6c659… proven)",site->import name+state; import CSV proven byte-equivalent to production,imported 2026-07-25 from content-identical official data; production values proven unchanged by digest
0309,6309,Petro,Petro Corning,CA,Corning,120,net-new,exact-match,"(imported-row: name+state unique, value digest 2ac6c659… proven)",site->import name+state; import CSV proven byte-equivalent to production,imported 2026-07-25 from content-identical official data; production values proven unchanged by digest
0310,6310,Petro,Petro Hammond,LA,Hammond,200,net-new,exact-match,"(imported-row: name+state unique, value digest 2ac6c659… proven)",site->import name+state; import CSV proven byte-equivalent to production,imported 2026-07-25 from content-identical official data; production values proven unchanged by digest
0311,6311,Petro,Petro W. Memphis,AR,West Memphis,280,manual-review-merge,safe-enrichment,20ea502e-9d1f-43e3-b369-520d35c38c5f,site_id->prior-review-exact-production-id+row-name-cites-site-number+street-number-agrees,"existing row is missing lat, lng; blank-only fill prepared from the official master"
0312,6312,Petro,Petro Knoxville,TN,Knoxville,250,existing-match,safe-enrichment,5e829807-6932-4f13-b44f-e5dea115f755,site_id->prior-review-exact-production-id+street-number-agrees,"existing row is missing lat, lng; blank-only fill prepared from the official master"
0313,6313,Petro,Petro Milan,NM,Milan,200,net-new,exact-match,"(imported-row: name+state unique, value digest 2ac6c659… proven)",site->import name+state; import CSV proven byte-equivalent to production,imported 2026-07-25 from content-identical official data; production values proven unchanged by digest
0314,6314,Petro,Petro Bordentown,NJ,Bordentown,490,net-new,exact-match,"(imported-row: name+state unique, value digest 2ac6c659… proven)",site->import name+state; import CSV proven byte-equivalent to production,imported 2026-07-25 from content-identical official data; production values proven unchanged by digest
0315,6315,Petro,Petro Kingman,AZ,Kingman,280,net-new,exact-match,"(imported-row: name+state unique, value digest 2ac6c659… proven)",site->import name+state; import CSV proven byte-equivalent to production,imported 2026-07-25 from content-identical official data; production values proven unchanged by digest
0316,6316,Petro,Petro Oklahoma City,OK,Oklahoma City,280,net-new,exact-match,"(imported-row: name+state unique, value digest 2ac6c659… proven)",site->import name+state; import CSV proven byte-equivalent to production,imported 2026-07-25 from content-identical official data; production values proven unchanged by digest
0317,6317,Petro,Petro Perrysburg,OH,Perrysburg,375,net-new,exact-match,"(imported-row: name+state unique, value digest 2ac6c659… proven)",site->import name+state; import CSV proven byte-equivalent to production,imported 2026-07-25 from content-identical official data; production values proven unchanged by digest
0318,6318,Petro,Petro Kingdom City,MO,Kingdom City,235,net-new,exact-match,"(imported-row: name+state unique, value digest 2ac6c659… proven)",site->import name+state; import CSV proven byte-equivalent to production,imported 2026-07-25 from content-identical official data; production values proven unchanged by digest
0319,6319,Petro,Petro Bucksville,AL,McCalla,255,net-new,exact-match,"(imported-row: name+state unique, value digest 2ac6c659… proven)",site->import name+state; import CSV proven byte-equivalent to production,imported 2026-07-25 from content-identical official data; production values proven unchanged by digest
0320,6320,Petro,Petro Girard,OH,Girard,323,net-new,exact-match,"(imported-row: name+state unique, value digest 2ac6c659… proven)",site->import name+state; import CSV proven byte-equivalent to production,imported 2026-07-25 from content-identical official data; production values proven unchanged by digest
0321,6321,Petro,Petro Effingham,IL,Effingham,212,net-new,exact-match,"(imported-row: name+state unique, value digest 2ac6c659… proven)",site->import name+state; import CSV proven byte-equivalent to production,imported 2026-07-25 from content-identical official data; production values proven unchanged by digest
0322,6322,Petro,Petro Atlanta,GA,Atlanta,411,net-new,exact-match,"(imported-row: name+state unique, value digest 2ac6c659… proven)",site->import name+state; import CSV proven byte-equivalent to production,imported 2026-07-25 from content-identical official data; production values proven unchanged by digest
0323,6323,Petro,Petro Ocala,FL,Reddick,270,manual-review-merge,safe-enrichment,904bda8d-b42d-49ce-88d2-5b2fd4ca4191,site_id->prior-review-exact-production-id+row-name-cites-site-number+street-number-agrees,"existing row is missing lat, lng; blank-only fill prepared from the official master"
0324,6324,Petro,Petro Phoenix,OR,Phoenix,87,net-new,exact-match,"(imported-row: name+state unique, value digest 2ac6c659… proven)",site->import name+state; import CSV proven byte-equivalent to production,imported 2026-07-25 from content-identical official data; production values proven unchanged by digest
0325,6325,Petro,Petro North Baltimore,OH,North Baltimore,250,manual-review-merge,safe-enrichment,bb4d283f-1f08-4acd-a062-850f5bc309c6,site_id->prior-review-exact-production-id+row-name-cites-site-number+address-identical,"existing row is missing lat, lng; blank-only fill prepared from the official master"
0326,6326,Petro,Petro N. Little Rock,AR,North Little Rock,250,manual-review-merge,safe-enrichment,03c39975-0f38-4f41-97e7-d50d95b9edf0,site_id->prior-review-exact-production-id+row-name-cites-site-number+street-number-agrees,"existing row is missing lat, lng; blank-only fill prepared from the official master"
0327,6327,Petro,Petro Wheeler Ridge,CA,Lebec,415,net-new,exact-match,"(imported-row: name+state unique, value digest 2ac6c659… proven)",site->import name+state; import CSV proven byte-equivalent to production,imported 2026-07-25 from content-identical official data; production values proven unchanged by digest
0329,6329,Petro,Petro Mebane,NC,Mebane,285,net-new,exact-match,"(imported-row: name+state unique, value digest 2ac6c659… proven)",site->import name+state; import CSV proven byte-equivalent to production,imported 2026-07-25 from content-identical official data; production values proven unchanged by digest
0330,6330,Petro,Petro Glendale,KY,Glendale,263,net-new,exact-match,"(imported-row: name+state unique, value digest 2ac6c659… proven)",site->import name+state; import CSV proven byte-equivalent to production,imported 2026-07-25 from content-identical official data; production values proven unchanged by digest
0331,6331,Petro,Petro North Las Vegas,NV,North Las Vegas,207,net-new,exact-match,"(imported-row: name+state unique, value digest 2ac6c659… proven)",site->import name+state; import CSV proven byte-equivalent to production,imported 2026-07-25 from content-identical official data; production values proven unchanged by digest
0333,6333,TA,TA Hillsboro,TX,Hillsboro,201,net-new,exact-match,"(imported-row: name+state unique, value digest 2ac6c659… proven)",site->import name+state; import CSV proven byte-equivalent to production,imported 2026-07-25 from content-identical official data; production values proven unchanged by digest
0336,6336,Petro,Petro Carlisle,PA,Carlisle,380,net-new,exact-match,"(imported-row: name+state unique, value digest 2ac6c659… proven)",site->import name+state; import CSV proven byte-equivalent to production,imported 2026-07-25 from content-identical official data; production values proven unchanged by digest
0338,6338,Petro,Petro Sparks,NV,Sparks,400,net-new,exact-match,"(imported-row: name+state unique, value digest 2ac6c659… proven)",site->import name+state; import CSV proven byte-equivalent to production,imported 2026-07-25 from content-identical official data; production values proven unchanged by digest
0339,6339,Petro,Petro Spokane,WA,Spokane,200,net-new,exact-match,"(imported-row: name+state unique, value digest 2ac6c659… proven)",site->import name+state; import CSV proven byte-equivalent to production,imported 2026-07-25 from content-identical official data; production values proven unchanged by digest
0344,6344,Petro,Petro Kingsland,GA,Kingsland,136,manual-review-merge,safe-enrichment,36d48fe4-d2ce-4d99-987a-9e8341644b7a,site_id->prior-review-exact-production-id+row-name-cites-site-number+street-number-agrees+coordinate_148m,existing row is missing parking_spaces; blank-only fill prepared from the official master
0346,6346,Petro,Petro Santa Nella,CA,Santa Nella,124,net-new,exact-match,"(imported-row: name+state unique, value digest 2ac6c659… proven)",site->import name+state; import CSV proven byte-equivalent to production,imported 2026-07-25 from content-identical official data; production values proven unchanged by digest
0347,6347,TA,TA Truck Service Franklin,KY,Franklin,0,net-new,zero-parking,"(imported-row: name+state unique, value digest 2ac6c659… proven)",site->import name+state; import CSV proven byte-equivalent to production,in the directory as a truck stop; ZERO stated spaces — never counted as truck-parking coverage
0349,6349,Petro,Petro Kingston Springs,TN,Kingston Springs,68,manual-review-merge,safe-enrichment,8018aa5b-c428-465d-9809-fde4e03cd4a2,site_id->prior-review-exact-production-id+row-name-cites-site-number+street-number-agrees,"existing row is missing lat, lng, parking_spaces; blank-only fill prepared from the official master"
0350,6350,TA Express,TA Express Vinton,TX,Canutillo,65,net-new,exact-match,"(imported-row: name+state unique, value digest 2ac6c659… proven)",site->import name+state; import CSV proven byte-equivalent to production,imported 2026-07-25 from content-identical official data; production values proven unchanged by digest
0352,6352,Petro,Petro Gadsden,AL,Gadsden,162,net-new,exact-match,"(imported-row: name+state unique, value digest 2ac6c659… proven)",site->import name+state; import CSV proven byte-equivalent to production,imported 2026-07-25 from content-identical official data; production values proven unchanged by digest
0354,6354,Petro,Petro Joplin,MO,Joplin,465,net-new,exact-match,"(imported-row: name+state unique, value digest 2ac6c659… proven)",site->import name+state; import CSV proven byte-equivalent to production,imported 2026-07-25 from content-identical official data; production values proven unchanged by digest
0357,6357,Petro,Petro New Paris,OH,New Paris,197,net-new,exact-match,"(imported-row: name+state unique, value digest 2ac6c659… proven)",site->import name+state; import CSV proven byte-equivalent to production,imported 2026-07-25 from content-identical official data; production values proven unchanged by digest
0359,6359,Petro,Petro Rochelle,IL,Rochelle,350,net-new,exact-match,"(imported-row: name+state unique, value digest 2ac6c659… proven)",site->import name+state; import CSV proven byte-equivalent to production,imported 2026-07-25 from content-identical official data; production values proven unchanged by digest
0361,6361,Petro,Petro Fargo,ND,Fargo,209,net-new,exact-match,"(imported-row: name+state unique, value digest 2ac6c659… proven)",site->import name+state; import CSV proven byte-equivalent to production,imported 2026-07-25 from content-identical official data; production values proven unchanged by digest
0362,6362,Petro,Petro York,NE,York,250,net-new,exact-match,"(imported-row: name+state unique, value digest 2ac6c659… proven)",site->import name+state; import CSV proven byte-equivalent to production,imported 2026-07-25 from content-identical official data; production values proven unchanged by digest
0367,6367,Petro,Petro Monee,IL,Monee,90,net-new,exact-match,"(imported-row: name+state unique, value digest 2ac6c659… proven)",site->import name+state; import CSV proven byte-equivalent to production,imported 2026-07-25 from content-identical official data; production values proven unchanged by digest
0369,6369,Petro,Petro Gary,IN,Gary,405,manual-review-merge,safe-enrichment,8578017a-7ea0-4c38-a6ed-abf7b5a39d0f,site_id->prior-review-exact-production-id+row-name-cites-site-number+street-number-agrees,"existing row is missing lat, lng; blank-only fill prepared from the official master"
0371,6371,Petro,Petro Waterloo,NY,Waterloo,221,net-new,exact-match,"(imported-row: name+state unique, value digest 2ac6c659… proven)",site->import name+state; import CSV proven byte-equivalent to production,imported 2026-07-25 from content-identical official data; production values proven unchanged by digest
0372,6372,Petro,Petro Glade Spring,VA,Glade Spring,280,net-new,exact-match,"(imported-row: name+state unique, value digest 2ac6c659… proven)",site->import name+state; import CSV proven byte-equivalent to production,imported 2026-07-25 from content-identical official data; production values proven unchanged by digest
0376,6376,Petro,Petro Brazil,IN,Brazil,102,net-new,exact-match,"(imported-row: name+state unique, value digest 2ac6c659… proven)",site->import name+state; import CSV proven byte-equivalent to production,imported 2026-07-25 from content-identical official data; production values proven unchanged by digest
0377,6377,Petro,Petro Carnesville,GA,Carnesville,221,net-new,exact-match,"(imported-row: name+state unique, value digest 2ac6c659… proven)",site->import name+state; import CSV proven byte-equivalent to production,imported 2026-07-25 from content-identical official data; production values proven unchanged by digest
0378,6378,Petro,Petro Scranton,PA,DuPont,428,net-new,exact-match,"(imported-row: name+state unique, value digest 2ac6c659… proven)",site->import name+state; import CSV proven byte-equivalent to production,imported 2026-07-25 from content-identical official data; production values proven unchanged by digest
0379,6379,Petro,Petro Greensburg,IN,Greensburg,90,net-new,exact-match,"(imported-row: name+state unique, value digest 2ac6c659… proven)",site->import name+state; import CSV proven byte-equivalent to production,imported 2026-07-25 from content-identical official data; production values proven unchanged by digest
0382,6382,Petro,Petro Remington,IN,Remington,150,manual-review-merge,safe-enrichment,bd27e9bc-6b14-4810-b20d-26a04702c477,site_id->prior-review-exact-production-id+row-name-cites-site-number+street-number-agrees,"existing row is missing lat, lng; blank-only fill prepared from the official master"
0385,6385,Petro,Petro Deming,NM,Deming,150,net-new,exact-match,"(imported-row: name+state unique, value digest 2ac6c659… proven)",site->import name+state; import CSV proven byte-equivalent to production,imported 2026-07-25 from content-identical official data; production values proven unchanged by digest
0386,6386,Petro,Petro Colby,KS,Colby,90,net-new,exact-match,"(imported-row: name+state unique, value digest 2ac6c659… proven)",site->import name+state; import CSV proven byte-equivalent to production,imported 2026-07-25 from content-identical official data; production values proven unchanged by digest
0388,6388,Petro,Petro Napoleon,OH,Napoleon,107,net-new,exact-match,"(imported-row: name+state unique, value digest 2ac6c659… proven)",site->import name+state; import CSV proven byte-equivalent to production,imported 2026-07-25 from content-identical official data; production values proven unchanged by digest
0389,6389,Petro,Petro Clearwater,MN,Clearwater,200,net-new,exact-match,"(imported-row: name+state unique, value digest 2ac6c659… proven)",site->import name+state; import CSV proven byte-equivalent to production,imported 2026-07-25 from content-identical official data; production values proven unchanged by digest
0392,6392,Petro,Petro Wells,NV,Wells,250,net-new,exact-match,"(imported-row: name+state unique, value digest 2ac6c659… proven)",site->import name+state; import CSV proven byte-equivalent to production,imported 2026-07-25 from content-identical official data; production values proven unchanged by digest
0393,6393,Petro,Petro Florence,SC,Florence,210,manual-review-merge,conflict,beb05d53-db50-49cb-8790-ec01b45c8187,"prior review: address identical, name differs (""Love's Travel Stop #420"") — confirm same business",CROSS-BRAND MISLABEL — the production row at this site's address carries another brand's name. Correction proposed separately with exact-ID guards; nothing executed.
0395,5026,Petro,Petro Kenly,NC,Kenly,350,manual-review-merge,safe-enrichment,0a0c7a0d-2fb0-4201-a93f-b934e2617b5b,site_id->prior-review-exact-production-id+row-name-cites-site-number+address-identical+coordinate_107m,existing row is missing parking_spaces; blank-only fill prepared from the official master
0398,6398,Petro,Petro Albert Lea,MN,Albert Lea,300,net-new,exact-match,"(imported-row: name+state unique, value digest 2ac6c659… proven)",site->import name+state; import CSV proven byte-equivalent to production,imported 2026-07-25 from content-identical official data; production values proven unchanged by digest
0399,6399,Petro,Petro Johnson's Corner,CO,Johnstown,110,net-new,exact-match,"(imported-row: name+state unique, value digest 2ac6c659… proven)",site->import name+state; import CSV proven byte-equivalent to production,imported 2026-07-25 from content-identical official data; production values proven unchanged by digest
0402,6402,Petro,Petro Wilmington,IL,Wilmington,229,net-new,exact-match,"(imported-row: name+state unique, value digest 2ac6c659… proven)",site->import name+state; import CSV proven byte-equivalent to production,imported 2026-07-25 from content-identical official data; production values proven unchanged by digest
0403,6403,Petro,Petro Portage,WI,Portage,300,net-new,exact-match,"(imported-row: name+state unique, value digest 2ac6c659… proven)",site->import name+state; import CSV proven byte-equivalent to production,imported 2026-07-25 from content-identical official data; production values proven unchanged by digest
0418,6418,TA Express,TA Express Statesboro,GA,Register,125,net-new,exact-match,"(imported-row: name+state unique, value digest 2ac6c659… proven)",site->import name+state; import CSV proven byte-equivalent to production,imported 2026-07-25 from content-identical official data; production values proven unchanged by digest
0422,6422,TA,TA Ash Fork,AZ,Ash Fork,200,net-new,exact-match,"(imported-row: name+state unique, value digest 2ac6c659… proven)",site->import name+state; import CSV proven byte-equivalent to production,imported 2026-07-25 from content-identical official data; production values proven unchanged by digest
0426,6426,TA,TA Sweetwater,TX,Sweetwater,110,net-new,exact-match,"(imported-row: name+state unique, value digest 2ac6c659… proven)",site->import name+state; import CSV proven byte-equivalent to production,imported 2026-07-25 from content-identical official data; production values proven unchanged by digest
0427,6427,Petro,Petro Raphine,VA,Raphine,725,net-new,exact-match,"(imported-row: name+state unique, value digest 2ac6c659… proven)",site->import name+state; import CSV proven byte-equivalent to production,imported 2026-07-25 from content-identical official data; production values proven unchanged by digest
0428,6428,TA,TA Lexington,VA,Lexington,250,net-new,exact-match,"(imported-row: name+state unique, value digest 2ac6c659… proven)",site->import name+state; import CSV proven byte-equivalent to production,imported 2026-07-25 from content-identical official data; production values proven unchanged by digest
0430,6430,TA Express,TA Express Olancha,CA,Olancha,70,net-new,exact-match,"(imported-row: name+state unique, value digest 2ac6c659… proven)",site->import name+state; import CSV proven byte-equivalent to production,imported 2026-07-25 from content-identical official data; production values proven unchanged by digest
0431,6431,TA Express,TA Express Osseo,WI,Osseo,60,net-new,exact-match,"(imported-row: name+state unique, value digest 2ac6c659… proven)",site->import name+state; import CSV proven byte-equivalent to production,imported 2026-07-25 from content-identical official data; production values proven unchanged by digest
0433,6433,TA Express,TA Express Riverton,IL,Riverton,44,net-new,exact-match,"(imported-row: name+state unique, value digest 2ac6c659… proven)",site->import name+state; import CSV proven byte-equivalent to production,imported 2026-07-25 from content-identical official data; production values proven unchanged by digest
0435,6435,TA Express,TA Express Thomson,GA,Thomson,100,net-new,exact-match,"(imported-row: name+state unique, value digest 2ac6c659… proven)",site->import name+state; import CSV proven byte-equivalent to production,imported 2026-07-25 from content-identical official data; production values proven unchanged by digest
0437,6437,TA Express,TA Express Ronks,PA,Ronks,41,net-new,exact-match,"(imported-row: name+state unique, value digest 2ac6c659… proven)",site->import name+state; import CSV proven byte-equivalent to production,imported 2026-07-25 from content-identical official data; production values proven unchanged by digest
0442,6442,TA Express,TA Express Huntsville,TX,Huntsville,50,net-new,exact-match,"(imported-row: name+state unique, value digest 2ac6c659… proven)",site->import name+state; import CSV proven byte-equivalent to production,imported 2026-07-25 from content-identical official data; production values proven unchanged by digest
0443,6443,TA Express,TA Express Eagleville,MO,Eagleville,40,net-new,exact-match,"(imported-row: name+state unique, value digest 2ac6c659… proven)",site->import name+state; import CSV proven byte-equivalent to production,imported 2026-07-25 from content-identical official data; production values proven unchanged by digest
0444,6444,TA Express,TA Express Dale,IN,Dale,130,net-new,exact-match,"(imported-row: name+state unique, value digest 2ac6c659… proven)",site->import name+state; import CSV proven byte-equivalent to production,imported 2026-07-25 from content-identical official data; production values proven unchanged by digest
0445,6445,TA Express,TA Express Pleasanton,TX,Pleasanton,75,net-new,exact-match,"(imported-row: name+state unique, value digest 2ac6c659… proven)",site->import name+state; import CSV proven byte-equivalent to production,imported 2026-07-25 from content-identical official data; production values proven unchanged by digest
0448,6448,TA Express,TA Express Jonesboro,AR,Jonesboro,90,net-new,exact-match,"(imported-row: name+state unique, value digest 2ac6c659… proven)",site->import name+state; import CSV proven byte-equivalent to production,imported 2026-07-25 from content-identical official data; production values proven unchanged by digest
0449,6449,TA Express,TA Express Belton,TX,Belton,64,net-new,exact-match,"(imported-row: name+state unique, value digest 2ac6c659… proven)",site->import name+state; import CSV proven byte-equivalent to production,imported 2026-07-25 from content-identical official data; production values proven unchanged by digest
0450,6450,TA Express,TA Express Norwood,MO,Norwood,40,net-new,exact-match,"(imported-row: name+state unique, value digest 2ac6c659… proven)",site->import name+state; import CSV proven byte-equivalent to production,imported 2026-07-25 from content-identical official data; production values proven unchanged by digest
0451,6451,TA Express,TA Express Tonkawa,OK,Tonkawa,32,net-new,exact-match,"(imported-row: name+state unique, value digest 2ac6c659… proven)",site->import name+state; import CSV proven byte-equivalent to production,imported 2026-07-25 from content-identical official data; production values proven unchanged by digest
0456,6456,TA Express,TA Express Decatur,TX,Decatur,77,net-new,exact-match,"(imported-row: name+state unique, value digest 2ac6c659… proven)",site->import name+state; import CSV proven byte-equivalent to production,imported 2026-07-25 from content-identical official data; production values proven unchanged by digest
0458,6458,TA Express,TA Express Wendover,NV,West Wendover,153,net-new,exact-match,"(imported-row: name+state unique, value digest 2ac6c659… proven)",site->import name+state; import CSV proven byte-equivalent to production,imported 2026-07-25 from content-identical official data; production values proven unchanged by digest
0459,6459,TA Express,TA Express Littlefield,AZ,Littlefield,200,net-new,exact-match,"(imported-row: name+state unique, value digest 2ac6c659… proven)",site->import name+state; import CSV proven byte-equivalent to production,imported 2026-07-25 from content-identical official data; production values proven unchanged by digest
0460,6460,Petro,Petro Oak Grove,MO,Oak Grove,305,net-new,exact-match,"(imported-row: name+state unique, value digest 2ac6c659… proven)",site->import name+state; import CSV proven byte-equivalent to production,imported 2026-07-25 from content-identical official data; production values proven unchanged by digest
0461,6461,TA,TA Cuba,MO,Cuba,412,net-new,exact-match,"(imported-row: name+state unique, value digest 2ac6c659… proven)",site->import name+state; import CSV proven byte-equivalent to production,imported 2026-07-25 from content-identical official data; production values proven unchanged by digest
0465,6465,TA Express,TA Express Fair Play,SC,Fair Play,52,net-new,exact-match,"(imported-row: name+state unique, value digest 2ac6c659… proven)",site->import name+state; import CSV proven byte-equivalent to production,imported 2026-07-25 from content-identical official data; production values proven unchanged by digest
0468,6468,TA,TA Smiths Grove,KY,Smiths Grove,120,net-new,exact-match,"(imported-row: name+state unique, value digest 2ac6c659… proven)",site->import name+state; import CSV proven byte-equivalent to production,imported 2026-07-25 from content-identical official data; production values proven unchanged by digest
0469,6469,TA,TA Springer,NM,Springer,100,net-new,exact-match,"(imported-row: name+state unique, value digest 2ac6c659… proven)",site->import name+state; import CSV proven byte-equivalent to production,imported 2026-07-25 from content-identical official data; production values proven unchanged by digest
0471,6471,TA,TA Glenrio,NM,Glenrio,175,net-new,exact-match,"(imported-row: name+state unique, value digest 2ac6c659… proven)",site->import name+state; import CSV proven byte-equivalent to production,imported 2026-07-25 from content-identical official data; production values proven unchanged by digest
0476,6476,TA,TA Breezewood,PA,Breezewood,200,net-new,exact-match,"(imported-row: name+state unique, value digest 2ac6c659… proven)",site->import name+state; import CSV proven byte-equivalent to production,imported 2026-07-25 from content-identical official data; production values proven unchanged by digest
0477,6477,TA,TA Cowpens,SC,Cowpens,80,net-new,exact-match,"(imported-row: name+state unique, value digest 2ac6c659… proven)",site->import name+state; import CSV proven byte-equivalent to production,imported 2026-07-25 from content-identical official data; production values proven unchanged by digest
0478,6478,TA Express,TA Express Kansas City,KS,Kansas City,28,net-new,exact-match,"(imported-row: name+state unique, value digest 2ac6c659… proven)",site->import name+state; import CSV proven byte-equivalent to production,imported 2026-07-25 from content-identical official data; production values proven unchanged by digest
0479,6479,TA Express,TA Express Laplace,LA,Laplace,117,net-new,exact-match,"(imported-row: name+state unique, value digest 2ac6c659… proven)",site->import name+state; import CSV proven byte-equivalent to production,imported 2026-07-25 from content-identical official data; production values proven unchanged by digest
0480,6480,TA Express,TA Express St. Rose,LA,St. Rose,55,net-new,exact-match,"(imported-row: name+state unique, value digest 2ac6c659… proven)",site->import name+state; import CSV proven byte-equivalent to production,imported 2026-07-25 from content-identical official data; production values proven unchanged by digest
0481,6481,Goasis,Goasis Breezewood,PA,Breezewood,0,other-pending-category,held,,,brand Goasis is held — separate and untouched unless explicitly authorized; never imported (prior disposition: other-pending-category)
0482,6482,TA,TA Coburg,OR,Coburg,100,net-new,exact-match,"(imported-row: name+state unique, value digest 2ac6c659… proven)",site->import name+state; import CSV proven byte-equivalent to production,imported 2026-07-25 from content-identical official data; production values proven unchanged by digest
0483,6483,Goasis,Goasis Coburg Crossing,OR,Coburg,0,other-pending-category,held,,,brand Goasis is held — separate and untouched unless explicitly authorized; never imported (prior disposition: other-pending-category)
0485,6485,Petro,Petro Dodge City,AL,Hanceville,322,manual-review-merge,safe-enrichment,25721d01-d3ed-4da5-a9cc-448fd166e75b,site_id->prior-review-exact-production-id+street-number-agrees,"existing row is missing lat, lng; blank-only fill prepared from the official master"
0486,6486,TA Express,TA Express Stony Creek,VA,Stony Creek,80,manual-review-merge,safe-enrichment,ebb8ad22-3283-4fc6-9918-66a8ef8ef9dd,site_id->prior-review-exact-production-id+street-number-agrees+coordinate_61m,existing row is missing parking_spaces; blank-only fill prepared from the official master
0487,null,Goasis,Goasis Stony Creek,VA,Stony Creek,0,other-pending-category,held,,,brand Goasis is held — separate and untouched unless explicitly authorized; never imported (prior disposition: other-pending-category)
0488,6488,TA Express,TA Express Warfield,VA,Warfield,80,net-new,exact-match,"(imported-row: name+state unique, value digest 2ac6c659… proven)",site->import name+state; import CSV proven byte-equivalent to production,imported 2026-07-25 from content-identical official data; production values proven unchanged by digest
0489,6489,Thorntons,Thorntons Romeoville,IL,Romeoville,0,other-pending-category,held,,,brand Thorntons is held — separate and untouched unless explicitly authorized; never imported (prior disposition: other-pending-category)
0490,6490,Thorntons,Thorntons Cicero,IL,Cicero,0,other-pending-category,held,,,brand Thorntons is held — separate and untouched unless explicitly authorized; never imported (prior disposition: other-pending-category)
0491,6491,Petro,Petro Racine,WI,Sturtevant,158,net-new,exact-match,"(imported-row: name+state unique, value digest 2ac6c659… proven)",site->import name+state; import CSV proven byte-equivalent to production,imported 2026-07-25 from content-identical official data; production values proven unchanged by digest
0502,6502,TA Express,TA Express Holland,IA,Holland,92,net-new,exact-match,"(imported-row: name+state unique, value digest 2ac6c659… proven)",site->import name+state; import CSV proven byte-equivalent to production,imported 2026-07-25 from content-identical official data; production values proven unchanged by digest
0505,6505,Petro,Petro Shorter,AL,Shorter,53,net-new,exact-match,"(imported-row: name+state unique, value digest 2ac6c659… proven)",site->import name+state; import CSV proven byte-equivalent to production,imported 2026-07-25 from content-identical official data; production values proven unchanged by digest
0506,6506,Petro,Petro Jackson,MS,Jackson,194,net-new,exact-match,"(imported-row: name+state unique, value digest 2ac6c659… proven)",site->import name+state; import CSV proven byte-equivalent to production,imported 2026-07-25 from content-identical official data; production values proven unchanged by digest
0507,6507,TA,TA Columbia North,SC,Columbia,78,net-new,exact-match,"(imported-row: name+state unique, value digest 2ac6c659… proven)",site->import name+state; import CSV proven byte-equivalent to production,imported 2026-07-25 from content-identical official data; production values proven unchanged by digest
0508,6508,TA,TA Fultonville,NY,Fultonville,121,net-new,exact-match,"(imported-row: name+state unique, value digest 2ac6c659… proven)",site->import name+state; import CSV proven byte-equivalent to production,imported 2026-07-25 from content-identical official data; production values proven unchanged by digest
0510,6510,TA Express,TA Express North Houston,TX,Houston,80,net-new,exact-match,"(imported-row: name+state unique, value digest 2ac6c659… proven)",site->import name+state; import CSV proven byte-equivalent to production,imported 2026-07-25 from content-identical official data; production values proven unchanged by digest
0512,6512,TA Express,TA Express Fort Wayne,IN,Fort Wayne,215,net-new,exact-match,"(imported-row: name+state unique, value digest 2ac6c659… proven)",site->import name+state; import CSV proven byte-equivalent to production,imported 2026-07-25 from content-identical official data; production values proven unchanged by digest
0513,6513,TA,TA Jackson,OH,Jackson,110,net-new,exact-match,"(imported-row: name+state unique, value digest 2ac6c659… proven)",site->import name+state; import CSV proven byte-equivalent to production,imported 2026-07-25 from content-identical official data; production values proven unchanged by digest
0515,6515,TA Express,TA Express Junction,TX,Junction,70,net-new,exact-match,"(imported-row: name+state unique, value digest 2ac6c659… proven)",site->import name+state; import CSV proven byte-equivalent to production,imported 2026-07-25 from content-identical official data; production values proven unchanged by digest
0518,6518,TA Express,TA Express Kingsville,TX,Kingsville,40,net-new,exact-match,"(imported-row: name+state unique, value digest 2ac6c659… proven)",site->import name+state; import CSV proven byte-equivalent to production,imported 2026-07-25 from content-identical official data; production values proven unchanged by digest
0519,6519,TA,TA Fillmore,UT,Fillmore,40,net-new,exact-match,"(imported-row: name+state unique, value digest 2ac6c659… proven)",site->import name+state; import CSV proven byte-equivalent to production,imported 2026-07-25 from content-identical official data; production values proven unchanged by digest
0520,6520,TA Express,TA Express Rock Springs,WY,Rock Springs,65,net-new,exact-match,"(imported-row: name+state unique, value digest 2ac6c659… proven)",site->import name+state; import CSV proven byte-equivalent to production,imported 2026-07-25 from content-identical official data; production values proven unchanged by digest
0524,6524,TA,TA Concordia,MO,Concordia,146,net-new,exact-match,"(imported-row: name+state unique, value digest 2ac6c659… proven)",site->import name+state; import CSV proven byte-equivalent to production,imported 2026-07-25 from content-identical official data; production values proven unchanged by digest
0525,6525,TA,TA Rogers,MN,Rogers,80,net-new,exact-match,"(imported-row: name+state unique, value digest 2ac6c659… proven)",site->import name+state; import CSV proven byte-equivalent to production,imported 2026-07-25 from content-identical official data; production values proven unchanged by digest
0526,6526,TA,TA Hudson,WI,Hudson,86,net-new,exact-match,"(imported-row: name+state unique, value digest 2ac6c659… proven)",site->import name+state; import CSV proven byte-equivalent to production,imported 2026-07-25 from content-identical official data; production values proven unchanged by digest
0527,6527,TA,TA Florence,SC,Florence,77,manual-review-merge,safe-enrichment,8bf6630b-8c97-45c5-b219-f6b2e21d760a,site_id->prior-review-exact-production-id+street-number-agrees,existing row is missing parking_spaces; blank-only fill prepared from the official master
0528,6528,TA,TA Bridgeport,MI,Bridgeport,70,manual-review-merge,safe-enrichment,eb48d156-9ad9-4fa3-b8eb-cfc7b29a49a4,site_id->prior-review-exact-production-id+address-identical,"existing row is missing lat, lng; blank-only fill prepared from the official master"
0529,6529,TA,TA Paulsboro,NJ,Paulsboro,175,net-new,exact-match,"(imported-row: name+state unique, value digest 2ac6c659… proven)",site->import name+state; import CSV proven byte-equivalent to production,imported 2026-07-25 from content-identical official data; production values proven unchanged by digest
0530,6530,TA,TA Tekonsha,MI,Tekonsha,85,net-new,exact-match,"(imported-row: name+state unique, value digest 2ac6c659… proven)",site->import name+state; import CSV proven byte-equivalent to production,imported 2026-07-25 from content-identical official data; production values proven unchanged by digest
0531,6531,TA,TA Missoula,MT,Missoula,130,net-new,exact-match,"(imported-row: name+state unique, value digest 2ac6c659… proven)",site->import name+state; import CSV proven byte-equivalent to production,imported 2026-07-25 from content-identical official data; production values proven unchanged by digest
0532,6532,TA,TA Lincoln,AL,Lincoln,45,net-new,exact-match,"(imported-row: name+state unique, value digest 2ac6c659… proven)",site->import name+state; import CSV proven byte-equivalent to production,imported 2026-07-25 from content-identical official data; production values proven unchanged by digest
0533,6533,Petro,Petro North Hillsboro,TX,Hillsboro,91,net-new,exact-match,"(imported-row: name+state unique, value digest 2ac6c659… proven)",site->import name+state; import CSV proven byte-equivalent to production,imported 2026-07-25 from content-identical official data; production values proven unchanged by digest
0534,6534,Petro,Petro Egan,LA,Egan,127,net-new,exact-match,"(imported-row: name+state unique, value digest 2ac6c659… proven)",site->import name+state; import CSV proven byte-equivalent to production,imported 2026-07-25 from content-identical official data; production values proven unchanged by digest
0535,6535,Petro,Petro Angola,IN,Fremont,200,net-new,exact-match,"(imported-row: name+state unique, value digest 2ac6c659… proven)",site->import name+state; import CSV proven byte-equivalent to production,imported 2026-07-25 from content-identical official data; production values proven unchanged by digest
0536,6536,Petro,Petro Salina,KS,Salina,75,net-new,exact-match,"(imported-row: name+state unique, value digest 2ac6c659… proven)",site->import name+state; import CSV proven byte-equivalent to production,imported 2026-07-25 from content-identical official data; production values proven unchanged by digest
0537,6537,Petro,Petro Gaston,IN,Gaston,150,net-new,exact-match,"(imported-row: name+state unique, value digest 2ac6c659… proven)",site->import name+state; import CSV proven byte-equivalent to production,imported 2026-07-25 from content-identical official data; production values proven unchanged by digest
0538,6538,Petro,Petro Pearsall,TX,Pearsall,175,net-new,exact-match,"(imported-row: name+state unique, value digest 2ac6c659… proven)",site->import name+state; import CSV proven byte-equivalent to production,imported 2026-07-25 from content-identical official data; production values proven unchanged by digest
0539,6539,TA,TA Montgomery,AL,Montgomery,125,manual-review-merge,safe-enrichment,2937ca5e-063c-4ac7-b4c4-0e7da286f488,site_id->prior-review-exact-production-id+street-number-agrees,"existing row is missing lat, lng; blank-only fill prepared from the official master"
0543,6543,TA,TA Lake Station,IN,Lake Station,252,net-new,exact-match,"(imported-row: name+state unique, value digest 2ac6c659… proven)",site->import name+state; import CSV proven byte-equivalent to production,imported 2026-07-25 from content-identical official data; production values proven unchanged by digest
0544,6544,TA,TA Franklin,TN,Franklin,74,manual-review-merge,safe-enrichment,d19be5c3-65f2-471d-9281-0cfeeaa8ceb0,site_id->prior-review-exact-production-id+address-identical,"existing row is missing lat, lng; blank-only fill prepared from the official master"
0554,6554,TA,TA Jane Lew,WV,Jane Lew,75,net-new,exact-match,"(imported-row: name+state unique, value digest 2ac6c659… proven)",site->import name+state; import CSV proven byte-equivalent to production,imported 2026-07-25 from content-identical official data; production values proven unchanged by digest
0555,6555,TA Express,TA Express Niagara Falls,NY,Niagara Falls,60,net-new,exact-match,"(imported-row: name+state unique, value digest 2ac6c659… proven)",site->import name+state; import CSV proven byte-equivalent to production,imported 2026-07-25 from content-identical official data; production values proven unchanged by digest
0556,6556,TA Express,TA Express Medley,FL,Medley,58,net-new,exact-match,"(imported-row: name+state unique, value digest 2ac6c659… proven)",site->import name+state; import CSV proven byte-equivalent to production,imported 2026-07-25 from content-identical official data; production values proven unchanged by digest
0567,6567,TA Express,TA Express Grambling,LA,Grambling,31,net-new,exact-match,"(imported-row: name+state unique, value digest 2ac6c659… proven)",site->import name+state; import CSV proven byte-equivalent to production,imported 2026-07-25 from content-identical official data; production values proven unchanged by digest
0648,13648,TA Express,TA Express Brush,CO,Brush,15,net-new,exact-match,"(imported-row: name+state unique, value digest 2ac6c659… proven)",site->import name+state; import CSV proven byte-equivalent to production,imported 2026-07-25 from content-identical official data; production values proven unchanged by digest
0649,13649,TA Express,TA Express Walsenburg,CO,Walsenburg,35,net-new,exact-match,"(imported-row: name+state unique, value digest 2ac6c659… proven)",site->import name+state; import CSV proven byte-equivalent to production,imported 2026-07-25 from content-identical official data; production values proven unchanged by digest
0701,6701,Goasis,Goasis Ashland,OH,Ashland,0,other-pending-category,held,,,brand Goasis is held — separate and untouched unless explicitly authorized; never imported (prior disposition: other-pending-category)
0917,6917,TA Express,TA Express Blaine,WA,Blaine,34,net-new,exact-match,"(imported-row: name+state unique, value digest 2ac6c659… proven)",site->import name+state; import CSV proven byte-equivalent to production,imported 2026-07-25 from content-identical official data; production values proven unchanged by digest
0919,6919,TA,TA Madera,CA,Madera,78,net-new,exact-match,"(imported-row: name+state unique, value digest 2ac6c659… proven)",site->import name+state; import CSV proven byte-equivalent to production,imported 2026-07-25 from content-identical official data; production values proven unchanged by digest
0924,6924,TA,TA Mt. Vernon,MO,Mt Vernon,250,net-new,exact-match,"(imported-row: name+state unique, value digest 2ac6c659… proven)",site->import name+state; import CSV proven byte-equivalent to production,imported 2026-07-25 from content-identical official data; production values proven unchanged by digest
0925,6925,TA,TA McComb,MS,McComb,115,net-new,exact-match,"(imported-row: name+state unique, value digest 2ac6c659… proven)",site->import name+state; import CSV proven byte-equivalent to production,imported 2026-07-25 from content-identical official data; production values proven unchanged by digest
0926,6926,TA Express,TA Express Mooreville,MS,Mooreville,40,net-new,exact-match,"(imported-row: name+state unique, value digest 2ac6c659… proven)",site->import name+state; import CSV proven byte-equivalent to production,imported 2026-07-25 from content-identical official data; production values proven unchanged by digest
0929,6929,TA Express,TA Express Lamar,CO,Lamar,40,net-new,exact-match,"(imported-row: name+state unique, value digest 2ac6c659… proven)",site->import name+state; import CSV proven byte-equivalent to production,imported 2026-07-25 from content-identical official data; production values proven unchanged by digest
0930,6930,TA Express,TA Express South Coffeyville,OK,South Coffeyville,40,net-new,exact-match,"(imported-row: name+state unique, value digest 2ac6c659… proven)",site->import name+state; import CSV proven byte-equivalent to production,imported 2026-07-25 from content-identical official data; production values proven unchanged by digest
0932,6932,TA,TA Garden City,KS,Garden City,150,net-new,exact-match,"(imported-row: name+state unique, value digest 2ac6c659… proven)",site->import name+state; import CSV proven byte-equivalent to production,imported 2026-07-25 from content-identical official data; production values proven unchanged by digest
0933,6933,TA,TA Pueblo,CO,Pueblo,210,net-new,exact-match,"(imported-row: name+state unique, value digest 2ac6c659… proven)",site->import name+state; import CSV proven byte-equivalent to production,imported 2026-07-25 from content-identical official data; production values proven unchanged by digest
0939,6939,TA Express,TA Express Hosston,LA,Hosston,50,net-new,exact-match,"(imported-row: name+state unique, value digest 2ac6c659… proven)",site->import name+state; import CSV proven byte-equivalent to production,imported 2026-07-25 from content-identical official data; production values proven unchanged by digest
0940,6940,TA Express,TA Express Dubois,ID,Dubois,30,net-new,exact-match,"(imported-row: name+state unique, value digest 2ac6c659… proven)",site->import name+state; import CSV proven byte-equivalent to production,imported 2026-07-25 from content-identical official data; production values proven unchanged by digest
0941,6941,TA Express,TA Express Holstein,IA,Holstein,39,net-new,exact-match,"(imported-row: name+state unique, value digest 2ac6c659… proven)",site->import name+state; import CSV proven byte-equivalent to production,imported 2026-07-25 from content-identical official data; production values proven unchanged by digest
0943,6943,TA Express,TA Express Fairview,KS,Fairview,67,net-new,exact-match,"(imported-row: name+state unique, value digest 2ac6c659… proven)",site->import name+state; import CSV proven byte-equivalent to production,imported 2026-07-25 from content-identical official data; production values proven unchanged by digest
0945,6945,TA,"TA Vernon, TX",TX,Vernon,76,net-new,exact-match,"(imported-row: name+state unique, value digest 2ac6c659… proven)",site->import name+state; import CSV proven byte-equivalent to production,imported 2026-07-25 from content-identical official data; production values proven unchanged by digest
0946,6946,TA Express,TA Express Minden,LA,Minden,51,net-new,exact-match,"(imported-row: name+state unique, value digest 2ac6c659… proven)",site->import name+state; import CSV proven byte-equivalent to production,imported 2026-07-25 from content-identical official data; production values proven unchanged by digest
0947,6947,TA Express,TA Express Birmingham,AL,Birmingham,85,net-new,exact-match,"(imported-row: name+state unique, value digest 2ac6c659… proven)",site->import name+state; import CSV proven byte-equivalent to production,imported 2026-07-25 from content-identical official data; production values proven unchanged by digest
0948,6948,TA Express,TA Express Grand Forks,ND,Grand Forks,65,net-new,exact-match,"(imported-row: name+state unique, value digest 2ac6c659… proven)",site->import name+state; import CSV proven byte-equivalent to production,imported 2026-07-25 from content-identical official data; production values proven unchanged by digest
0949,6949,TA Express,TA Express Williston,ND,Williston,40,net-new,exact-match,"(imported-row: name+state unique, value digest 2ac6c659… proven)",site->import name+state; import CSV proven byte-equivalent to production,imported 2026-07-25 from content-identical official data; production values proven unchanged by digest
0951,6951,TA,TA Grandview,WA,Grandview,100,net-new,exact-match,"(imported-row: name+state unique, value digest 2ac6c659… proven)",site->import name+state; import CSV proven byte-equivalent to production,imported 2026-07-25 from content-identical official data; production values proven unchanged by digest
0954,6954,TA,TA Atkins,AR,Atkins,150,manual-review-merge,safe-enrichment,366ea2a6-4116-4ce3-bc64-01fdac0dcb60,site_id->prior-review-exact-production-id+address-identical,"existing row is missing lat, lng; blank-only fill prepared from the official master"
0958,6958,TA,TA Williams,IA,Williams,125,net-new,exact-match,"(imported-row: name+state unique, value digest 2ac6c659… proven)",site->import name+state; import CSV proven byte-equivalent to production,imported 2026-07-25 from content-identical official data; production values proven unchanged by digest
0962,6962,TA Express,TA Express Hazleton,PA,Hazleton,50,net-new,exact-match,"(imported-row: name+state unique, value digest 2ac6c659… proven)",site->import name+state; import CSV proven byte-equivalent to production,imported 2026-07-25 from content-identical official data; production values proven unchanged by digest
0963,6963,TA Express,TA Express Pine Grove,PA,Pine Grove,80,net-new,exact-match,"(imported-row: name+state unique, value digest 2ac6c659… proven)",site->import name+state; import CSV proven byte-equivalent to production,imported 2026-07-25 from content-identical official data; production values proven unchanged by digest
0966,6966,TA Express,TA Express Savanna,OK,Savanna,60,net-new,exact-match,"(imported-row: name+state unique, value digest 2ac6c659… proven)",site->import name+state; import CSV proven byte-equivalent to production,imported 2026-07-25 from content-identical official data; production values proven unchanged by digest
0967,6967,TA Express,TA Express Palmyra,MO,Palmyra,40,net-new,exact-match,"(imported-row: name+state unique, value digest 2ac6c659… proven)",site->import name+state; import CSV proven byte-equivalent to production,imported 2026-07-25 from content-identical official data; production values proven unchanged by digest
0968,6968,Petro,Petro Henderson,NV,Henderson,100,net-new,exact-match,"(imported-row: name+state unique, value digest 2ac6c659… proven)",site->import name+state; import CSV proven byte-equivalent to production,imported 2026-07-25 from content-identical official data; production values proven unchanged by digest
0969,6969,TA Express,TA Express Henderson,NV,Henderson,200,net-new,exact-match,"(imported-row: name+state unique, value digest 2ac6c659… proven)",site->import name+state; import CSV proven byte-equivalent to production,imported 2026-07-25 from content-identical official data; production values proven unchanged by digest
0974,6974,TA,TA Mineral Wells,WV,Mineral Wells,104,net-new,exact-match,"(imported-row: name+state unique, value digest 2ac6c659… proven)",site->import name+state; import CSV proven byte-equivalent to production,imported 2026-07-25 from content-identical official data; production values proven unchanged by digest
0975,6975,TA Express,TA Express Carlin,NV,Carlin,50,net-new,exact-match,"(imported-row: name+state unique, value digest 2ac6c659… proven)",site->import name+state; import CSV proven byte-equivalent to production,imported 2026-07-25 from content-identical official data; production values proven unchanged by digest
0976,6976,TA Express,TA Express Hutchinson,KS,South Hutchinson,80,net-new,exact-match,"(imported-row: name+state unique, value digest 2ac6c659… proven)",site->import name+state; import CSV proven byte-equivalent to production,imported 2026-07-25 from content-identical official data; production values proven unchanged by digest
0977,6977,TA Express,TA Express Mankato,MN,Mankato,75,net-new,exact-match,"(imported-row: name+state unique, value digest 2ac6c659… proven)",site->import name+state; import CSV proven byte-equivalent to production,imported 2026-07-25 from content-identical official data; production values proven unchanged by digest
0978,6978,TA Express,TA Express Houston,TX,Houston,70,net-new,exact-match,"(imported-row: name+state unique, value digest 2ac6c659… proven)",site->import name+state; import CSV proven byte-equivalent to production,imported 2026-07-25 from content-identical official data; production values proven unchanged by digest
0979,6979,TA Express,TA Express Grand Junction,CO,Grand Junction,65,net-new,exact-match,"(imported-row: name+state unique, value digest 2ac6c659… proven)",site->import name+state; import CSV proven byte-equivalent to production,imported 2026-07-25 from content-identical official data; production values proven unchanged by digest
0982,6982,TA Express,TA Express New Lisbon,WI,New Lisbon,50,net-new,exact-match,"(imported-row: name+state unique, value digest 2ac6c659… proven)",site->import name+state; import CSV proven byte-equivalent to production,imported 2026-07-25 from content-identical official data; production values proven unchanged by digest
0983,6983,TA,TA Shepherd,TX,Shepherd,120,net-new,exact-match,"(imported-row: name+state unique, value digest 2ac6c659… proven)",site->import name+state; import CSV proven byte-equivalent to production,imported 2026-07-25 from content-identical official data; production values proven unchanged by digest
0986,6986,TA Express,TA Express Judsonia,AR,Judsonia,92,net-new,exact-match,"(imported-row: name+state unique, value digest 2ac6c659… proven)",site->import name+state; import CSV proven byte-equivalent to production,imported 2026-07-25 from content-identical official data; production values proven unchanged by digest
0987,6987,TA,TA Wellsville,KS,Wellsville,76,net-new,exact-match,"(imported-row: name+state unique, value digest 2ac6c659… proven)",site->import name+state; import CSV proven byte-equivalent to production,imported 2026-07-25 from content-identical official data; production values proven unchanged by digest
0989,6989,TA,TA Robertsdale,AL,Robertsdale,178,net-new,exact-match,"(imported-row: name+state unique, value digest 2ac6c659… proven)",site->import name+state; import CSV proven byte-equivalent to production,imported 2026-07-25 from content-identical official data; production values proven unchanged by digest
