"Store #","Name","Address","City","State","Zip Code","Interstate","Latitude","Longitude","Phone Number","Parking Spaces Count","Fuel Lane Count","Shower Count","Amenities","Restaurants"
30,Pilot Travel Center,2640 N 600 W,Greenfield,IN,46140,"I-70, Exit 96",39.82150283618834,-85.91623097168883,(463) 388-0606,90,9,9,Diesel Lanes | Showers | Prime Parking Spaces | Diesel Mobile Fueling | Premium Wifi | ATM | CAT Scale | Check Cashing | Cylinder Propane | DEF Lanes | Game Room | Lottery | Pegasus | Truck Parking Spaces | Electric Vehicle Charging Station | Bridgestone Tire Monitoring | Mobile Ordering,Pilot Eats
3,Pilot Travel Center,1150 North Canfield Niles Road,Youngstown,OH,44515,"I-80, Exit 223",41.12874281677272,-80.76935871831589,(330) 505-3532,200,13,8,Diesel Lanes | Showers | Prime Parking Spaces | Diesel Mobile Fueling | Premium Wifi | ATM | CAT Scale | Check Cashing | Cylinder Propane | DEF Lanes | Game Room | Lottery | Pegasus | Public Laundry | Truck Parking Spaces | Bridgestone Tire Monitoring | Mobile Ordering,McDonalds | Pilot Eats
61,ONE9 Travel Center,12818 SC-56,Clinton,SC,29325,"I-26, Exit 52",34.509127,-81.858031,(864) 833-4555,21,6,3,Diesel Lanes | Showers | Diesel Mobile Fueling | Premium Wifi | ATM | CAT Scale | Check Cashing | Cylinder Propane | DEF Lanes | Lottery | Pegasus | Truck Parking Spaces | Mobile Ordering,Subway | Pilot Eats EXPRESS
118,Pilot Travel Center,7801 Alcoa Rd,Benton,AR,72019,"I-30, Exit 121",34.6083708,-92.5334365,(501) 794-5900,76,8,8,Diesel Lanes | Showers | Prime Parking Spaces | Diesel Mobile Fueling | Premium Wifi | ATM | CAT Scale | Check Cashing | DEF Lanes | Game Room | Lottery | Pegasus | Public Laundry | Truck Parking Spaces | Electric Vehicle Charging Station | Bridgestone Tire Monitoring | Southern Tire Mart at Pilot / Truck Care | Mobile Ordering,Subway | Pilot Eats EXPRESS
89,ONE9 Travel Center,1526 51st Ave E,Ellenton,FL,34222,"I-75, Exit 224",27.528565346887518,-82.51230464049281,(941) 729-6288,0,4,2,Diesel Lanes | Showers | Diesel Mobile Fueling | Premium Wifi | ATM | Check Cashing | Cylinder Propane | DEF Lanes | Lottery | Pegasus | Mobile Ordering,Pilot Eats EXPRESS
146,Pilot Travel Center,995 US-9,Castleton-On-Hudson,NY,12033,"I-90, Exit 12",42.497923883051094,-73.67463536119345,(518) 732-7272,35,7,4,Diesel Lanes | Showers | Prime Parking Spaces | Diesel Mobile Fueling | Premium Wifi | ATM | CAT Scale | Check Cashing | DEF Lanes | Game Room | Lottery | Pegasus | Truck Parking Spaces | Electric Vehicle Charging Station | Mobile Ordering,Subway | Pilot Eats EXPRESS
154,Pilot Travel Center,14808 Warren St,Lost Hills,CA,93249,"I-5/CA-46, Exit 278",35.615131,-119.658782,(661) 797-2122,60,7,7,Diesel Lanes | Showers | Prime Parking Spaces | Diesel Mobile Fueling | ATM | CAT Scale | Check Cashing | Cylinder Propane | DEF Lanes | Game Room | Live Parking | Lottery | Pegasus | Public Laundry | Truck Parking Spaces | Bridgestone Tire Monitoring | Mobile Ordering,Cinnabon | Wendy's | Pilot Eats EXPRESS
226,ONE9 Travel Center,505 Patriot Dr,Dandridge,TN,37725,"I-40, Exit 417",36.03750642605513,-83.44555030270627,(865) 397-3547,35,7,4,Diesel Lanes | Showers | Diesel Mobile Fueling | Premium Wifi | ATM | CAT Scale | Check Cashing | DEF Lanes | Lottery | Pegasus | Public Laundry | Truck Parking Spaces | Bridgestone Tire Monitoring | Mobile Ordering,Subway | Pilot Eats EXPRESS
275,Pilot Travel Center,3807 Statesville Ave,Charlotte,NC,28206,"I-85/77, Exit 39",35.2704815,-80.8381034,(704) 358-1006,32,7,5,Diesel Lanes | Showers | Prime Parking Spaces | Diesel Mobile Fueling | Premium Wifi | ATM | CAT Scale | Check Cashing | DEF Lanes | Game Room | Lottery | Pegasus | Truck Parking Spaces | Mobile Ordering,Subway | Pilot Eats EXPRESS
279,Pilot Travel Center,769 E Frontage Rd,Rio Rico,AZ,85648,"I-19/AZ-289, Exit 12",31.430933704281088,-110.96196054038465,(520) 377-0001,90,7,11,Electric Vehicle Charging Station | Mobile Ordering,Wendy's | Pilot Eats EXPRESS
309,Pilot Travel Center,44133 Fairground Rd,Caldwell,OH,43724,"I-77, Exit 25",39.7375172,-81.5276703,(740) 732-5656,32,5,5,Diesel Lanes | Showers | Diesel Mobile Fueling | Premium Wifi | ATM | CAT Scale | Check Cashing | Cylinder Propane | DEF Lanes | Game Room | Lottery | Pegasus | Truck Parking Spaces | Electric Vehicle Charging Station | Bridgestone Tire Monitoring | Mobile Ordering,Arby's | Pilot Eats EXPRESS
319,ONE9 Travel Center,243 Connector 3 SW,Dalton,GA,30720,"I-75, Exit 328",34.687265430033236,-85.00015391534424,(706) 277-7934,100,10,7,Diesel Lanes | Showers | Prime Parking Spaces | Diesel Mobile Fueling | Premium Wifi | ATM | CAT Scale | Check Cashing | Cylinder Propane | DEF Lanes | Game Room | Lottery | Pegasus | Truck Parking Spaces | Electric Vehicle Charging Station | Mobile Ordering,Arby's | Pilot Eats EXPRESS
368,Pilot Travel Center,4030 E Boyd Rd,Decatur,IL,62521,"I-72, Exit 144",39.907519,-88.895694,(217) 876-0208,70,9,7,Diesel Lanes | Showers | Prime Parking Spaces | Diesel Mobile Fueling | Premium Wifi | ATM | CAT Scale | Check Cashing | DEF Lanes | Game Room | Lottery | Pegasus | Public Laundry | Truck Parking Spaces | Electric Vehicle Charging Station | Mobile Ordering,McDonalds | Pilot Eats EXPRESS
386,Pilot Travel Center,4220 Brooklake Rd NE,Salem,OR,97305,"I-5, Exit 263",45.04875945286386,-122.974879362258,(503) 463-1114,88,8,7,Diesel Lanes | Showers | Prime Parking Spaces | Diesel Mobile Fueling | Premium Wifi | ATM | CAT Scale | Check Cashing | DEF Lanes | Live Parking | Lottery | Pegasus | Public Laundry | Truck Parking Spaces | Electric Vehicle Charging Station | Bridgestone Tire Monitoring | Mobile Ordering,Cinnabon | Taco Bell | Pilot Eats
390,Pilot Travel Center,2115 S Hwy 395,Stanfield,OR,97875,"I-84, Exit 188",45.765959885274036,-119.20570871753203,(541) 449-1403,112,7,0,Diesel Lanes | Showers | Prime Parking Spaces | Diesel Mobile Fueling | Premium Wifi | ATM | Bulk Propane | CAT Scale | Check Cashing | Cylinder Propane | DEF Lanes | Live Parking | Lottery | Pegasus | Public Laundry | Truck Parking Spaces | Mobile Ordering,Cinnabon | McDonalds | Subway | Pilot Eats EXPRESS
412,Pilot Travel Center,3624 Roy Messer Hwy,White Pine,TN,37890,"I-81, Exit 4",36.108963277219395,-83.33399695833587,(865) 674-8570,130,9,10,Diesel Lanes | Showers | Prime Parking Spaces | Diesel Mobile Fueling | Premium Wifi | ATM | CAT Scale | Check Cashing | Cylinder Propane | DEF Lanes | Game Room | IdleAir | Lottery | Pegasus | Public Laundry | Truck Parking Spaces | Electric Vehicle Charging Station | Bridgestone Tire Monitoring | Mobile Ordering,McDonalds | Pilot Eats EXPRESS
434,Pilot Travel Center,2400 Alliance Gateway Fwy,Fort Worth,TX,76177,"I-35, Exit 65",32.95772056313138,-97.307540815907,(817) 337-5324,181,9,12,Diesel Lanes | Showers | Prime Parking Spaces | Diesel Mobile Fueling | Premium Wifi | ATM | CAT Scale | Check Cashing | Cylinder Propane | DEF Lanes | Game Room | IdleAir | Lottery | Pegasus | Public Laundry | Truck Parking Spaces | Electric Vehicle Charging Station | Bridgestone Tire Monitoring | Southern Tire Mart at Pilot / Truck Care | Mobile Ordering,McDonalds | Subway | Pilot Eats EXPRESS
435,Pilot Travel Center,2015 Antonio St,Anthony,TX,79821,"I-10, Exit 0",31.99669374724544,-106.58611026983642,(915) 886-3090,79,9,8,Diesel Lanes | Showers | Prime Parking Spaces | Diesel Mobile Fueling | Premium Wifi | ATM | CAT Scale | Check Cashing | Cylinder Propane | DEF Lanes | Game Room | Lottery | Pegasus | Public Laundry | Truck Parking Spaces | Bridgestone Tire Monitoring | Southern Tire Mart at Pilot / Truck Care | Mobile Ordering,Wendy's | Pilot Eats EXPRESS
457,Pilot Travel Center,427 East Main Street,Beaver Dam,OH,45808,"I-75, Exit 135",40.8339660627421,-83.9644058889723,(419) 643-6023,105,9,10,Diesel Lanes | Showers | Prime Parking Spaces | Diesel Mobile Fueling | Premium Wifi | ATM | CAT Scale | Check Cashing | Cylinder Propane | DEF Lanes | Game Room | Lottery | Pegasus | Public Laundry | Truck Parking Spaces | Southern Tire Mart at Pilot / Truck Care | Mobile Ordering,McDonalds | Subway | Pilot Eats EXPRESS
473,Pilot Travel Center,23841 W Eames St,Channahon,IL,60410,"I-55, Exit 248",41.457419491275054,-88.19226205158996,(815) 467-4455,25,4,0,Diesel Lanes | Diesel Mobile Fueling | Premium Wifi | ATM | Check Cashing | Cylinder Propane | DEF Lanes | Game Room | Lottery | Pegasus | Truck Parking Spaces | Bridgestone Tire Monitoring | Mobile Ordering,Dunkin Donuts | Pilot Eats EXPRESS
514,Pilot Dealer,2903 Woodlawn Rd,Lincoln,IL,62656,"I-55, Exit 126",40.15749940823152,-89.41270526994057,(217) 732-3915,100,10,0,Diesel Lanes | Showers | Diesel Mobile Fueling | ATM | CAT Scale | Check Cashing | DEF Lanes | Game Room | Lottery | Pegasus | Public Laundry | Truck Parking Spaces,
601,Flying J Travel Center,6098 McAshan Dr,McCalla,AL,35111,"I-20/59, Exit 104",33.32187149007702,-87.04713296574555,(205) 477-9181,150,12,15,Diesel Lanes | Showers | Prime Parking Spaces | Diesel Mobile Fueling | Premium Wifi | ATM | Barber Shop | CAT Scale | Check Cashing | DEF Lanes | Drivers Lounge | Game Room | Pegasus | Public Laundry | Truck Parking Spaces | Electric Vehicle Charging Station | Bridgestone Tire Monitoring | Mobile Ordering,Pilot Eats
663,Flying J Travel Center,1670 Waddy Rd,Waddy,KY,40076,"I-64/KY-395, Exit 43",38.156100172730525,-85.0671514662502,(502) 829-9100,110,8,9,Diesel Lanes | Showers | Prime Parking Spaces | Diesel Mobile Fueling | Premium Wifi | ATM | CAT Scale | Check Cashing | Cylinder Propane | DEF Lanes | Game Room | Lottery | Pegasus | Public Laundry | Truck Parking Spaces | Electric Vehicle Charging Station | Mobile Ordering,Pilot Eats
677,Flying J Travel Center,4740 Bethel Rd,Olive Branch,MS,38654,"US-78, Exit 6",34.928495097566206,-89.79375319153878,(662) 895-1001,72,7,9,Diesel Lanes | Showers | Prime Parking Spaces | Diesel Mobile Fueling | Premium Wifi | ATM | Bulk Propane | CAT Scale | Check Cashing | Cylinder Propane | DEF Lanes | Drivers Lounge | Game Room | Pegasus | Public Laundry | Truck Parking Spaces | Electric Vehicle Charging Station | Mobile Ordering,Subway | Pilot Eats
708,Flying J Travel Center,1501 Harrisburg Pike,Carlisle,PA,17015,"I-81, Exit 52 & I-76, Exit 226",40.23502919205681,-77.12300440873719,(717) 243-6659,252,13,22,Electric Vehicle Charging Station | Mobile Ordering,Denny's | Pilot Eats
717,Mr. Fuel Travel Center,3324 MO-100,Villa Ridge,MO,63089,"I-44, Exit 251",38.47573552261796,-90.85136636107242,(636) 451-5569,11,7,4,Diesel Lanes | Showers | Diesel Mobile Fueling | Premium Wifi | ATM | CAT Scale | Check Cashing | DEF Lanes | Lottery | Pegasus | Mobile Ordering,Pilot Eats
734,Flying J Travel Center,23412 TX-242,New Caney,TX,77357,"I-69/US-59, Exit 161",30.192631343463216,-95.19280440799402,(281) 689-8065,150,8,9,Diesel Lanes | Showers | Prime Parking Spaces | Diesel Mobile Fueling | Premium Wifi | ATM | Bulk Propane | CAT Scale | Check Cashing | Cylinder Propane | DEF Lanes | Drivers Lounge | Game Room | Lottery | Pegasus | Public Laundry | Truck Parking Spaces | Electric Vehicle Charging Station | Southern Tire Mart at Pilot / Truck Care | Mobile Ordering,Denny's | Pilot Eats
749,Flying J Travel Center,24279 Rogers Clark Blvd,Ruther Glen,VA,22546,"I-95, Exit 104",37.93292857497793,-77.47297547846654,(804) 448-9047,199,12,15,Diesel Lanes | Showers | Prime Parking Spaces | Diesel Mobile Fueling | Premium Wifi | ATM | CAT Scale | Cylinder Propane | DEF Lanes | Game Room | Pegasus | Public Laundry | Truck Parking Spaces | Bridgestone Tire Monitoring | Mobile Ordering,Cinnabon | Denny's | Pilot Eats
790,Flying J Travel Center,628 County Rd 41,Napanee,ON,K7R 3L2,"ON-401, Exit 579",44.266494161578635,-76.96763284049284,(613) 354-7044,165,12,17,Diesel Lanes | Showers | Prime Parking Spaces | Diesel Mobile Fueling | ATM | Bulk Propane | CAT Scale | Check Cashing | Cylinder Propane | DEF Lanes | Drivers Lounge | Pegasus | Public Laundry | Truck Parking Spaces | Truck Wash,Denny's | Pilot Eats
807,Flying J Travel Center,1400 Britannia Rd E,Mississauga,ON,L4W 1C7,"ON-401, Exit 346",43.6535799,-79.6490977,(905) 564-6216,65,13,7,Diesel Lanes | Showers | Prime Parking Spaces | Diesel Mobile Fueling | Premium Wifi | ATM | CAT Scale | Check Cashing | DEF Lanes | Drivers Lounge | Pegasus | Public Laundry | Truck Parking Spaces,Pilot Eats
869,Flying J Travel Center,2810 21 Ave,Nanton,AB,T0L 1R0,AB-533 & AB-2,50.3415416,-113.7655356,(403) 646-2810,71,5,3,Diesel Lanes | Showers | Diesel Mobile Fueling | Premium Wifi | ATM | Bulk Propane | Check Cashing | Cylinder Propane | DEF Lanes | Lottery | Pegasus | Truck Parking Spaces,Pilot Eats EXPRESS
892,Pilot Dealer,1085 E Main St,Green River,UT,84525,"I-70, Exit 164",38.995543006688784,-110.14848228991583,(435) 564-3495,100,5,0,Diesel Lanes | Showers | Diesel Mobile Fueling | Premium Wifi | ATM | CAT Scale | Check Cashing | DEF Lanes | Drivers Lounge | Game Room | Pegasus | Public Laundry | Truck Parking Spaces,
1013,Pilot Licensed Location,561 Business Hub Dr,Belgrade,MT,59714,"I-90, Exit 298",45.773855,-111.199,(406) 924-6990,120,5,0,Diesel Lanes | Showers | Premium Wifi | ATM | CAT Scale | DEF Lanes | Drivers Lounge | Public Laundry | Truck Parking Spaces,
1023,Pilot Travel Center,1920 E Denman Ave,Lufkin,TX,75901,US-69 & Loop 287,31.317649847340558,-94.69881432944776,(936) 899-7101,47,7,4,Diesel Lanes | Showers | Prime Parking Spaces | Diesel Mobile Fueling | Premium Wifi | ATM | Check Cashing | Cylinder Propane | DEF Lanes | Lottery | Pegasus | Public Laundry | Truck Parking Spaces | Electric Vehicle Charging Station | Mobile Ordering,Moe's | Pilot Eats
1030,Pilot Travel Center,12680 S Kedzie Ave,Alsip,IL,60803,"I-57, Exit 353/I-294, Exit 12A",41.66295476646664,-87.70057692142639,(708) 385-2271,76,7,4,Diesel Lanes | Showers | Prime Parking Spaces | Diesel Mobile Fueling | Premium Wifi | ATM | CAT Scale | Check Cashing | Cylinder Propane | DEF Lanes | Game Room | Lottery | Pegasus | Truck Parking Spaces | Bridgestone Tire Monitoring | Mobile Ordering,Cinnabon | Pilot Eats
1058,Pilot Dealer,17276 NE US Hwy 301,Waldo,FL,32694,Hwy 301,29.81425446967623,-82.16885905772416,(352) 468-1590,50,5,0,Diesel Lanes | Showers | Diesel Mobile Fueling | ATM | CAT Scale | Check Cashing | DEF Lanes | Game Room | Lottery | Pegasus | Public Laundry | Truck Parking Spaces,
4563,Flying J Travel Center,7833 Linglestown Rd,Harrisburg,PA,17112,"I-81, Exit 77",40.35247188551114,-76.72698970428182,(717) 901-6186,115,9,10,Diesel Lanes | Showers | Prime Parking Spaces | Diesel Mobile Fueling | Premium Wifi | CAT Scale | Cylinder Propane | DEF Lanes | Pegasus | Truck Parking Spaces | Truck Wash | Bridgestone Tire Monitoring | Mobile Ordering,McDonalds | Perkins | Pilot Eats
4561,Pilot Travel Center,3460 Madison Hwy,Valdosta,GA,31601,"I-75, Exit 11",30.75426741025947,-83.27322114484404,(229) 300-1560,84,8,7,Diesel Lanes | Showers | Prime Parking Spaces | Diesel Mobile Fueling | Premium Wifi | ATM | CAT Scale | Cylinder Propane | DEF Lanes | Game Room | Lottery | Pegasus | Truck Parking Spaces | Bridgestone Tire Monitoring | Mobile Ordering,Wendy's | Pilot Eats
4566,Pilot Travel Center,2768 E Cherokee St,Blacksburg,SC,29702,"I-85, Exit 106",35.16609438580472,-81.45147499183216,(864) 936-9984,114,9,7,Diesel Lanes | Showers | Prime Parking Spaces | Diesel Mobile Fueling | Premium Wifi | ATM | CAT Scale | Check Cashing | Cylinder Propane | DEF Lanes | Lottery | Pegasus | Truck Parking Spaces | Bridgestone Tire Monitoring | Mobile Ordering,Taco Bell | Wendy's | Pilot Eats
4568,Pilot Travel Center,574 Bettis Academy Rd,Graniteville,SC,29829,"I-20, Exit 11",33.60434790107278,-81.84092747668649,(803) 663-6674,56,8,6,Diesel Lanes | Showers | Prime Parking Spaces | Diesel Mobile Fueling | Premium Wifi | CAT Scale | Cylinder Propane | DEF Lanes | Pegasus | Truck Parking Spaces | Bridgestone Tire Monitoring | Mobile Ordering,Subway | Pilot Eats EXPRESS
237,Pilot Travel Center,951 Work St,Salinas,CA,93901,"US-101, Exit 326B",36.66519154582201,-121.63015090798662,(831) 775-0380,62,6,7,Diesel Lanes | Showers | Prime Parking Spaces | Diesel Mobile Fueling | Premium Wifi | ATM | CAT Scale | Check Cashing | DEF Lanes | Game Room | Live Parking | Lottery | Pegasus | Truck Parking Spaces | Bridgestone Tire Monitoring | Mobile Ordering,Cinnabon | Subway | Pilot Eats EXPRESS
53,Pilot Travel Center,15559 TN-13,Hurricane Mills,TN,37078,"I-40, Exit 143",35.88214835938339,-87.80100000398463,(931) 296-7180,180,11,8,Diesel Lanes | Showers | Prime Parking Spaces | Diesel Mobile Fueling | Premium Wifi | ATM | CAT Scale | Check Cashing | Cylinder Propane | DEF Lanes | Game Room | IdleAir | Lottery | Pegasus | Truck Parking Spaces | Bridgestone Tire Monitoring | Southern Tire Mart at Pilot / Truck Care | Mobile Ordering,Arby's | Pilot Eats EXPRESS
76,Pilot Travel Center,4416 Skyland Blvd E,Tuscaloosa,AL,35405,"I-20/59, Exit 76",33.17315449929658,-87.47864689131801,(205) 553-9710,71,8,8,Diesel Lanes | Showers | Prime Parking Spaces | Diesel Mobile Fueling | Premium Wifi | ATM | CAT Scale | Check Cashing | Cylinder Propane | DEF Lanes | Game Room | Pegasus | Public Laundry | Truck Parking Spaces | Electric Vehicle Charging Station | Bridgestone Tire Monitoring | Southern Tire Mart at Pilot / Truck Care | Mobile Ordering,Subway | Pilot Eats EXPRESS
62,Pilot Travel Center,3006 N Williston Rd,Florence,SC,29506,"I-95, Exit 170",34.26660455384255,-79.70179281338103,(843) 662-6972,75,8,3,Diesel Lanes | Showers | Prime Parking Spaces | Diesel Mobile Fueling | Premium Wifi | ATM | CAT Scale | Check Cashing | DEF Lanes | Game Room | Lottery | Pegasus | Public Laundry | Truck Parking Spaces | Bridgestone Tire Monitoring | Mobile Ordering,Wendy's | Pilot Eats EXPRESS
163,Pilot Travel Center,1124 E Motel Dr,Lordsburg,NM,88045,"I-10, Exit 24",32.3425833,-108.6810972,(575) 912-1072,95,8,7,Diesel Lanes | Showers | Prime Parking Spaces | Diesel Mobile Fueling | Premium Wifi | ATM | CAT Scale | Check Cashing | DEF Lanes | Game Room | Lottery | Pegasus | Public Laundry | Truck Parking Spaces | Mobile Ordering,Arby's | Pilot Eats EXPRESS
242,Pilot Travel Center,1851 W 400 N,Shelbyville,IN,46176,"I-74, Exit 109",39.5835087313222,-85.81814804458672,(317) 392-8771,68,8,7,Electric Vehicle Charging Station | Mobile Ordering,Cinnabon | McDonalds | Pilot Eats
335,Pilot Travel Center,103 Grimshaw St,Rayville,LA,71269,"I-20/US-425, Exit 138",32.45940758197811,-91.7593958134918,(318) 728-4100,85,7,5,Diesel Lanes | Showers | Prime Parking Spaces | Diesel Mobile Fueling | Premium Wifi | ATM | CAT Scale | Check Cashing | Cylinder Propane | DEF Lanes | Game Room | Lottery | Pegasus | Truck Parking Spaces | Bridgestone Tire Monitoring | Mobile Ordering,Wendy's | Pilot Eats EXPRESS
365,Pilot Travel Center,22717 Ave 18 1/2,Madera,CA,93637,"CA-99, Exit 159",37.018868769700454,-120.13309610344751,(559) 673-3878,81,12,11,Diesel Lanes | Showers | Prime Parking Spaces | Diesel Mobile Fueling | Premium Wifi | ATM | Bulk Propane | CAT Scale | Check Cashing | DEF Lanes | IdleAir | Live Parking | Lottery | Pegasus | Public Laundry | Truck Parking Spaces | Bridgestone Tire Monitoring | Southern Tire Mart at Pilot / Truck Care | Mobile Ordering,Cinnabon | Denny's | Subway | Pilot Eats
372,Pilot Travel Center,31642 Castiac Rd,Castaic,CA,91384,"I-5, Exit 176",34.49454436998097,-118.61992535714718,(661) 243-0487,54,8,7,Diesel Lanes | Showers | Prime Parking Spaces | Diesel Mobile Fueling | Premium Wifi | ATM | CAT Scale | Check Cashing | Cylinder Propane | DEF Lanes | Live Parking | Lottery | Pegasus | Public Laundry | Truck Parking Spaces | Bridgestone Tire Monitoring | Mobile Ordering,Cinnabon | Pilot Eats
403,ONE9 Travel Center,1915 E Raccoon Valley Dr,Heiskell,TN,37754,"I-75, Exit 117",36.11106959328141,-84.02018275210868,(865) 938-1439,25,6,1,Diesel Lanes | Showers | Diesel Mobile Fueling | Premium Wifi | ATM | CAT Scale | Check Cashing | Cylinder Propane | DEF Lanes | Pegasus | Truck Parking Spaces | Mobile Ordering,Pilot Eats
441,Pilot Travel Center,3240 Point Mallard Parkway,Decatur,AL,35603,"I-65, Exit 334",34.538005252844954,-86.91097605562913,(256) 353-5252,70,8,7,Diesel Lanes | Showers | Prime Parking Spaces | Diesel Mobile Fueling | ATM | CAT Scale | Check Cashing | Cylinder Propane | DEF Lanes | Game Room | Pegasus | Public Laundry | Truck Parking Spaces | Electric Vehicle Charging Station | Bridgestone Tire Monitoring | Mobile Ordering,Wendy's | Pilot Eats EXPRESS
454,Pilot Travel Center,1365 US-42,London,OH,43140,"I-70, Exit 79",39.95909639570451,-83.36973511772156,(614) 879-4128,72,9,9,Diesel Lanes | Showers | Prime Parking Spaces | Diesel Mobile Fueling | Premium Wifi | ATM | CAT Scale | Check Cashing | Cylinder Propane | DEF Lanes | Game Room | Lottery | Pegasus | Public Laundry | Truck Parking Spaces | Electric Vehicle Charging Station | Bridgestone Tire Monitoring | Mobile Ordering,Arby's | Cinnabon | Pilot Eats
492,Pilot Travel Center,170 Valley Street,Arkadelphia,AR,71923,"I-30, Exit 78 & Hwy 7",34.18667113294739,-93.07017095887814,(870) 245-3119,78,8,7,Diesel Lanes | Showers | Prime Parking Spaces | Diesel Mobile Fueling | Premium Wifi | ATM | CAT Scale | Check Cashing | Cylinder Propane | DEF Lanes | Lottery | Pegasus | Public Laundry | Truck Parking Spaces | Bridgestone Tire Monitoring | Mobile Ordering,Cinnabon | Dunkin Express | Pilot Eats
495,Pilot Travel Center,4126 IA-21,Brooklyn,IA,52211,"I-80, Exit 201",41.697904615668605,-92.35908192846355,(641) 630-1509,90,7,0,Diesel Lanes | Showers | Prime Parking Spaces | Diesel Mobile Fueling | Premium Wifi | ATM | CAT Scale | Check Cashing | Cylinder Propane | DEF Lanes | Game Room | Lottery | Pegasus | Public Laundry | Truck Parking Spaces | Electric Vehicle Charging Station | Mobile Ordering,Subway | Pilot Eats EXPRESS
498,Pilot Travel Center,1954 S Mississippi Ave,Atoka,OK,74525,US-69 & Redbud Ln,34.36463852185388,-96.14065662570454,(580) 364-0232,63,8,5,Diesel Lanes | Showers | Prime Parking Spaces | Diesel Mobile Fueling | Premium Wifi | ATM | CAT Scale | Check Cashing | Cylinder Propane | DEF Lanes | Lottery | Pegasus | Public Laundry | Truck Parking Spaces | Electric Vehicle Charging Station | Mobile Ordering,Moe's | Pilot Eats
559,Pilot Travel Center,706 E I-20 Frontage Rd,Big Spring,TX,79720,"I-20, Exit 178",32.265696375745854,-101.47432580585442,(432) 223-5832,71,8,7,Electric Vehicle Charging Station | Mobile Ordering,McDonalds | Pilot Eats
596,Pilot Travel Center,2424 Wadhams Rd,Smiths Creek,MI,48074,"I-69, Exit 196",42.9767061,-82.5421841,(810) 642-2064,65,8,5,Diesel Lanes | Showers | Prime Parking Spaces | Diesel Mobile Fueling | Premium Wifi | Wifi | ATM | CAT Scale | Cylinder Propane | DEF Lanes | Game Room | Lottery | Pegasus | Public Laundry | Truck Parking Spaces | Electric Vehicle Charging Station | Mobile Ordering,Cinnabon | Subway | Pilot Eats EXPRESS
653,Flying J Travel Center,3231 E 181st Ave,Hebron,IN,46341,"I-65, Exit 240",41.28823088555331,-87.29464827116392,(219) 696-6446,366,10,15,Diesel Lanes | Showers | Prime Parking Spaces | Diesel Mobile Fueling | Premium Wifi | ATM | Bulk Propane | CAT Scale | CB Shop | Check Cashing | Cylinder Propane | DEF Lanes | Drivers Lounge | Game Room | Lottery | Pegasus | Public Laundry | Truck Parking Spaces | Bridgestone Tire Monitoring | Mobile Ordering,Denny's | Pilot Eats
633,Flying J Travel Center,3600 GA-77,Greensboro,GA,30642,"I-20, Exit 138",33.547337634902306,-83.07739674662704,(706) 486-4835,189,8,9,Diesel Lanes | Showers | Prime Parking Spaces | Diesel Mobile Fueling | Premium Wifi | ATM | Bulk Propane | CAT Scale | Check Cashing | Cylinder Propane | DEF Lanes | Drivers Lounge | Game Room | Lottery | Pegasus | Public Laundry | Truck Parking Spaces | Electric Vehicle Charging Station | Bridgestone Tire Monitoring | Mobile Ordering,Pilot Eats
689,Flying J Travel Center,9911 Avalon Rd NW,Albuquerque,NM,87105,"I-40, Exit 153",35.07946822134596,-106.745739167984,(505) 831-2001,165,12,15,Electric Vehicle Charging Station | Southern Tire Mart at Pilot / Truck Care | Mobile Ordering,Denny's | Pilot Eats
696,Flying J Travel Center,7735 E OH-37,Sunbury,OH,43074,"I-71, Exit 131",40.2677136,-82.9246924,(740) 965-9835,150,12,15,Diesel Lanes | Showers | Prime Parking Spaces | Diesel Mobile Fueling | Premium Wifi | ATM | Bulk Propane | CAT Scale | Check Cashing | Cylinder Propane | DEF Lanes | Game Room | Lottery | Pegasus | Public Laundry | Truck Parking Spaces | Mobile Ordering,Denny's | Pilot Eats
709,Flying J Travel Center,5609 Nittany Valley Dr,Mill Hall,PA,17751,"I-80, Exit 173",41.028628022237584,-77.52295059947508,(570) 726-4080,147,12,15,Electric Vehicle Charging Station | Mobile Ordering,Denny's | Pilot Eats
772,Flying J Travel Center,885 North Pointe Cir,North Salt Lake,UT,84054,"I-215, Exit 27",40.836157790506405,-111.93407773859408,(801) 936-1408,42,5,4,Diesel Lanes | Showers | Diesel Mobile Fueling | Premium Wifi | ATM | Bulk Propane | Check Cashing | Cylinder Propane | DEF Lanes | Drivers Lounge | Game Room | Pegasus | Truck Parking Spaces | Bridgestone Tire Monitoring | Mobile Ordering,Pilot Eats EXPRESS
796,Flying J Travel Center,6607 67 St,Red Deer,AB,T4P 1A4,AB-2 & 67 St,52.2873314894244,-113.84923945427022,(403) 879-9450,26,5,4,Diesel Lanes | Showers | Diesel Mobile Fueling | Premium Wifi | ATM | Bulk Propane | Cylinder Propane | DEF Lanes | Lottery | Pegasus | Public Laundry | Truck Parking Spaces,Pilot Eats
1019,Pilot Travel Center,4444 Commerce Ln,Orland,CA,95963,"I-5, Exit 619",39.750681664872374,-122.20806174603271,(530) 865-0108,73,9,9,Electric Vehicle Charging Station | Mobile Ordering,Cinnabon | Wendy's | Pilot Eats
1042,Pilot Travel Center,7501 S Harlem Ave,Bridgeview,IL,60455,"I-294, Exit 17A",41.754440151742756,-87.79920720370484,(708) 496-9390,36,7,3,Diesel Lanes | Showers | Prime Parking Spaces | Diesel Mobile Fueling | Premium Wifi | ATM | CAT Scale | Cylinder Propane | DEF Lanes | Game Room | Lottery | Pegasus | Truck Parking Spaces | Bridgestone Tire Monitoring | Mobile Ordering,Pilot Eats
1128,Pilot Travel Center,7990 SR-60,Bartow,FL,33830,FL-60 & Alturas Rd,27.91741095438938,-81.71891836779099,(863) 537-1000,38,6,2,Diesel Lanes | Showers | Prime Parking Spaces | Diesel Mobile Fueling | Premium Wifi | ATM | CAT Scale | Check Cashing | Cylinder Propane | DEF Lanes | Game Room | Lottery | Pegasus | Truck Parking Spaces | Electric Vehicle Charging Station | Mobile Ordering,Arby's | Pilot Eats
1132,Pilot Travel Center,234 Ben Hulse Hwy,Brawley,CA,92227,CA-111 & CA-78,32.97789920126262,-115.5039061306282,(760) 344-3695,29,6,2,Diesel Lanes | Showers | Diesel Mobile Fueling | ATM | CAT Scale | Check Cashing | DEF Lanes | Lottery | Pegasus | Public Laundry | Truck Parking Spaces | Mobile Ordering,Dunkin Express | Wendy's | Pilot Eats
1149,Mr. Fuel Travel Center,3515 Zoo Pkwy,Jacksonville,FL,32226,"I-295, Exit 41",30.4128833,-81.5716908,(904) 696-9566,27,5,0,Diesel Lanes | Diesel Mobile Fueling | ATM | CAT Scale | Cylinder Propane | DEF Lanes | Lottery | Truck Parking Spaces | Electric Vehicle Charging Station | Mobile Ordering,Pilot Eats
1165,Pilot Travel Center,410 E Kansas Ave,Jal,NM,88252,AZ-18 & AZ-128,32.1204474,-103.1886447,(575) 395-2927,43,6,5,Diesel Lanes | Showers | Diesel Mobile Fueling | ATM | CAT Scale | Check Cashing | Cylinder Propane | DEF Lanes | Lottery | Pegasus | Public Laundry | Truck Parking Spaces | Mobile Ordering,Pilot Eats
4579,Pilot Travel Center,1300 Burke Rd,Saint Matthews,SC,29135,"I-26, Exit 139",33.63281453494813,-80.87924841045074,(803) 874-4340,25,8,3,Diesel Lanes | Showers | Diesel Mobile Fueling | Premium Wifi | ATM | CAT Scale | Check Cashing | Cylinder Propane | DEF Lanes | Lottery | Pegasus | Truck Parking Spaces | Mobile Ordering,Arby's | Pilot Eats EXPRESS
4576,Pilot Travel Center,9587 Charleston Hwy,Saint George,SC,29477,"I-95, Exit 82",33.26943274810456,-80.56702323068848,(843) 932-3096,114,9,6,Diesel Lanes | Showers | Prime Parking Spaces | Diesel Mobile Fueling | ATM | CAT Scale | Check Cashing | Cylinder Propane | DEF Lanes | Lottery | Pegasus | Truck Parking Spaces | Bridgestone Tire Monitoring | Mobile Ordering,Wendy's | Pilot Eats EXPRESS
4580,Pilot Travel Center,2221 SC-773,Prosperity,SC,29127,"I-26, Exit 82",34.2403862,-81.4592138,(803) 321-2392,58,6,6,Electric Vehicle Charging Station | Mobile Ordering,Dunkin Express | Wendy's | Pilot Eats EXPRESS
4581,Pilot Travel Center,1340 Sumter Hwy,Bishopville,SC,29010,"I-20, Exit 116",34.1925073816518,-80.28327117672119,(803) 868-6034,50,7,8,Diesel Lanes | Showers | Prime Parking Spaces | Diesel Mobile Fueling | ATM | CAT Scale | Check Cashing | Cylinder Propane | DEF Lanes | Lottery | Pegasus | Truck Parking Spaces | Mobile Ordering,Wendy's | Pilot Eats EXPRESS
4584,Pilot Travel Center,1504 SC-38,Latta,SC,29565,"I-95, Exit 181B",34.344825,-79.534595,(843) 929-1810,112,11,6,Diesel Lanes | Showers | Prime Parking Spaces | Diesel Mobile Fueling | Premium Wifi | CAT Scale | Cylinder Propane | DEF Lanes | Pegasus | Truck Parking Spaces | Bridgestone Tire Monitoring | Mobile Ordering,Wendy's | Pilot Eats EXPRESS
4596,Pilot Travel Center,3663 Roy Messer Hwy,White Pine,TN,37890,"I-81, Exit 4",36.10882184804739,-83.33863161104506,(865) 674-5921,106,8,8,Diesel Lanes | Showers | Prime Parking Spaces | Diesel Mobile Fueling | Premium Wifi | CAT Scale | Cylinder Propane | DEF Lanes | Pegasus | Truck Parking Spaces | Bridgestone Tire Monitoring | Mobile Ordering,Dunkin Express | Wendy's | Pilot Eats EXPRESS
28,ONE9 Travel Center,15151 W Commerce Rd,Daleville,IN,47334,"I-69, Exit 234",40.112722,-85.565895,(765) 378-3599,35,5,3,Diesel Lanes | Showers | Prime Parking Spaces | Diesel Mobile Fueling | Premium Wifi | ATM | CAT Scale | Check Cashing | Cylinder Propane | DEF Lanes | Game Room | Lottery | Pegasus | Truck Parking Spaces | Bridgestone Tire Monitoring | Mobile Ordering,Pilot Eats EXPRESS
130,Pilot Travel Center,5219 Brecksville Rd,Richfield,OH,44286,"I-77, Exit 146/I-80, Exit 173",41.2762303,-81.6263703,(330) 659-2020,40,7,7,Diesel Lanes | Showers | Prime Parking Spaces | Diesel Mobile Fueling | Premium Wifi | ATM | CAT Scale | Check Cashing | Cylinder Propane | DEF Lanes | Game Room | Lottery | Pegasus | Public Laundry | Truck Parking Spaces | Mobile Ordering,Cinnabon | Wendy's | Pilot Eats EXPRESS
50,Pilot Travel Center,489 Pendleton Road,Pendleton,KY,40055,"I-71, Exit 28",38.457546358365555,-85.29936836995793,(502) 743-5496,175,11,8,Diesel Lanes | Showers | Prime Parking Spaces | Diesel Mobile Fueling | Premium Wifi | ATM | CAT Scale | Check Cashing | Cylinder Propane | DEF Lanes | Game Room | Lottery | Pegasus | Public Laundry | Truck Parking Spaces | Southern Tire Mart at Pilot / Truck Care | Mobile Ordering,Cinnabon | McDonalds | Pilot Eats
90,Pilot Travel Center,7300 Okeechobee Rd,Fort Pierce,FL,34945,"I-95, Exit 129",27.4138524510288,-80.40013848915262,(772) 732-2084,100,12,7,Diesel Lanes | Showers | Prime Parking Spaces | Diesel Mobile Fueling | Premium Wifi | ATM | CAT Scale | Check Cashing | Cylinder Propane | DEF Lanes | Game Room | Lottery | Pegasus | Public Laundry | Truck Parking Spaces | Bridgestone Tire Monitoring | Mobile Ordering,McDonalds | Pilot Eats EXPRESS
134,Pilot Travel Center,4231 Clearwater Rd,Saint Cloud,MN,56301,"I-94, Exit 171",45.49616589491213,-94.14860762880134,(320) 251-8455,44,6,4,Diesel Lanes | Showers | Prime Parking Spaces | Diesel Mobile Fueling | Premium Wifi | ATM | CAT Scale | Check Cashing | Cylinder Propane | DEF Lanes | Game Room | Lottery | Pegasus | Truck Parking Spaces | Mobile Ordering,Pilot Eats EXPRESS
159,Pilot Travel Center,6721 Emmaus Church Rd,Providence Forge,VA,23140,"I-64, Exit 211",37.499802,-77.089187,(804) 207-3015,30,6,5,Electric Vehicle Charging Station | Mobile Ordering,Subway | Pilot Eats EXPRESS
168,Pilot Travel Center,30035 County Road 8,Dunnigan,CA,95937,"I-5, Exit 554",38.862278685073136,-121.95067933135222,(530) 724-3060,143,9,10,Diesel Lanes | Showers | Prime Parking Spaces | Diesel Mobile Fueling | ATM | Bulk Propane | CAT Scale | Check Cashing | Cylinder Propane | DEF Lanes | Live Parking | Lottery | Pegasus | Public Laundry | Truck Parking Spaces | Electric Vehicle Charging Station | Bridgestone Tire Monitoring | Southern Tire Mart at Pilot / Truck Care | Mobile Ordering,Wendy's | Pilot Eats
198,Pilot Travel Center,10619 9A Rd,Plymouth,IN,46563,US Hwy 30 & 31,41.34192173560341,-86.26426154846212,(574) 936-6525,110,8,7,Diesel Lanes | Showers | Prime Parking Spaces | Diesel Mobile Fueling | Premium Wifi | ATM | CAT Scale | Check Cashing | Cylinder Propane | DEF Lanes | Game Room | Lottery | Pegasus | Public Laundry | Truck Parking Spaces | Electric Vehicle Charging Station | Southern Tire Mart at Pilot / Truck Care | Mobile Ordering,Subway | Pilot Eats EXPRESS
171,Pilot Travel Center,503 N Oakwood St,Oakwood,IL,61858,"I-74, Exit 206",40.12375,-87.779499,(217) 354-4098,99,7,7,Electric Vehicle Charging Station | Southern Tire Mart at Pilot / Truck Care | Mobile Ordering,Cinnabon | Pilot Eats
231,Pilot Travel Center,249 W Cumberland Gap Pkwy,Corbin,KY,40701,"I-75/US-25E, Exit 29",36.97511182002901,-84.10778245470296,(606) 528-0631,40,8,5,Diesel Lanes | Showers | Prime Parking Spaces | Diesel Mobile Fueling | Premium Wifi | ATM | CAT Scale | Check Cashing | Cylinder Propane | DEF Lanes | Game Room | Lottery | Pegasus | Truck Parking Spaces | Mobile Ordering,McDonalds | Pilot Eats
254,ONE9 Travel Center,650 GA-299,Wildwood,GA,30757,"I-24/59, Exit 169",34.97848385096656,-85.4139074441803,(706) 820-7353,9,6,3,Diesel Lanes | Showers | Diesel Mobile Fueling | Premium Wifi | ATM | CAT Scale | Check Cashing | Cylinder Propane | DEF Lanes | Game Room | Lottery | Pegasus | Truck Parking Spaces | Mobile Ordering,Subway | Pilot Eats EXPRESS
257,Pilot Travel Center,4015 S FM 1788,Midland,TX,79706,"I-20, Exit 128 E/126 W",31.91480865050656,-102.21552542460633,(432) 563-1683,99,9,7,Diesel Lanes | Showers | Prime Parking Spaces | Diesel Mobile Fueling | Premium Wifi | ATM | CAT Scale | Check Cashing | Cylinder Propane | DEF Lanes | Lottery | Pegasus | Public Laundry | Truck Parking Spaces | Southern Tire Mart at Pilot / Truck Care | Mobile Ordering,McDonalds | Pilot Eats
259,Pilot Travel Center,3000 N 32nd St,Muskogee,OK,74401,US-69 & Harris Rd,35.784450979641605,-95.40160427116395,(918) 686-7856,125,9,7,Diesel Lanes | Showers | Prime Parking Spaces | Diesel Mobile Fueling | Premium Wifi | ATM | CAT Scale | Check Cashing | Cylinder Propane | DEF Lanes | Game Room | Lottery | Pegasus | Public Laundry | Truck Parking Spaces | Mobile Ordering,Subway | Pilot Eats
284,Pilot Travel Center,1200 Nadeau Rd,Monroe,MI,48162,"I-75, Exit 18",41.96358907420919,-83.35375333735163,(734) 457-3500,60,8,5,Diesel Lanes | Showers | Prime Parking Spaces | Diesel Mobile Fueling | Premium Wifi | ATM | CAT Scale | Check Cashing | Cylinder Propane | DEF Lanes | Lottery | Pegasus | Truck Parking Spaces | Mobile Ordering,Taco Bell | Pilot Eats EXPRESS
332,Pilot Travel Center,3300 AR-391,North Little Rock,AR,72117,"I-40, Exit 161",34.781197952345856,-92.12783413251053,(501) 945-2226,138,11,10,Diesel Lanes | Showers | Prime Parking Spaces | Diesel Mobile Fueling | Premium Wifi | ATM | CAT Scale | Check Cashing | DEF Lanes | Game Room | Lottery | Pegasus | Public Laundry | Truck Parking Spaces | Bridgestone Tire Monitoring | Mobile Ordering,Pizza Hut | Subway | Pilot Eats
391,Pilot Travel Center,1600 E Pine St,Central Point,OR,97502,"I-5, Exit 33",42.377970555721724,-122.89909159260763,(541) 664-7001,93,8,7,Diesel Lanes | Showers | Prime Parking Spaces | Diesel Mobile Fueling | Premium Wifi | ATM | CAT Scale | Check Cashing | Cylinder Propane | DEF Lanes | Game Room | Live Parking | Lottery | Pegasus | Public Laundry | Truck Parking Spaces | Electric Vehicle Charging Station | Bridgestone Tire Monitoring | Mobile Ordering,Subway | Taco Bell | Pilot Eats EXPRESS
380,Pilot Travel Center,107 7th North St,Liverpool,NY,13088,"I-81/90, Exit 25",43.086718,-76.165752,(315) 424-0124,81,8,5,Diesel Lanes | Showers | Prime Parking Spaces | Diesel Mobile Fueling | Premium Wifi | ATM | CAT Scale | Check Cashing | DEF Lanes | Game Room | Lottery | Pegasus | Truck Parking Spaces | Mobile Ordering,Pilot Eats
396,Pilot Travel Center,3541 Lee Jackson Hwy,Staunton,VA,24401,"I-81/64, Exit 213",38.01992541993689,-79.14098694841003,(540) 324-0714,100,9,11,Diesel Lanes | Showers | Prime Parking Spaces | Diesel Mobile Fueling | Premium Wifi | ATM | CAT Scale | Check Cashing | Cylinder Propane | DEF Lanes | Game Room | Lottery | Pegasus | Public Laundry | Truck Parking Spaces | Bridgestone Tire Monitoring | Mobile Ordering,Pilot Eats
437,Pilot Travel Center,481 KY-92,Williamsburg,KY,40769,"I-75, Exit 11",36.72208144037753,-84.16803532055776,(606) 549-0162,80,7,5,Diesel Lanes | Showers | Prime Parking Spaces | Diesel Mobile Fueling | Premium Wifi | ATM | CAT Scale | Check Cashing | Cylinder Propane | DEF Lanes | Game Room | Lottery | Pegasus | Public Laundry | Truck Parking Spaces | Electric Vehicle Charging Station | Mobile Ordering,Cinnabon | Wendy's | Pilot Eats EXPRESS
399,Pilot Travel Center,150 Plaza Park Rd,Lebanon Junction,KY,40150,"I-65, Exit 105",37.82721890518839,-85.72364733729552,(502) 833-2727,100,8,7,Diesel Lanes | Showers | Prime Parking Spaces | Diesel Mobile Fueling | Premium Wifi | ATM | CAT Scale | Check Cashing | Cylinder Propane | DEF Lanes | Game Room | Lottery | Pegasus | Public Laundry | Truck Parking Spaces | Southern Tire Mart at Pilot / Truck Care | Mobile Ordering,Cinnabon | McDonalds | Subway | Pilot Eats EXPRESS
439,Pilot Travel Center,12900 Fort Campbell Blvd,Oak Grove,KY,42262,"I-24, Exit 86",36.692240116720214,-87.45177692527008,(270) 439-0153,125,9,5,Diesel Lanes | Showers | Prime Parking Spaces | Diesel Mobile Fueling | Premium Wifi | ATM | CAT Scale | Check Cashing | Cylinder Propane | DEF Lanes | Game Room | Lottery | Pegasus | Public Laundry | Truck Parking Spaces | Mobile Ordering,Subway | Wendy's | Pilot Eats EXPRESS
459,Pilot Travel Center,900 N 99th Ave,Avondale,AZ,85323,"I-10, Exit 133",33.45642834826031,-112.27364506333598,(623) 936-0900,154,9,13,Diesel Lanes | Showers | Prime Parking Spaces | Diesel Mobile Fueling | Premium Wifi | ATM | CAT Scale | Check Cashing | Cylinder Propane | DEF Lanes | Lottery | Pegasus | Public Laundry | Truck Parking Spaces | Bridgestone Tire Monitoring | Mobile Ordering,Subway | Wendy's | Pilot Eats EXPRESS
478,Pilot Travel Center,6921 IN-66,Leavenworth,IN,47137,"I-64, Exit 92",38.23897920186528,-86.36225761773193,(812) 739-2002,75,7,5,Diesel Lanes | Showers | Prime Parking Spaces | Diesel Mobile Fueling | Premium Wifi | ATM | CAT Scale | Check Cashing | Cylinder Propane | DEF Lanes | Game Room | Lottery | Pegasus | Public Laundry | Truck Parking Spaces | Mobile Ordering,Cinnabon | Subway | Pilot Eats EXPRESS
503,Pilot Travel Center,2309 Smithtown Rd,Morgantown,WV,26508,"I-79, Exit 146",39.5385940598806,-79.99450669901536,(304) 284-8518,44,7,5,Diesel Lanes | Showers | Diesel Mobile Fueling | Premium Wifi | ATM | CAT Scale | Check Cashing | Cylinder Propane | DEF Lanes | Game Room | Lottery | Pegasus | Public Laundry | Truck Parking Spaces | Mobile Ordering,Cinnabon | Pilot Eats
507,Flying J Dealer,11710 N I-35,Jarrell,TX,76537,"I-35, Exit 275",30.811491139658038,-97.61138557280242,(512) 746-4341,140,7,0,Diesel Lanes | Showers | Diesel Mobile Fueling | Premium Wifi | ATM | DEF Lanes | Game Room | Pegasus | Public Laundry | Truck Parking Spaces,Denny's
597,Pilot Travel Center,1111 E Main St,Chillicothe,OH,45601,"I-77, Exit 48",39.33863714640421,-82.95148015948463,(740) 772-2300,66,7,5,Diesel Lanes | Showers | Prime Parking Spaces | Diesel Mobile Fueling | Premium Wifi | ATM | CAT Scale | Cylinder Propane | DEF Lanes | Drivers Lounge | Game Room | Lottery | Pegasus | Public Laundry | Truck Parking Spaces | Mobile Ordering,Moe's | Pilot Eats
646,Flying J Travel Center,16049 Willowbrook Rd,South Beloit,IL,61080,"I-90/39, Exit 1",42.49339050352096,-88.99865961634501,(815) 389-4760,186,12,13,Electric Vehicle Charging Station | Mobile Ordering,Denny's | Pilot Eats
667,Flying J Travel Center,7800 W Grand River Ave,Grand Ledge,MI,48837,"I-96, Exit 90/I-69, Exit 81",42.78762423626461,-84.67757262481254,(517) 627-7504,145,8,9,Diesel Lanes | Showers | Prime Parking Spaces | Diesel Mobile Fueling | Premium Wifi | ATM | Bulk Propane | CAT Scale | Check Cashing | Cylinder Propane | DEF Lanes | Drivers Lounge | Game Room | Lottery | Pegasus | Public Laundry | Truck Parking Spaces | Electric Vehicle Charging Station | Mobile Ordering,IHOP | Pilot Eats
676,Flying J Travel Center,9351 Canal Rd,Gulfport,MS,39503,"I-10, Exit 31",30.42134135806972,-89.13787811904908,(228) 868-2711,165,12,15,Electric Vehicle Charging Station | Mobile Ordering,Denny's | Pilot Eats
723,Flying J Travel Center,9601 E I-40,Amarillo,TX,79118,"I-40, Exit 76",35.19378639630226,-101.72343898070584,(806) 335-1475,200,10,13,Diesel Lanes | Showers | Prime Parking Spaces | Diesel Mobile Fueling | Premium Wifi | ATM | Barber Shop | Bulk Propane | CAT Scale | Check Cashing | Cylinder Propane | DEF Lanes | Drivers Lounge | Game Room | Lottery | Pegasus | Public Laundry | Truck Parking Spaces | Electric Vehicle Charging Station | Bridgestone Tire Monitoring | Mobile Ordering,Pilot Eats
743,Flying J Travel Center,1597 S Main St,Nephi,UT,84648,"I-15, Exit 222",39.685231094083576,-111.83638155216694,(435) 250-4522,110,8,9,Diesel Lanes | Showers | Prime Parking Spaces | Diesel Mobile Fueling | Premium Wifi | ATM | Bulk Propane | CAT Scale | Check Cashing | Cylinder Propane | DEF Lanes | Drivers Lounge | Pegasus | Public Laundry | Truck Parking Spaces | Bridgestone Tire Monitoring | Mobile Ordering,Denny's | Pilot Eats
737,Flying J Travel Center,1815 N Foster Rd,San Antonio,TX,78244,"I-10, Exit 583",29.44609005982627,-98.3612750062766,(210) 666-2266,190,12,12,Electric Vehicle Charging Station | Southern Tire Mart at Pilot / Truck Care | Mobile Ordering,Pilot Eats
748,Flying J Travel Center,600 W 750 N,Willard,UT,84340,"I-15, Exit 357",41.423985,-112.051637,(435) 723-1010,48,5,4,Diesel Lanes | Showers | Prime Parking Spaces | Diesel Mobile Fueling | Premium Wifi | ATM | Bulk Propane | Check Cashing | Cylinder Propane | DEF Lanes | Drivers Lounge | Pegasus | Public Laundry | Truck Parking Spaces | Electric Vehicle Charging Station | Bridgestone Tire Monitoring | Mobile Ordering,Pilot Eats
750,Flying J Travel Center,139 Factory Outlet Dr,Max Meadows,VA,24360,"I-81/77, Exit 80",36.944556358625825,-80.94568369546722,(276) 637-4115,265,10,14,Diesel Lanes | Showers | Prime Parking Spaces | Diesel Mobile Fueling | Premium Wifi | ATM | CAT Scale | Check Cashing | Cylinder Propane | DEF Lanes | Drivers Lounge | Game Room | Lottery | Pegasus | Public Laundry | Truck Parking Spaces | Truck Wash | Electric Vehicle Charging Station | Bridgestone Tire Monitoring | Mobile Ordering,Denny's | Wendy's | Pilot Eats
883,Pilot Dealer,9800 I-20 Frontage Rd,Canton,TX,75103,"I-20, Exit 533",32.542895939717454,-95.75518315372217,(903) 829-2600,100,5,0,Diesel Lanes | Showers | Diesel Mobile Fueling | ATM | CAT Scale | Check Cashing | DEF Lanes | Game Room | Lottery | Pegasus | Public Laundry | Truck Parking Spaces,
852,Flying J Travel Center,20382 Old Hwy 2,Lancaster,ON,K0C 1N0,"ON-401, Exit 814",45.138695,-74.4962147,(613) 347-2221,71,10,7,Diesel Lanes | Showers | Diesel Mobile Fueling | Premium Wifi | ATM | CAT Scale | Check Cashing | Cylinder Propane | DEF Lanes | Drivers Lounge | Game Room | Pegasus | Public Laundry | Truck Parking Spaces,Pilot Eats
917,Pilot Dealer,3700 31st St SW,Great Falls,MT,59404,"I-15, Exit 277",47.469981097367366,-111.3610040381676,(406) 452-0342,110,5,0,Diesel Lanes | Showers | ATM | CAT Scale | Check Cashing | DEF Lanes | Drivers Lounge | Public Laundry | Truck Parking Spaces,
920,Pilot Travel Center,1110 E Willow Ave,Colby,KS,67701,"I-70, Exit 54",39.364622411090004,-101.03250595706614,(785) 588-4960,90,8,5,Diesel Lanes | Showers | Prime Parking Spaces | Diesel Mobile Fueling | Premium Wifi | ATM | CAT Scale | Check Cashing | DEF Lanes | Game Room | Lottery | Pegasus | Public Laundry | Truck Parking Spaces | Mobile Ordering,Subway | Pilot Eats
1057,Flying J Travel Center,1305 Pasadena Fwy,Pasadena,TX,77506,TX-225 & Red Bluff Rd,29.714222599058022,-95.19650771253666,(713) 534-0038,80,8,7,Diesel Lanes | Showers | Prime Parking Spaces | Diesel Mobile Fueling | Premium Wifi | ATM | CAT Scale | Cylinder Propane | DEF Lanes | Drivers Lounge | Game Room | Lottery | Pegasus | Public Laundry | Truck Parking Spaces | Bridgestone Tire Monitoring | Mobile Ordering,Pilot Eats
4578,Pilot Travel Center,10959 SC-200,Winnsboro,SC,29180,"I-77, Exit 48",34.50807148422639,-81.00115951349183,(803) 232-8916,100,7,8,Diesel Lanes | Showers | Prime Parking Spaces | Diesel Mobile Fueling | ATM | CAT Scale | Check Cashing | Cylinder Propane | DEF Lanes | Lottery | Pegasus | Truck Parking Spaces | Bridgestone Tire Monitoring | Mobile Ordering,Dunkin Express | Taco Bell | Wendy's | Pilot Eats
2,Pilot Travel Center,2246 OH-45,Austinburg,OH,44010,"I-90, Exit 223",41.7855178,-80.8536977,(440) 275-3303,150,8,7,Diesel Lanes | Showers | Prime Parking Spaces | Diesel Mobile Fueling | Premium Wifi | ATM | CAT Scale | Check Cashing | Cylinder Propane | DEF Lanes | Game Room | Lottery | Pegasus | Public Laundry | Truck Parking Spaces | Southern Tire Mart at Pilot / Truck Care | Mobile Ordering,Subway | Pilot Eats
21,Pilot Travel Center,750 Baker Rd,Dexter,MI,48130,"I-94, Exit 167",42.30171762475405,-83.87721526025771,(734) 426-4618,80,5,3,Diesel Lanes | Showers | Prime Parking Spaces | Diesel Mobile Fueling | Premium Wifi | ATM | CAT Scale | Check Cashing | Cylinder Propane | DEF Lanes | Lottery | Pegasus | Truck Parking Spaces | Mobile Ordering,Subway | Pilot Eats EXPRESS
114,Pilot Travel Center,2449 Genesis Rd,Crossville,TN,38571,"I-40, Exit 320",35.9857961,-85.0116688,(931) 450-3018,85,8,7,Diesel Lanes | Showers | Prime Parking Spaces | Diesel Mobile Fueling | Premium Wifi | ATM | CAT Scale | Check Cashing | Cylinder Propane | DEF Lanes | Game Room | Lottery | Pegasus | Public Laundry | Truck Parking Spaces | Bridgestone Tire Monitoring | Mobile Ordering,Wendy's | Pilot Eats EXPRESS
66,Pilot Travel Center,5888 Hwy 53,Braselton,GA,30517,"I-85, Exit 129",34.1194936,-83.7619905,(706) 654-2820,70,7,6,Diesel Lanes | Showers | Prime Parking Spaces | Diesel Mobile Fueling | Premium Wifi | ATM | CAT Scale | Check Cashing | DEF Lanes | Game Room | Lottery | Pegasus | Public Laundry | Truck Parking Spaces | Electric Vehicle Charging Station | Bridgestone Tire Monitoring | Mobile Ordering,McDonalds | Pilot Eats
91,Pilot Travel Center,1625 County Road 210 West,Saint Johns,FL,32259,"I-95, Exit 329",30.065564,-81.493909,(904) 826-3618,17,10,5,Diesel Lanes | Showers | Prime Parking Spaces | Diesel Mobile Fueling | Premium Wifi | ATM | CAT Scale | Check Cashing | Cylinder Propane | DEF Lanes | Game Room | Lottery | Pegasus | Public Laundry | Truck Parking Spaces | Bridgestone Tire Monitoring | Mobile Ordering,McDonalds | Pilot Eats EXPRESS
219,Pilot Travel Center,7210 Strawberry Plains Pike,Knoxville,TN,37914,"I-40, Exit 398",35.9992434,-83.7775841,(865) 544-1067,107,9,9,Diesel Lanes | Showers | Prime Parking Spaces | Diesel Mobile Fueling | Premium Wifi | ATM | CAT Scale | Check Cashing | Cylinder Propane | DEF Lanes | Game Room | Live Parking | Lottery | Pegasus | Public Laundry | Truck Parking Spaces | Electric Vehicle Charging Station | Bridgestone Tire Monitoring | Mobile Ordering,Cinnabon | Subway | Pilot Eats
196,Pilot Travel Center,302 W Ray Fine Blvd,Roland,OK,74954,"I-40, Exit 325",35.40460263855868,-94.52166165330061,(918) 427-0895,125,8,7,Diesel Lanes | Showers | Prime Parking Spaces | Diesel Mobile Fueling | Premium Wifi | ATM | CAT Scale | Check Cashing | DEF Lanes | Game Room | Lottery | Pegasus | Public Laundry | Truck Parking Spaces | Electric Vehicle Charging Station | Bridgestone Tire Monitoring | Mobile Ordering,Wendy's | Pilot Eats EXPRESS
301,ONE9 Travel Center,917 E Elm St,Marston,MO,63866,"I-55, Exit 40",36.51823272159483,-89.59792952277141,(573) 643-2320,70,7,5,Diesel Lanes | Showers | Prime Parking Spaces | Diesel Mobile Fueling | Premium Wifi | ATM | CAT Scale | Check Cashing | Cylinder Propane | DEF Lanes | Drivers Lounge | Game Room | Lottery | Pegasus | Public Laundry | Truck Parking Spaces | Truck Wash | Mobile Ordering,Subway | Pilot Eats EXPRESS
141,Pilot Travel Center,289 Bear River Dr,Evanston,WY,82930,"I-80, Exit 6",41.26892241557879,-110.94074761094092,(307) 783-5930,75,7,6,Diesel Lanes | Showers | Prime Parking Spaces | Diesel Mobile Fueling | Premium Wifi | ATM | CAT Scale | Check Cashing | Cylinder Propane | DEF Lanes | Game Room | Pegasus | Public Laundry | Truck Parking Spaces | Southern Tire Mart at Pilot / Truck Care | Mobile Ordering,Cinnabon | Subway | Pilot Eats EXPRESS
311,Pilot Travel Center,8035 Perry Hwy,Erie,PA,16509,"I-90/PA-97, Exit 27",42.06951851491608,-80.03856261858165,(814) 864-8536,45,7,5,Electric Vehicle Charging Station | Mobile Ordering,Subway | Pilot Eats EXPRESS
356,Pilot Travel Center,2050 E Blue Lick Rd,Shepherdsville,KY,40165,"I-65, Exit 121",38.06087344786319,-85.70308640244674,(502) 955-5049,57,11,7,Diesel Lanes | Showers | Prime Parking Spaces | Diesel Mobile Fueling | Premium Wifi | ATM | CAT Scale | Check Cashing | Cylinder Propane | DEF Lanes | Game Room | Lottery | Pegasus | Truck Parking Spaces | Mobile Ordering,Subway | Pilot Eats
367,Pilot Travel Center,2226 FM 1903,Caddo Mills,TX,75135,"I-30, Exit 87 W/85 E",33.04362810400574,-96.17789356448746,(903) 527-2150,80,8,6,Diesel Lanes | Showers | Prime Parking Spaces | Diesel Mobile Fueling | ATM | CAT Scale | Check Cashing | DEF Lanes | Game Room | Lottery | Pegasus | Public Laundry | Truck Parking Spaces | Electric Vehicle Charging Station | Bridgestone Tire Monitoring | Mobile Ordering,McDonalds | Pilot Eats
339,ONE9 Travel Center,16502 IN-63,Covington,IN,47932,"I-74 & IN-63, Exit 4",40.12298024344279,-87.45067123809814,(765) 793-7307,50,6,6,Diesel Lanes | Showers | Prime Parking Spaces | Diesel Mobile Fueling | Premium Wifi | ATM | CAT Scale | Check Cashing | Cylinder Propane | DEF Lanes | Game Room | Lottery | Pegasus | Truck Parking Spaces | Mobile Ordering,Arby's | Pilot Eats EXPRESS
409,Pilot Travel Center,2320 TN-46,Dickson,TN,37055,"I-40, Exit 172",36.02270726288148,-87.34116938028716,(615) 446-4600,43,11,8,Diesel Lanes | Showers | Prime Parking Spaces | Diesel Mobile Fueling | Premium Wifi | ATM | CAT Scale | Check Cashing | Cylinder Propane | DEF Lanes | Game Room | Lottery | Pegasus | Public Laundry | Truck Parking Spaces | Electric Vehicle Charging Station | Mobile Ordering,Wendy's | Pilot Eats EXPRESS
444,Pilot Travel Center,4376 IN-59,Brazil,IN,47834,"I-70, Exit 23",39.45156771560114,-87.12506001852418,(812) 446-9400,55,8,10,Diesel Lanes | Showers | Prime Parking Spaces | Diesel Mobile Fueling | Premium Wifi | ATM | CAT Scale | Check Cashing | Cylinder Propane | DEF Lanes | Game Room | Lottery | Pegasus | Public Laundry | Truck Parking Spaces | Electric Vehicle Charging Station | Bridgestone Tire Monitoring | Southern Tire Mart at Pilot / Truck Care | Mobile Ordering,Cinnabon | McDonalds | Subway | Pilot Eats EXPRESS
474,Pilot Travel Center,270 Scott Fork Rd,Sutton,WV,26601,"I-79, Exit 67",38.70527447538132,-80.6637912358965,(304) 765-9270,56,7,5,Diesel Lanes | Truck Parking Spaces | Electric Vehicle Charging Station | Mobile Ordering,Cinnabon | Moe's | Pilot Eats EXPRESS
477,Flying J Travel Center,1700 N US Hwy 75,Anna,TX,75409,"US-75, Exit 48A",33.344924364654375,-96.58900091534424,(972) 924-2035,110,8,8,Diesel Lanes | Showers | Prime Parking Spaces | Diesel Mobile Fueling | Premium Wifi | ATM | CAT Scale | Check Cashing | Cylinder Propane | DEF Lanes | Drivers Lounge | Game Room | Lottery | Pegasus | Public Laundry | Truck Parking Spaces | Truck Wash | Mobile Ordering,Pilot Eats EXPRESS
497,Pilot Travel Center,130 Honda Dr,Lincoln,AL,35096,"I-20, Exit 165",33.593009227625366,-86.15923952546312,(205) 763-2225,80,8,7,Diesel Lanes | Showers | Prime Parking Spaces | Diesel Mobile Fueling | Premium Wifi | ATM | CAT Scale | Cylinder Propane | DEF Lanes | Game Room | Pegasus | Public Laundry | Truck Parking Spaces | Electric Vehicle Charging Station | Bridgestone Tire Monitoring | Mobile Ordering,Cinnabon | Subway | Pilot Eats
510,Flying J Dealer,810 N 800 W St,Scipio,UT,84656,"I-15, Exit 188",39.25560846866678,-112.11739867835146,(435) 758-2345,35,5,0,Diesel Lanes | Showers | Diesel Mobile Fueling | ATM | DEF Lanes | Pegasus | Truck Parking Spaces,
549,Flying J Travel Center,125 Plaza Ln,Mount Airy,NC,27030,"I-77, Exit 100",36.48649057404054,-80.74656385152053,(743) 212-0310,150,10,10,Diesel Lanes | Showers | Diesel Mobile Fueling | ATM | Check Cashing | DEF Lanes | Game Room | Lottery | Pegasus | Public Laundry | Truck Parking Spaces | Electric Vehicle Charging Station | Bridgestone Tire Monitoring | Southern Tire Mart at Pilot / Truck Care | Mobile Ordering,Pilot Eats
613,Pilot Travel Center,17047 Zachary Ave,Bakersfield,CA,93308,"CA-99, Exit 39",35.53128281920143,-119.18796423254089,(661) 392-5300,218,10,14,Electric Vehicle Charging Station | Southern Tire Mart at Pilot / Truck Care | Mobile Ordering,Taco Bell | Pilot Eats
631,Flying J Travel Center,7001 Bellville Rd,Lake Park,GA,31636,"I-75, Exit 2",30.641522155216787,-83.1897457103119,(229) 559-6500,200,12,15,Diesel Lanes | Showers | Prime Parking Spaces | Diesel Mobile Fueling | Premium Wifi | ATM | CAT Scale | Check Cashing | Cylinder Propane | DEF Lanes | Game Room | Lottery | Pegasus | Public Laundry | Truck Parking Spaces | Electric Vehicle Charging Station | Bridgestone Tire Monitoring | Mobile Ordering,Subway | Pilot Eats
621,Flying J Travel Center,2495 Williams Ave,Limon,CO,80828,"I-70, Exit 359",39.27500849612974,-103.70907589682007,(719) 775-9286,162,8,9,Diesel Lanes | Drivers Lounge | Public Laundry | Electric Vehicle Charging Station | Southern Tire Mart at Pilot / Truck Care | Mobile Ordering,IHOP | Pilot Eats
637,Flying J Travel Center,445 Evansdale Dr,Evansdale,IA,50707,"I-380, Exit 68",42.4596979,-92.252271,(319) 291-7714,80,7,7,Diesel Lanes | Showers | Prime Parking Spaces | Diesel Mobile Fueling | Premium Wifi | ATM | Bulk Propane | CAT Scale | Check Cashing | Cylinder Propane | DEF Lanes | Drivers Lounge | Lottery | Pegasus | Public Laundry | Truck Parking Spaces | Mobile Ordering,Pilot Eats
643,Flying J Travel Center,1701 W Evergreen Ave,Effingham,IL,62401,"I-57/70, Exit 160",39.13399558012432,-88.56593821957398,(217) 347-7161,180,12,15,Diesel Lanes | Showers | Prime Parking Spaces | Diesel Mobile Fueling | Premium Wifi | ATM | Bulk Propane | CAT Scale | Check Cashing | Cylinder Propane | DEF Lanes | Drivers Lounge | Game Room | Lottery | Pegasus | Public Laundry | Truck Parking Spaces | Electric Vehicle Charging Station | Bridgestone Tire Monitoring | Mobile Ordering,Pilot Eats
687,Flying J Travel Center,3400 S Newberry Rd,North Platte,NE,69101,"I-80, Exit 179",41.10142501497879,-100.72697941600799,(308) 532-4555,123,10,9,Diesel Lanes | Showers | Prime Parking Spaces | Diesel Mobile Fueling | Premium Wifi | ATM | Bulk Propane | CAT Scale | Check Cashing | Cylinder Propane | DEF Lanes | Drivers Lounge | Game Room | Lottery | Pegasus | Public Laundry | Truck Parking Spaces | Electric Vehicle Charging Station | Mobile Ordering,Pilot Eats
692,Flying J Travel Center,156 US-93,Wells,NV,89835,"I-80/US-93, Exit 352",41.09761253132391,-114.95757710185244,(775) 241-3962,91,10,9,Electric Vehicle Charging Station | Mobile Ordering,Pilot Eats
699,Flying J Travel Center,10480 Baltimore Rd SW,Millersport,OH,43046,"I-70, Exit 122",39.94234866881875,-82.59919418882703,(740) 964-9601,152,12,15,Diesel Lanes | Showers | Prime Parking Spaces | Diesel Mobile Fueling | Premium Wifi | ATM | Barber Shop | Bulk Propane | CAT Scale | Cylinder Propane | DEF Lanes | Game Room | Pegasus | Public Laundry | Truck Parking Spaces | Electric Vehicle Charging Station | Bridgestone Tire Monitoring | Mobile Ordering,Denny's | Pilot Eats
715,Mr. Fuel Travel Center,11 State Hwy W,Foristell,MO,63348,"I-70, Exit 203",38.81843491338225,-90.95300057804869,(636) 673-1011,20,7,4,Diesel Lanes | Showers | Diesel Mobile Fueling | Premium Wifi | ATM | CAT Scale | Check Cashing | DEF Lanes | Lottery | Pegasus | Truck Parking Spaces | Mobile Ordering,Pilot Eats
702,Flying J Travel Center,1255 W Gentry Ave,Checotah,OK,74426,US-69 & US-266,35.475430579213715,-95.53889085344238,(918) 380-8631,150,8,9,Diesel Lanes | Showers | Prime Parking Spaces | Diesel Mobile Fueling | Premium Wifi | ATM | Bulk Propane | CAT Scale | Check Cashing | Cylinder Propane | DEF Lanes | Drivers Lounge | Game Room | Lottery | Pegasus | Public Laundry | Truck Parking Spaces | Electric Vehicle Charging Station | Bridgestone Tire Monitoring | Mobile Ordering,Pilot Eats
740,Flying J Travel Center,204 Waller Ave,Brookshire,TX,77423,"I-10, Exit 732",29.779966787565538,-95.9521512883606,(281) 934-4133,117,8,9,Diesel Lanes | Showers | Prime Parking Spaces | Diesel Mobile Fueling | Premium Wifi | ATM | Bulk Propane | CAT Scale | Check Cashing | Cylinder Propane | DEF Lanes | Drivers Lounge | Game Room | Lottery | Pegasus | Public Laundry | Truck Parking Spaces | Electric Vehicle Charging Station | Mobile Ordering,Denny's | Pilot Eats
777,ONE9 Dealer,3353 Federal Way,Boise,ID,83705,I-84 Exit 54 (Federal Way),43.57146836406124,-116.18910300583707,(208) 802-7985,75,3,0,Diesel Lanes | Showers | Prime Parking Spaces | Diesel Mobile Fueling | Premium Wifi | ATM | Bulk Propane | Check Cashing | Cylinder Propane | DEF Lanes | Drivers Lounge | Lottery | Pegasus | Public Laundry | Truck Parking Spaces | Truck Wash | Bridgestone Tire Monitoring,
793,Flying J Travel Center,4216 72 Ave SE,Calgary,AB,T2C 2C1,72 Ave SE & 40 St SE,50.9900423,-113.9746057,(403) 879-4338,15,6,2,Diesel Lanes | Showers | Diesel Mobile Fueling | ATM | Cylinder Propane | DEF Lanes | Lottery | Pegasus | Truck Parking Spaces,Pilot Eats
862,Flying J Travel Center,2492 Cedar Creek Rd,Ayr,ON,N0B 1E0,"ON-401, Exit 268",43.33468919830111,-80.43186983366012,(519) 624-9578,22,8,4,Diesel Lanes | Showers | Prime Parking Spaces | Diesel Mobile Fueling | Premium Wifi | ATM | CAT Scale | Check Cashing | DEF Lanes | Pegasus | Truck Parking Spaces,Pilot Eats EXPRESS
888,Pilot Dealer,2901 TX-86,Tulia,TX,79088,"I-27, Exit 74",34.52886206963798,-101.79779579267222,(806) 995-4567,71,6,0,Diesel Lanes | Showers | Diesel Mobile Fueling | ATM | Check Cashing | DEF Lanes | Game Room | Lottery | Pegasus | Public Laundry | Truck Parking Spaces,
916,Pilot Licensed Location,11882 US-93,Lolo,MT,59847,US-93 & US-12,46.75734937314649,-114.08151218395525,(406) 273-3018,30,6,0,Diesel Lanes | Showers | ATM | Check Cashing | DEF Lanes | Lottery | Truck Parking Spaces,
1020,Mr. Fuel Travel Center,1235 Ripley St,Lake Station,IN,46405,"I-94/90, Exit 15B",41.58833740961262,-87.23947943543345,(219) 962-1110,6,8,2,Diesel Lanes | Showers | Diesel Mobile Fueling | CAT Scale | Cylinder Propane | DEF Lanes | Pegasus | Truck Parking Spaces | Truck Wash | Mobile Ordering,Pilot Eats
4651,Pilot Travel Center,781 Moore's Ferry Rd,Skippers,VA,23879,"I-95, Exit 4",36.6069402079367,-77.56095702090148,(434) 336-9100,85,7,6,Diesel Lanes | Showers | Prime Parking Spaces | Diesel Mobile Fueling | ATM | CAT Scale | Cylinder Propane | DEF Lanes | Lottery | Pegasus | Truck Parking Spaces | Electric Vehicle Charging Station | Bridgestone Tire Monitoring | Mobile Ordering,Subway | Pilot Eats
4656,Pilot Travel Center,4610 County Dr,Disputanta,VA,23842,"I-295/US-460, Exit 3A",37.18460273353782,-77.31828421376625,(804) 863-4612,103,7,7,Electric Vehicle Charging Station | Mobile Ordering,Wendy's | Pilot Eats
164,Pilot Travel Center,1101 Gateway Ave,Mauston,WI,53948,"I-90/94, Exit 69",43.7971573236146,-90.05089207874519,(608) 847-3321,95,7,7,Diesel Lanes | Showers | Prime Parking Spaces | Diesel Mobile Fueling | Premium Wifi | ATM | CAT Scale | Check Cashing | Cylinder Propane | DEF Lanes | Game Room | Lottery | Pegasus | Public Laundry | Truck Parking Spaces | Electric Vehicle Charging Station | Mobile Ordering,Wendy's | Pilot Eats EXPRESS
68,Pilot Travel Center,2185 US-441,Dublin,GA,31021,"I-16, Exit 51",32.490501860087164,-82.93440021354445,(478) 275-2143,5,4,4,Diesel Lanes | Showers | Diesel Mobile Fueling | Premium Wifi | ATM | CAT Scale | Check Cashing | Cylinder Propane | DEF Lanes | Game Room | Lottery | Pegasus | Truck Parking Spaces | Bridgestone Tire Monitoring | Mobile Ordering,Pilot Eats EXPRESS
210,Pilot Travel Center,230 NJ-17 S,Mahwah,NJ,07430,NJ-17 S,41.0921859362894,-74.15589530192184,(201) 529-2704,8,6,0,Diesel Lanes | Diesel Mobile Fueling | Premium Wifi | ATM | CAT Scale | Check Cashing | DEF Lanes | Lottery | Pegasus | Truck Parking Spaces | Bridgestone Tire Monitoring | Mobile Ordering,Pilot Eats EXPRESS
46,ONE9 Travel Center,2929 Scottsville Rd,Franklin,KY,42134,"I-65, Exit 6",36.716046,-86.525849,(270) 586-4149,35,8,4,Diesel Lanes | Showers | Prime Parking Spaces | Diesel Mobile Fueling | Premium Wifi | ATM | CAT Scale | Check Cashing | Cylinder Propane | DEF Lanes | Lottery | Pegasus | Truck Parking Spaces | Mobile Ordering,Subway | Pilot Eats EXPRESS
249,Pilot Travel Center,820 Edwardsville Rd,Troy,IL,62294,"I-55/70/270, Exit 18",38.73177182365101,-89.90855673956662,(618) 667-0946,135,10,7,Diesel Lanes | Showers | Prime Parking Spaces | Diesel Mobile Fueling | Premium Wifi | ATM | CAT Scale | Check Cashing | DEF Lanes | Game Room | Lottery | Pegasus | Public Laundry | Truck Parking Spaces | Electric Vehicle Charging Station | Bridgestone Tire Monitoring | Mobile Ordering,Arby's | Pilot Eats EXPRESS
258,ONE9 Travel Center,2966 Lee Hwy,Troutville,VA,24175,"I-81, Exit 150A/B",37.388778719821936,-79.90077749206543,(540) 992-2805,11,6,3,Diesel Lanes | Showers | Diesel Mobile Fueling | Premium Wifi | ATM | CAT Scale | Check Cashing | DEF Lanes | Lottery | Pegasus | Truck Parking Spaces | Mobile Ordering,Subway | Pilot Eats EXPRESS
353,Pilot Travel Center,110 Triport Rd,Georgetown,KY,40324,"I-75, Exit 129",38.27605548759607,-84.55335544912026,(502) 863-2708,175,12,12,Diesel Lanes | Showers | Prime Parking Spaces | Diesel Mobile Fueling | Premium Wifi | ATM | CAT Scale | Check Cashing | Cylinder Propane | DEF Lanes | Game Room | Lottery | Pegasus | Public Laundry | Truck Parking Spaces | Electric Vehicle Charging Station | Southern Tire Mart at Pilot / Truck Care | Mobile Ordering,Wendy's | Pilot Eats EXPRESS
331,Pilot Travel Center,2605 Bouldercrest Rd,Atlanta,GA,30316,"I-285, Exit 51",33.68527986504485,-84.31148729686672,(404) 855-0483,85,8,7,Diesel Lanes | Showers | Prime Parking Spaces | Diesel Mobile Fueling | Premium Wifi | ATM | CAT Scale | Check Cashing | Cylinder Propane | DEF Lanes | Game Room | Lottery | Pegasus | Public Laundry | Truck Parking Spaces | Bridgestone Tire Monitoring | Mobile Ordering,Wendy's | Pilot Eats
377,Pilot Travel Center,1101 Uniroyal Dr,Laredo,TX,78045,"I-35, Exit 12B/13",27.68405977487452,-99.46147054232789,(956) 717-5006,125,9,11,Diesel Lanes | Showers | Prime Parking Spaces | Diesel Mobile Fueling | Premium Wifi | ATM | CAT Scale | Check Cashing | DEF Lanes | Game Room | IdleAir | Lottery | Pegasus | Public Laundry | Truck Parking Spaces | Southern Tire Mart at Pilot / Truck Care | Mobile Ordering,McDonalds | Pilot Eats
394,Pilot Travel Center,239 Route 17K,Newburgh,NY,12550,"I-84, Exit 34",41.521248,-74.112935,(845) 567-1722,106,7,6,Diesel Lanes | Showers | Prime Parking Spaces | Diesel Mobile Fueling | Premium Wifi | ATM | CAT Scale | Check Cashing | Cylinder Propane | DEF Lanes | Game Room | Lottery | Pegasus | Public Laundry | Truck Parking Spaces | Bridgestone Tire Monitoring | Mobile Ordering,Arby's | Cinnabon | Pilot Eats EXPRESS
398,ONE9 Travel Center,39 Victory Ln,Vienna,GA,31092,"I-75, Exit 109",32.08570406570822,-83.76014493187715,(229) 268-1414,100,7,5,Diesel Lanes | Showers | Diesel Mobile Fueling | Premium Wifi | ATM | CAT Scale | Check Cashing | Cylinder Propane | DEF Lanes | Pegasus | Truck Parking Spaces | Electric Vehicle Charging Station | Mobile Ordering,McDonalds | Pilot Eats EXPRESS
404,Pilot Travel Center,2441 S Church St,Murfreesboro,TN,37127,"I-24, Exit 81",35.8076745,-86.3965548,(615) 907-9595,65,8,7,Diesel Lanes | Showers | Prime Parking Spaces | Diesel Mobile Fueling | Premium Wifi | ATM | CAT Scale | Check Cashing | Cylinder Propane | DEF Lanes | Game Room | Lottery | Pegasus | Public Laundry | Truck Parking Spaces | Mobile Ordering,Pilot Eats EXPRESS
445,Pilot Travel Center,243 Melton Road,Chesterton,IN,46304,"I-94, Exit 22",41.60458104099451,-87.11536487973233,(219) 787-5705,115,9,9,Diesel Lanes | Showers | Prime Parking Spaces | Diesel Mobile Fueling | Premium Wifi | ATM | CAT Scale | Check Cashing | Cylinder Propane | DEF Lanes | Game Room | Lottery | Pegasus | Truck Parking Spaces | Bridgestone Tire Monitoring | Mobile Ordering,McDonalds | Subway | Pilot Eats
446,Pilot Travel Center,15876 W Commerce Rd,Daleville,IN,47334,"I-69, Exit 234",40.11481381972504,-85.57320354100037,(765) 378-0246,125,8,5,Diesel Lanes | Showers | Prime Parking Spaces | Diesel Mobile Fueling | Premium Wifi | ATM | CAT Scale | Check Cashing | Cylinder Propane | DEF Lanes | Game Room | Lottery | Pegasus | Public Laundry | Truck Parking Spaces | Mobile Ordering,Pilot Eats EXPRESS
482,Pilot Travel Center,4610 Broadway St,Mount Vernon,IL,62864,"I-57/64, Exit 95",38.31266083319751,-88.96102649073791,(618) 244-1216,100,8,7,Electric Vehicle Charging Station | Mobile Ordering,Denny's | Pilot Eats EXPRESS
511,Flying J Dealer,3825 Business Loop I-94,Mandan,ND,58554,"I-94, Exit 147",46.86099008237861,-101.01017801719665,(701) 663-6922,125,14,0,Diesel Lanes | Showers | Diesel Mobile Fueling | Premium Wifi | ATM | CAT Scale | Check Cashing | DEF Lanes | Drivers Lounge | Game Room | Pegasus | Public Laundry | Truck Parking Spaces,
553,Flying J Travel Center,2571 N Front St,Fort Stockton,TX,79735,"I-10, Exit 259",30.90558482350075,-102.88516627976227,(432) 336-3410,109,8,9,Diesel Lanes | Showers | Diesel Mobile Fueling | ATM | Bulk Propane | CAT Scale | Check Cashing | DEF Lanes | Drivers Lounge | Game Room | Lottery | Pegasus | Public Laundry | Truck Parking Spaces | Mobile Ordering,Cinnabon | Subway | Pilot Eats
590,Pilot Travel Center,3181 Evergreen Ln SW,Alexandria,MN,56308,"I-94, Exit 100",45.861433721774304,-95.422836568623,(320) 763-9222,50,7,6,Diesel Lanes | Showers | Prime Parking Spaces | Diesel Mobile Fueling | Premium Wifi | ATM | CAT Scale | Check Cashing | Cylinder Propane | DEF Lanes | Lottery | Pegasus | Public Laundry | Truck Parking Spaces | Mobile Ordering,Subway | Pilot Eats EXPRESS
612,Flying J Travel Center,400 Transcon Ln,Winslow,AZ,86047,"I-40, Exit 255",35.01536302912001,-110.67412327733564,(928) 289-2081,146,12,15,Diesel Lanes | Showers | Prime Parking Spaces | Diesel Mobile Fueling | Premium Wifi | ATM | Bulk Propane | CAT Scale | Check Cashing | Cylinder Propane | DEF Lanes | Drivers Lounge | Game Room | Lottery | Pegasus | Public Laundry | Truck Parking Spaces | Electric Vehicle Charging Station | Bridgestone Tire Monitoring | Mobile Ordering,Cinnabon | Denny's | Pilot Eats
619,Flying J Travel Center,16751 E 32nd Ave,Aurora,CO,80011,"I-70, Exit 285",39.76282570874187,-104.79290923544312,(720) 615-0167,149,12,15,Diesel Lanes | Showers | Prime Parking Spaces | Diesel Mobile Fueling | Premium Wifi | ATM | Bulk Propane | CAT Scale | Check Cashing | Cylinder Propane | DEF Lanes | Drivers Lounge | Game Room | Lottery | Pegasus | Public Laundry | Truck Parking Spaces | Bridgestone Tire Monitoring | Mobile Ordering,Denny's | Pilot Eats
616,Flying J Travel Center,42810 Frazier Mountain Park Rd,Lebec,CA,93243,"I-5, Exit 205",34.816644089437794,-118.88688511772156,(661) 248-6510,277,12,12,Diesel Lanes | Showers | Prime Parking Spaces | Diesel Mobile Fueling | Premium Wifi | ATM | Bulk Propane | CAT Scale | Check Cashing | Cylinder Propane | DEF Lanes | Drivers Lounge | Game Room | Lottery | Pegasus | Public Laundry | Truck Parking Spaces | Bridgestone Tire Monitoring | Mobile Ordering,Wendy's | Pilot Eats
675,Flying J Travel Center,102 Fore Dr,Wayland,MO,63472,US-136 & MO-27,40.3955652,-91.5693226,(660) 754-1550,99,5,4,Diesel Lanes | Showers | Prime Parking Spaces | Diesel Mobile Fueling | Premium Wifi | ATM | Bulk Propane | CAT Scale | Check Cashing | Cylinder Propane | DEF Lanes | Drivers Lounge | Game Room | Lottery | Pegasus | Public Laundry | Truck Parking Spaces | Mobile Ordering,Denny's | Pilot Eats
725,Flying J Travel Center,1876 East Fwy,Baytown,TX,77521,"I-10, Exit 789",29.794241997740443,-95.03281249434899,(281) 424-7706,200,12,15,Diesel Lanes | Showers | Prime Parking Spaces | Diesel Mobile Fueling | Premium Wifi | ATM | Bulk Propane | CAT Scale | Check Cashing | Cylinder Propane | DEF Lanes | Drivers Lounge | Game Room | Lottery | Pegasus | Public Laundry | Truck Parking Spaces | Electric Vehicle Charging Station | Bridgestone Tire Monitoring | Mobile Ordering,Denny's | Pilot Eats
729,Flying J Travel Center,15919 North Fwy,Houston,TX,77090,"I-45, Exit 64",29.999039434522608,-95.42719789079,(281) 893-0423,183,10,15,Diesel Lanes | Showers | Prime Parking Spaces | Diesel Mobile Fueling | Premium Wifi | ATM | Bulk Propane | CAT Scale | Check Cashing | DEF Lanes | Drivers Lounge | Game Room | Lottery | Pegasus | Public Laundry | Truck Parking Spaces | Electric Vehicle Charging Station | Bridgestone Tire Monitoring | Southern Tire Mart at Pilot / Truck Care | Mobile Ordering,Cinnabon | Denny's | Pilot Eats
738,Flying J Travel Center,I-20 Exit 277 101 N Fm 707,Abilene,TX,79563,I-20 & FM 707 Exit 277,32.461115082036734,-99.87209590555338,(325) 439-7699,200,12,15,Diesel Lanes | Showers | Prime Parking Spaces | Diesel Mobile Fueling | Premium Wifi | ATM | CAT Scale | Check Cashing | Cylinder Propane | DEF Lanes | Drivers Lounge | Game Room | Lottery | Pegasus | Public Laundry | Truck Parking Spaces | Electric Vehicle Charging Station | Bridgestone Tire Monitoring | Southern Tire Mart at Pilot / Truck Care | Mobile Ordering,Denny's | Pilot Eats
754,Flying J Travel Center,3249 Chapman Rd,Wytheville,VA,24382,"I-81/77, Exit 77",36.93554456076103,-80.99275373790623,(276) 228-7110,177,10,15,Diesel Lanes | Showers | Prime Parking Spaces | Diesel Mobile Fueling | Premium Wifi | ATM | Barber Shop | CAT Scale | Check Cashing | Cylinder Propane | DEF Lanes | Drivers Lounge | Game Room | Lottery | Pegasus | Public Laundry | Truck Parking Spaces | Mobile Ordering,Denny's | Pilot Eats
764,Flying J Travel Center,650 Stagecoach Blvd,Rock Springs,WY,82901,"I-80, Exit 104",41.60903076847261,-109.23056692665176,(307) 306-5796,84,7,6,Electric Vehicle Charging Station | Mobile Ordering,Denny's | Pilot Eats
765,Flying J Travel Center,72235 Varner Rd,Thousand Palms,CA,92276,"I-10, Exit 130",33.81784562807549,-116.40338069444276,(760) 343-1500,44,10,8,Diesel Lanes | Showers | Diesel Mobile Fueling | Premium Wifi | ATM | Bulk Propane | CAT Scale | Check Cashing | Cylinder Propane | DEF Lanes | Drivers Lounge | Game Room | Live Parking | Lottery | Pegasus | Public Laundry | Truck Parking Spaces | Mobile Ordering,Pilot Eats
4,Pilot Travel Center,39115 Colorado Ave,Avon,OH,44011,"I-90, Exit 151",41.46542685866315,-82.06033914723615,(440) 934-0110,55,6,3,Diesel Lanes | Showers | Prime Parking Spaces | Diesel Mobile Fueling | Premium Wifi | ATM | CAT Scale | Check Cashing | Cylinder Propane | DEF Lanes | Game Room | Lottery | Truck Parking Spaces | Electric Vehicle Charging Station | Mobile Ordering,Pilot Eats
853,Flying J Travel Center,996 Great Northern Rd,Sault Ste. Marie,ON,P6B 0B6,ON-17,46.55700502351365,-84.31852298068846,(705) 945-9000,44,7,4,Diesel Lanes | Showers | Diesel Mobile Fueling | ATM | CAT Scale | Check Cashing | Cylinder Propane | DEF Lanes | Pegasus | Public Laundry | Truck Parking Spaces,Pilot Eats
868,Flying J Travel Center,2194 Saamis Dr NW,Medicine Hat,AB,T1C 1W7,Hwy 1 & Brier Park,50.05491400310301,-110.7347330547329,(403) 879-6236,52,8,4,Diesel Lanes | Showers | ATM | CAT Scale | Cylinder Propane | Lottery | Public Laundry | Truck Parking Spaces,Pilot Eats
1027,Pilot Travel Center,6555 US-385,Vega,TX,79092,"I-40/US-385, Exit 36",35.235887066510934,-102.42900324669645,(806) 267-0011,76,8,7,Diesel Lanes | Showers | Prime Parking Spaces | Diesel Mobile Fueling | Premium Wifi | ATM | CAT Scale | Check Cashing | Cylinder Propane | DEF Lanes | Drivers Lounge | Game Room | Lottery | Pegasus | Public Laundry | Truck Parking Spaces | Electric Vehicle Charging Station | Bridgestone Tire Monitoring | Mobile Ordering,Cinnabon | Pilot Eats
1061,Flying J Travel Center,4939 W Chestnut Expy,Springfield,MO,65802,"I-44, Exit 72",37.21361052421073,-93.3815448,(417) 864-4175,94,9,0,Diesel Lanes | Showers | Prime Parking Spaces | Diesel Mobile Fueling | Premium Wifi | ATM | CAT Scale | Cylinder Propane | DEF Lanes | Drivers Lounge | Lottery | Pegasus | Truck Parking Spaces | Electric Vehicle Charging Station | Bridgestone Tire Monitoring | Mobile Ordering,Wendy's | Pilot Eats
1024,Pilot Travel Center,40 E Laraway Rd,Joliet,IL,60433,IL-53 & Laraway Rd,41.48018346329369,-88.07921846074638,(815) 726-1634,52,7,4,Diesel Lanes | Showers | Prime Parking Spaces | Diesel Mobile Fueling | Premium Wifi | ATM | CAT Scale | Check Cashing | Cylinder Propane | DEF Lanes | Game Room | Lottery | Pegasus | Public Laundry | Truck Parking Spaces | Electric Vehicle Charging Station | Bridgestone Tire Monitoring | Mobile Ordering,Pilot Eats
1063,Pilot Travel Center,3365 Sugar Hill Rd,Marion,NC,28752,"I-40, Exit 81",35.64256181522499,-82.04021014643918,(828) 738-3146,32,7,4,Diesel Lanes | Showers | Prime Parking Spaces | Diesel Mobile Fueling | Premium Wifi | ATM | CAT Scale | Check Cashing | Cylinder Propane | DEF Lanes | Lottery | Pegasus | Public Laundry | Truck Parking Spaces | Mobile Ordering,Subway | Pilot Eats EXPRESS
1173,Pilot Express,1440 Puyallup Ave,Tacoma,WA,98421,"I-5, Exit 134",47.24173242949355,-122.41214941719666,(253) 627-1628,0,7,0,Diesel Lanes | CAT Scale | Cylinder Propane | Bridgestone Tire Monitoring | Mobile Ordering,
4597,Pilot Travel Center,502 Gordonsville Hwy,Gordonsville,TN,38563,"I-40, Exit 258",36.17723841617246,-85.9486013542818,(615) 683-3410,66,7,7,Diesel Lanes | Showers | Prime Parking Spaces | Diesel Mobile Fueling | Premium Wifi | CAT Scale | Cylinder Propane | DEF Lanes | Pegasus | Truck Parking Spaces | Electric Vehicle Charging Station | Mobile Ordering,Wendy's | Pilot Eats EXPRESS
4622,Pilot Travel Center,2190 Philpott Rd #58,South Boston,VA,24592,US-360/US-58,36.67527779023144,-78.92703689682007,(434) 572-2340,55,7,2,Diesel Lanes | Showers | Prime Parking Spaces | ATM | CAT Scale | Check Cashing | Cylinder Propane | DEF Lanes | Pegasus | Truck Parking Spaces | Mobile Ordering,Bojangles | Pilot Eats EXPRESS
52,Pilot Travel Center,535 Waldron Rd,La Vergne,TN,37086,"I-24, Exit 64",35.99777918141003,-86.59516507340413,(615) 793-9856,15,8,4,Diesel Lanes | Showers | Diesel Mobile Fueling | Premium Wifi | ATM | CAT Scale | Check Cashing | DEF Lanes | Game Room | Lottery | Pegasus | Truck Parking Spaces | Mobile Ordering,Subway | Pilot Eats EXPRESS
71,Pilot Travel Center,7001 GA-21,Port Wentworth,GA,31407,"I-95, Exit 109",32.188725774101115,-81.19496020325909,(912) 964-7006,112,8,8,Diesel Lanes | Showers | Prime Parking Spaces | Diesel Mobile Fueling | Premium Wifi | ATM | CAT Scale | Check Cashing | Cylinder Propane | DEF Lanes | Game Room | Lottery | Pegasus | Public Laundry | Truck Parking Spaces | Bridgestone Tire Monitoring | Southern Tire Mart at Pilot / Truck Care | Mobile Ordering,McDonalds | Subway | Pilot Eats EXPRESS
43,Pilot Travel Center,3500 N Plainview Rd,Walcott,IA,52773,"I-80, Exit 284",41.619597,-90.784545,(563) 284-4100,160,11,10,Electric Vehicle Charging Station | Southern Tire Mart at Pilot / Truck Care | Mobile Ordering,Cinnabon | Pilot Eats
67,Pilot Travel Center,968 Cassville White Rd,Cartersville,GA,30121,"I-75, Exit 296",34.27270117530584,-84.80773600770877,(770) 607-7835,78,10,8,Diesel Lanes | Showers | Prime Parking Spaces | Diesel Mobile Fueling | Premium Wifi | ATM | CAT Scale | Check Cashing | Cylinder Propane | DEF Lanes | Game Room | Lottery | Pegasus | Public Laundry | Truck Parking Spaces | Truck Wash | Bridgestone Tire Monitoring | Mobile Ordering,McDonalds | Subway | Pilot Eats EXPRESS
151,Pilot Travel Center,2430 93rd Avenue SW,Olympia,WA,98512,"I-5, Exit 99 NE",46.9534283,-122.9349005,(360) 754-0151,86,8,7,Diesel Lanes | Showers | Prime Parking Spaces | Diesel Mobile Fueling | Premium Wifi | ATM | CAT Scale | Check Cashing | Cylinder Propane | DEF Lanes | Live Parking | Lottery | Pegasus | Public Laundry | Truck Parking Spaces | Mobile Ordering,Cinnabon | McDonalds | Subway | Pilot Eats
199,Pilot Travel Center,490 N Elm St,Haughton,LA,71037,"I-20/LA-157, Exit 33",32.544996,-93.516474,(318) 390-9709,90,7,7,Diesel Lanes | Showers | Prime Parking Spaces | Diesel Mobile Fueling | Premium Wifi | ATM | CAT Scale | Check Cashing | Cylinder Propane | DEF Lanes | Game Room | Lottery | Pegasus | Public Laundry | Truck Parking Spaces | Electric Vehicle Charging Station | Bridgestone Tire Monitoring | Mobile Ordering,Arby's | Pilot Eats
247,Pilot Travel Center,4403 IN-32,Crawfordsville,IN,47933,"I-74, Exit 39",40.04605164467593,-86.82107910256731,(765) 361-9603,70,7,5,Diesel Lanes | Showers | Prime Parking Spaces | Diesel Mobile Fueling | Premium Wifi | ATM | CAT Scale | Check Cashing | Cylinder Propane | DEF Lanes | Game Room | Lottery | Pegasus | Truck Parking Spaces | Bridgestone Tire Monitoring | Mobile Ordering,Subway | Pilot Eats EXPRESS
266,Pilot Travel Center,2681 W Amador Ave,Las Cruces,NM,88005,"I-10, Exit 139",32.296515098320114,-106.8102598392868,(575) 523-2700,28,8,5,Diesel Lanes | Showers | Prime Parking Spaces | Diesel Mobile Fueling | Premium Wifi | ATM | CAT Scale | Check Cashing | DEF Lanes | Lottery | Pegasus | Public Laundry | Truck Parking Spaces | Mobile Ordering,Pilot Eats EXPRESS
282,Pilot Travel Center,2591 Commerce Pkwy,Barstow,CA,92311,"I-15/40, Exit 178",34.8549172,-117.0874803,(760) 253-2861,18,7,7,Diesel Lanes | Showers | Prime Parking Spaces | Diesel Mobile Fueling | Premium Wifi | ATM | CAT Scale | Check Cashing | Cylinder Propane | DEF Lanes | Game Room | Live Parking | Lottery | Pegasus | Public Laundry | Truck Parking Spaces | Mobile Ordering,Subway | Pilot Eats EXPRESS
294,ONE9 Travel Center,1670 W 12th St,Ogden,UT,84404,"I-15 & UT-39, Exit 344",41.245305720861744,-112.01938527116394,(801) 731-2900,60,7,5,Diesel Lanes | Showers | Prime Parking Spaces | Diesel Mobile Fueling | Premium Wifi | ATM | CAT Scale | Check Cashing | DEF Lanes | Game Room | Pegasus | Truck Parking Spaces | Bridgestone Tire Monitoring | Mobile Ordering,Subway | Taco Bell | Pilot Eats EXPRESS
303,Pilot Travel Center,905 American Rd,Napoleon,OH,43545,"US-6/24, Exit 41",41.416480909036544,-84.10480444773451,(419) 599-0043,75,7,5,Electric Vehicle Charging Station | Mobile Ordering,Subway | Pilot Eats EXPRESS
402,Pilot Travel Center,8020 Campstool Rd,Cheyenne,WY,82007,"I-80, Exit 367",41.13633064808771,-104.70673474470519,(307) 635-5744,90,10,6,Diesel Lanes | Showers | Prime Parking Spaces | Diesel Mobile Fueling | Premium Wifi | ATM | Bulk Propane | CAT Scale | Check Cashing | DEF Lanes | Game Room | Pegasus | Public Laundry | Truck Parking Spaces | Mobile Ordering,Cinnabon | Subway | Pilot Eats
417,Pilot Travel Center,625 Carrollton St,Temple,GA,30179,"I-20, Exit 19",33.718810717221714,-85.02963888095093,(770) 562-9773,86,8,14,Diesel Lanes | Showers | Prime Parking Spaces | Diesel Mobile Fueling | Premium Wifi | ATM | CAT Scale | Check Cashing | Cylinder Propane | DEF Lanes | Game Room | Lottery | Pegasus | Public Laundry | Truck Parking Spaces | Electric Vehicle Charging Station | Bridgestone Tire Monitoring | Mobile Ordering,Cinnabon | Subway | Wendy's | Pilot Eats EXPRESS
447,Pilot Travel Center,1042 E Warrenton Rd,Haubstadt,IN,47639,"I-64, Exit 25B",38.17445122298883,-87.54915905770683,(812) 868-1048,98,8,8,Diesel Lanes | Showers | Prime Parking Spaces | Diesel Mobile Fueling | Premium Wifi | ATM | CAT Scale | Check Cashing | Cylinder Propane | DEF Lanes | Lottery | Pegasus | Public Laundry | Truck Parking Spaces | Mobile Ordering,Subway | Taco Bell | Pilot Eats EXPRESS
471,Pilot Travel Center,35647 US-27,Haines City,FL,33844,US-27 & Commerce Ave,28.118135261911668,-81.63873781190185,(863) 421-3571,87,7,7,Diesel Lanes | Showers | Prime Parking Spaces | Diesel Mobile Fueling | Premium Wifi | ATM | Bulk Propane | CAT Scale | Check Cashing | Cylinder Propane | DEF Lanes | Game Room | Lottery | Pegasus | Public Laundry | Truck Parking Spaces | Mobile Ordering,Cinnabon | Denny's | Pilot Eats
472,Pilot Travel Center,525 S 1st St,Beasley,TX,77417,US-59 & Isleib Rd,29.49550671168256,-95.9113181386404,(979) 387-2620,56,8,7,Electric Vehicle Charging Station | Mobile Ordering,Cinnabon | Pilot Eats
481,Pilot Travel Center,281 Pleasant Grove Road SW,McDonald,TN,37353,"I-75, Exit 20",35.15314186139225,-84.9529477395319,(423) 476-3892,80,8,7,Diesel Lanes | Showers | Prime Parking Spaces | Diesel Mobile Fueling | Premium Wifi | ATM | CAT Scale | Check Cashing | Cylinder Propane | DEF Lanes | Lottery | Pegasus | Truck Parking Spaces | Mobile Ordering,McDonalds | Pilot Eats
580,Flying J Travel Center,5900 E I-20,Odessa,TX,79766,"I-20, Exit 121",31.8647144,-102.3020479,(432) 366-0812,101,11,10,Diesel Lanes | Showers | Prime Parking Spaces | Diesel Mobile Fueling | Premium Wifi | ATM | CAT Scale | Check Cashing | Cylinder Propane | DEF Lanes | Drivers Lounge | Game Room | Lottery | Pegasus | Public Laundry | Truck Parking Spaces | Mobile Ordering,McDonalds | Pilot Eats
586,Pilot Travel Center,6705 MS-63,Moss Point,MS,39563,"I-10, Exit 69",30.43834086750137,-88.5287859398117,(228) 474-6511,73,10,7,Diesel Lanes | Showers | Prime Parking Spaces | Diesel Mobile Fueling | Premium Wifi | ATM | Bulk Propane | CAT Scale | Cylinder Propane | DEF Lanes | Game Room | Lottery | Pegasus | Public Laundry | Truck Parking Spaces | Electric Vehicle Charging Station | Bridgestone Tire Monitoring | Mobile Ordering,Moe's | Pilot Eats
594,Pilot Travel Center,2815 Singing Hills Blvd,Sioux City,IA,51111,"I-29, Exit 143",42.43553384203598,-96.3733973558197,(712) 258-3816,90,8,7,Diesel Lanes | Showers | Prime Parking Spaces | Diesel Mobile Fueling | Premium Wifi | ATM | CAT Scale | Check Cashing | Cylinder Propane | DEF Lanes | Game Room | Lottery | Pegasus | Public Laundry | Truck Parking Spaces | Mobile Ordering,Burger King | Pilot Eats EXPRESS
602,Pilot Travel Center,224 Daniel Payne Dr,Birmingham,AL,35207,"I-65, Exit 264",33.56259486492335,-86.83074711838533,(205) 323-2177,157,12,12,Diesel Lanes | Showers | Prime Parking Spaces | Diesel Mobile Fueling | Premium Wifi | ATM | Bulk Propane | CAT Scale | Cylinder Propane | DEF Lanes | Drivers Lounge | Game Room | Pegasus | Public Laundry | Truck Parking Spaces | Bridgestone Tire Monitoring | Mobile Ordering,Cinnabon | Pilot Eats
704,Flying J Travel Center,4801 NE 122nd St,Edmond,OK,73013,"I-35/44/344, Exit 137",35.596136,-97.43662,(405) 475-9440,73,8,8,Diesel Lanes | Showers | Prime Parking Spaces | Diesel Mobile Fueling | Premium Wifi | ATM | Bulk Propane | CAT Scale | Check Cashing | Cylinder Propane | DEF Lanes | Drivers Lounge | Lottery | Pegasus | Public Laundry | Truck Parking Spaces | Electric Vehicle Charging Station | Bridgestone Tire Monitoring | Mobile Ordering,Pilot Eats
760,Flying J Travel Center,10501 US-30,Cokeville,WY,83114,US-30 & WY-232,42.086774271368405,-110.94798590311048,(307) 306-5716,90,5,4,Diesel Lanes | Showers | Prime Parking Spaces | Diesel Mobile Fueling | Premium Wifi | ATM | CAT Scale | Check Cashing | Cylinder Propane | DEF Lanes | Drivers Lounge | Pegasus | Public Laundry | Truck Parking Spaces | Mobile Ordering,Pilot Eats
759,Flying J Travel Center,2250 Etchepare Dr,Cheyenne,WY,82007,"I-25, Exit 7",41.09874285318394,-104.85338723009414,(307) 635-2918,180,10,12,Diesel Lanes | Showers | Prime Parking Spaces | Diesel Mobile Fueling | Premium Wifi | ATM | Bulk Propane | CAT Scale | Check Cashing | Cylinder Propane | DEF Lanes | Drivers Lounge | Game Room | Pegasus | Public Laundry | Truck Parking Spaces | Electric Vehicle Charging Station | Southern Tire Mart at Pilot / Truck Care | Mobile Ordering,Denny's | Pilot Eats
792,Flying J Travel Center,1260 Cassils Rd E,Brooks,AB,T1R 1B7,Trans-Canada Hwy & Cassils Rd,50.57272745447079,-111.86809289947473,(403) 362-5594,20,3,2,Diesel Lanes | Showers | Diesel Mobile Fueling | Premium Wifi | ATM | CAT Scale | Check Cashing | Cylinder Propane | Lottery | Pegasus | Truck Parking Spaces,Denny's | Pilot Eats EXPRESS
811,Flying J Travel Center,370 N Service Rd,Moose Jaw,SK,S6H 4N9,"SK-1, Exit 318C",50.426820851626225,-105.54533052309091,(306) 693-5858,18,7,4,Diesel Lanes | Showers | Diesel Mobile Fueling | Premium Wifi | ATM | Check Cashing | DEF Lanes | Lottery | Pegasus | Public Laundry | Truck Parking Spaces,Pilot Eats
887,Pilot Dealer,1100 US-180,Snyder,TX,79549,US-84 & US-180,32.70521692897363,-100.86561173488059,(325) 573-5213,40,4,0,Diesel Lanes | Showers | Diesel Mobile Fueling | ATM | Check Cashing | DEF Lanes | Lottery | Pegasus,
894,Pilot Dealer,3002 US-57,Eagle Pass,TX,78852,US-277 & US-57,28.709887451703505,-100.46406576034705,(830) 758-1712,100,6,0,Diesel Lanes | Showers | Prime Parking Spaces | Diesel Mobile Fueling | ATM | CAT Scale | Check Cashing | DEF Lanes | Lottery | Pegasus | Public Laundry | Truck Parking Spaces | Truck Wash,
967,Pilot Dealer,6606 E Broadway Ave,Spokane,WA,99212,"I-90, Exit 286",47.663286703580404,-117.3160041620407,(509) 215-4765,40,5,0,Diesel Lanes | Showers | Diesel Mobile Fueling | Premium Wifi | ATM | CAT Scale | Check Cashing | Drivers Lounge | Game Room | Lottery | Truck Parking Spaces,
1001,Pilot Travel Center,1310 US-67,Big Lake,TX,76932,US-67,31.1904977,-101.4497547,(325) 884-2609,40,6,6,Diesel Lanes | Showers | Diesel Mobile Fueling | Premium Wifi | ATM | CAT Scale | Check Cashing | Cylinder Propane | DEF Lanes | Game Room | Lottery | Pegasus | Public Laundry | Truck Parking Spaces | Mobile Ordering,Taco Bell | Pilot Eats
1003,Pilot Travel Center,2301 Avenue F NW,Childress,TX,79201,Hwy 83/62 & Hwy 287,34.43542535042794,-100.23050008465576,(940) 937-8769,81,7,7,Diesel Lanes | Showers | Prime Parking Spaces | Diesel Mobile Fueling | Premium Wifi | ATM | CAT Scale | Check Cashing | Cylinder Propane | DEF Lanes | Drivers Lounge | Game Room | Lottery | Pegasus | Public Laundry | Truck Parking Spaces | Mobile Ordering,Arby's | Cinnabon | Pilot Eats
1163,Pilot Dealer,6406 Emlenton Clintonville Rd,Emlenton,PA,16373,"I-80, Exit 42",41.17533063091578,-79.7400044558197,(724) 867-1511,65,6,0,Diesel Lanes | Showers | Diesel Mobile Fueling | ATM | CAT Scale | Check Cashing | DEF Lanes | Game Room | Lottery | Public Laundry | Truck Parking Spaces,
1171,Flying J Dealer,1057 S. Lower Flat Top Drive,Mesquite,NV,89027,"I-15, Exit 118",36.78403001681751,-114.14060375714723,(702) 849-0400,69,8,6,Diesel Lanes | Showers | Prime Parking Spaces | Diesel Mobile Fueling | ATM | DEF Lanes | Truck Parking Spaces,
1175,Pilot Travel Center,14905 Cordes Lake Road,Mayer,AZ,86333,"I-17, Exit 262",34.32741874206012,-112.11799225871981,(928) 632-4521,25,6,0,Diesel Lanes | ATM | Bulk Propane | CAT Scale | DEF Lanes | Lottery | Truck Parking Spaces | Mobile Ordering,Subway | Pilot Eats EXPRESS
1178,Pilot Express,9255 S Rita Rd,Tucson,AZ,85747,"I-10, Exit 273",32.084413897201586,-110.8033038914695,(520) 207-7876,9,4,0,Diesel Lanes | Diesel Mobile Fueling | Premium Wifi | ATM | Bulk Propane | CAT Scale | DEF Lanes | Lottery | Truck Parking Spaces | Mobile Ordering,Subway
1180,Pilot Travel Center,41112 W Indian School Rd,Tonopah,AZ,85354,"I-10, Exit 94",33.494105604895424,-112.93789823619366,(623) 386-5386,66,6,3,Diesel Lanes | Showers | Diesel Mobile Fueling | ATM | Bulk Propane | CAT Scale | Check Cashing | Cylinder Propane | DEF Lanes | Lottery | Pegasus | Truck Parking Spaces | Bridgestone Tire Monitoring | Mobile Ordering,Subway | Pilot Eats EXPRESS
4619,Pilot Travel Center,1318 E Lee Hwy,Wytheville,VA,24382,"I-81/77, Exit 77",36.93871415442906,-80.99264008756388,(276) 228-2421,150,8,11,Diesel Lanes | Showers | Prime Parking Spaces | Diesel Mobile Fueling | Premium Wifi | CAT Scale | Cylinder Propane | DEF Lanes | Game Room | Lottery | Pegasus | Truck Parking Spaces | Bridgestone Tire Monitoring | Mobile Ordering,Arby's | Dunkin Express | Wendy's | Pilot Eats
4642,Pilot Travel Center,1014 Mt Olive Rd,Toms Brook,VA,22660,"I-81, Exit 291",38.96670393993694,-78.43830410491084,(540) 876-2055,145,10,8,Diesel Lanes | Showers | Prime Parking Spaces | Diesel Mobile Fueling | Premium Wifi | ATM | CAT Scale | Check Cashing | Cylinder Propane | DEF Lanes | Game Room | Pegasus | Truck Parking Spaces | Bridgestone Tire Monitoring | Mobile Ordering,Subway | Taco Bell | Pilot Eats
4649,Pilot Travel Center,713 Oakland Cir,Raphine,VA,24472,"I-81/64, Exit 205",37.93192394411583,-79.23164687209017,(540) 377-9239,129,12,8,Diesel Lanes | Showers | Prime Parking Spaces | Diesel Mobile Fueling | Premium Wifi | ATM | CAT Scale | Cylinder Propane | DEF Lanes | Lottery | Pegasus | Truck Parking Spaces | Electric Vehicle Charging Station | Bridgestone Tire Monitoring | Southern Tire Mart at Pilot / Truck Care | Mobile Ordering,Wendy's | Pilot Eats
23,ONE9 Travel Center,7205 S State Rd,Ionia,MI,48846,"I-96, Exit 67",42.88296566287978,-85.07382574117912,(616) 527-6520,20,6,4,Diesel Lanes | Showers | Diesel Mobile Fueling | Premium Wifi | ATM | CAT Scale | Check Cashing | Cylinder Propane | DEF Lanes | Pegasus | Truck Parking Spaces | Mobile Ordering,Subway | Pilot Eats EXPRESS
36,ONE9 Travel Center,4105 US-30 E,Valparaiso,IN,46383,US-30 & IN-49,41.448527,-87.010376,(219) 464-1644,25,4,3,Diesel Lanes | Showers | Diesel Mobile Fueling | ATM | CAT Scale | Check Cashing | Cylinder Propane | DEF Lanes | Lottery | Pegasus | Truck Parking Spaces | Bridgestone Tire Monitoring | Mobile Ordering,Subway | Pilot Eats EXPRESS
95,Pilot Travel Center,493 FL-44,Wildwood,FL,34785,"I-75, Exit 329",28.873918542991504,-82.09515797982287,(352) 748-4486,10,7,3,Diesel Lanes | Showers | Diesel Mobile Fueling | Premium Wifi | ATM | CAT Scale | Check Cashing | Cylinder Propane | DEF Lanes | Game Room | Lottery | Pegasus | Truck Parking Spaces | Mobile Ordering,Pilot Eats EXPRESS
64,Mr. Fuel Travel Center,1521 N Main St,Summerville,SC,29486,"I-26, Exit 199B",33.03891850148002,-80.14231133007678,(843) 486-5770,15,5,3,Diesel Lanes | Showers | Diesel Mobile Fueling | Premium Wifi | ATM | CAT Scale | Check Cashing | DEF Lanes | Lottery | Pegasus | Truck Parking Spaces | Mobile Ordering,McDonalds | Pilot Eats EXPRESS
48,Pilot Travel Center,58 Glendale Hodgenville Rd W,Glendale,KY,42740,"I-65, Exit 86",37.5955972832017,-85.86489468978714,(270) 369-7360,125,11,8,Diesel Lanes | Showers | Prime Parking Spaces | Diesel Mobile Fueling | Premium Wifi | ATM | CAT Scale | Check Cashing | Cylinder Propane | DEF Lanes | Game Room | Lottery | Pegasus | Public Laundry | Truck Parking Spaces | Southern Tire Mart at Pilot / Truck Care | Mobile Ordering,McDonalds | Pilot Eats
167,Pilot Travel Center,2424 E Austin Blvd,Nevada,MO,64772,"I-49, Exit 101",37.83528342614755,-94.32478784136941,(417) 667-3271,37,5,3,Diesel Lanes | Showers | Prime Parking Spaces | Diesel Mobile Fueling | Premium Wifi | ATM | CAT Scale | Check Cashing | Cylinder Propane | DEF Lanes | Game Room | Lottery | Pegasus | Truck Parking Spaces | Mobile Ordering,Pilot Eats
268,Pilot Travel Center,2975 N Plainview Rd,Walcott,IA,52773,"I-80, Exit 284",41.614354353305885,-90.78216472023773,(563) 284-5074,25,6,3,Diesel Lanes | Showers | Diesel Mobile Fueling | Premium Wifi | ATM | Check Cashing | Cylinder Propane | DEF Lanes | Game Room | Lottery | Pegasus | Truck Parking Spaces | Mobile Ordering,Subway | Pilot Eats EXPRESS
274,Pilot Travel Center,2112 Rees St,Breaux Bridge,LA,70517,"I-10, Exit 109",30.293935019709682,-91.9144897043686,(337) 332-1253,105,7,7,Electric Vehicle Charging Station | Southern Tire Mart at Pilot / Truck Care | Mobile Ordering,Arby's | Pilot Eats EXPRESS
489,Flying J Travel Center,4401 32nd Ave S,Grand Forks,ND,58201,"I-29, Exit 138",47.88845382016879,-97.09251515767211,(701) 738-0017,65,10,10,Diesel Lanes | Showers | Prime Parking Spaces | Diesel Mobile Fueling | Premium Wifi | ATM | Bulk Propane | CAT Scale | Check Cashing | Cylinder Propane | DEF Lanes | Drivers Lounge | Game Room | Lottery | Pegasus | Public Laundry | Truck Parking Spaces | Electric Vehicle Charging Station | Mobile Ordering,Subway | Pilot Eats EXPRESS
604,Flying J Travel Center,900 Tyson Rd,Hope Hull,AL,36043,"I-65, Exit 158",32.194202910088684,-86.41967308332825,(334) 613-0212,145,8,7,Diesel Lanes | Showers | Prime Parking Spaces | Diesel Mobile Fueling | Premium Wifi | ATM | Bulk Propane | CAT Scale | Cylinder Propane | DEF Lanes | Game Room | Pegasus | Public Laundry | Truck Parking Spaces | Electric Vehicle Charging Station | Bridgestone Tire Monitoring | Southern Tire Mart at Pilot / Truck Care | Mobile Ordering,Cinnabon | Pilot Eats
576,Flying J Travel Center,8051 Bagley Ave,Northfield,MN,55057,"I-35, Exit 69",44.47066678033858,-93.29479698147583,(507) 645-6082,80,7,5,Diesel Lanes | Showers | Prime Parking Spaces | Diesel Mobile Fueling | Premium Wifi | ATM | Bulk Propane | CAT Scale | Check Cashing | Cylinder Propane | DEF Lanes | Game Room | Lottery | Pegasus | Public Laundry | Truck Parking Spaces | Electric Vehicle Charging Station | Mobile Ordering,Pilot Eats
650,Flying J Travel Center,1401 Ripley St,Lake Station,IN,46405,"I-94/90, Exit 15B",41.58643338442599,-87.23953477937202,(219) 962-6555,375,12,17,Diesel Lanes | Showers | Prime Parking Spaces | Diesel Mobile Fueling | Premium Wifi | ATM | Bulk Propane | CAT Scale | Check Cashing | Cylinder Propane | DEF Lanes | Drivers Lounge | Game Room | Lottery | Pegasus | Public Laundry | Truck Parking Spaces | Truck Wash | Bridgestone Tire Monitoring | Mobile Ordering,Cinnabon | Denny's | Pilot Eats
666,Pilot Travel Center,1860 E Napier Ave,Benton Harbor,MI,49022,"I-94, Exit 30",42.090035567751514,-86.4123753558197,(269) 925-7547,135,10,6,Diesel Lanes | Showers | Prime Parking Spaces | Diesel Mobile Fueling | Premium Wifi | ATM | CAT Scale | Check Cashing | Cylinder Propane | DEF Lanes | Game Room | Lottery | Pegasus | Public Laundry | Truck Parking Spaces | Truck Wash | Mobile Ordering,Wendy's | Pilot Eats
688,Flying J Travel Center,326 Slapes Corner Rd,Carneys Point,NJ,08069,"I-295, Exit 2C",39.68406448291671,-75.48522055644875,(856) 351-0080,213,12,16,Diesel Lanes | Showers | Prime Parking Spaces | Diesel Mobile Fueling | Premium Wifi | ATM | Bulk Propane | CAT Scale | Check Cashing | Cylinder Propane | DEF Lanes | Drivers Lounge | Game Room | IdleAir | Lottery | Pegasus | Public Laundry | Truck Parking Spaces | Bridgestone Tire Monitoring | Southern Tire Mart at Pilot / Truck Care | Mobile Ordering,Pilot Eats
718,Mr. Fuel Travel Center,8915 Weier Rd,Pevely,MO,63070,"I-55, Exit 180",38.285981,-90.405087,(636) 475-7403,15,5,2,Diesel Lanes | Showers | Diesel Mobile Fueling | Premium Wifi | ATM | Check Cashing | DEF Lanes | Lottery | Pegasus | Mobile Ordering,Pilot Eats EXPRESS
728,Flying J Travel Center,1301 Horizon Blvd,El Paso,TX,79928,"I-10, Exit 37",31.66205260095058,-106.23808794708252,(915) 852-4141,120,12,11,Diesel Lanes | Showers | Prime Parking Spaces | Diesel Mobile Fueling | Premium Wifi | ATM | Bulk Propane | CAT Scale | Check Cashing | Cylinder Propane | DEF Lanes | Drivers Lounge | Game Room | IdleAir | Lottery | Pegasus | Public Laundry | Truck Parking Spaces | Bridgestone Tire Monitoring | Southern Tire Mart at Pilot / Truck Care | Mobile Ordering,Denny's | Pilot Eats
732,Mr. Fuel Travel Center,2840 Salt Springs Rd,Girard,OH,44420,"I-80, Exit 226",41.1391107292473,-80.71790146670246,(330) 530-4024,60,14,10,Diesel Lanes | Showers | Prime Parking Spaces | Diesel Mobile Fueling | ATM | CAT Scale | Check Cashing | DEF Lanes | Lottery | Pegasus | Truck Parking Spaces | Mobile Ordering,Pilot Eats
866,Flying J Travel Center,3200 Hwy 11-17,Shuniah,ON,P0T 2M0,Hwy 11-17 & Hwy 587,48.60345069232682,-88.78233225667648,(807) 977-2121,70,6,5,Diesel Lanes | Showers | Diesel Mobile Fueling | ATM | DEF Lanes | Drivers Lounge | Pegasus | Truck Parking Spaces,Pilot Eats EXPRESS
746,Flying J Travel Center,2025 S 900 W,Salt Lake City,UT,84104,"I-15 & I-80 SR201, Exit 17",40.72664906240593,-111.91559221804722,(801) 972-3711,110,8,9,Diesel Lanes | Showers | Prime Parking Spaces | Diesel Mobile Fueling | Premium Wifi | ATM | Bulk Propane | CAT Scale | Check Cashing | Cylinder Propane | DEF Lanes | Drivers Lounge | Game Room | Pegasus | Public Laundry | Truck Parking Spaces | Electric Vehicle Charging Station | Bridgestone Tire Monitoring | Mobile Ordering,Cinnabon | Denny's | Pilot Eats
874,Pilot Dealer,17696 SW 8th St,Miami,FL,33194,US-41 & FL-997,25.760367914776484,-80.48067181349181,(305) 553-4594,26,6,0,Diesel Lanes | Showers | Diesel Mobile Fueling | ATM | CAT Scale | Check Cashing | Pegasus | Truck Parking Spaces | Truck Wash,
876,Flying J Travel Center,23866 Rogers Clark Blvd,Ruther Glen,VA,22546,"I-95, Exit 104",37.94051969909014,-77.46853838227842,(804) 448-3077,250,10,22,Diesel Lanes | Showers | Prime Parking Spaces | Diesel Mobile Fueling | Premium Wifi | ATM | Bulk Propane | CAT Scale | Check Cashing | Cylinder Propane | DEF Lanes | Game Room | Lottery | Pegasus | Public Laundry | Truck Parking Spaces | Truck Wash | Electric Vehicle Charging Station | Bridgestone Tire Monitoring | Mobile Ordering,Golden Corral | Wendy's | Pilot Eats
889,Flying J Dealer,101 S 45th St,Mount Vernon,IL,62864,"I-64/57, Exit 95",38.311428503288255,-88.95743122090148,(618) 244-2616,200,8,0,Diesel Lanes | Showers | Prime Parking Spaces | Diesel Mobile Fueling | ATM | CAT Scale | Check Cashing | DEF Lanes | Drivers Lounge | Lottery | Pegasus | Public Laundry | Truck Parking Spaces,
891,Pilot Dealer,1470 Route 46 East,Ledgewood,NJ,07852,I-80 Exit 27B/Exit 27 A&B,40.89213026508659,-74.68616187368013,(973) 347-1145,15,4,0,Diesel Lanes | Diesel Mobile Fueling | ATM | Check Cashing | Lottery | Pegasus | Truck Wash,
893,Flying J Dealer,7005 N Chestnut St,Avoca,IA,51521,"I-80, Exit 40",41.49949089379883,-95.33456159196967,(712) 343-4007,200,11,0,Diesel Lanes | Showers | Diesel Mobile Fueling | ATM | CAT Scale | Check Cashing | DEF Lanes | Drivers Lounge | Pegasus | Truck Parking Spaces,
897,Pilot Dealer,16650 NW 27th Ave,Opa Locka,FL,33054,"FL-826, Exit FL-817",25.925588263065816,-80.2452391643486,(305) 623-3434,20,10,0,Diesel Lanes | Showers | Diesel Mobile Fueling | ATM | Check Cashing | Game Room | Lottery | Pegasus | Truck Parking Spaces,
899,Pilot Dealer,1011 E Atlantic St,South Hill,VA,23970,"I-85, Exit 12A/B",36.71082206313788,-78.10879096693422,(434) 447-4528,20,4,0,Diesel Lanes | Showers | Diesel Mobile Fueling | ATM | Check Cashing | DEF Lanes | Lottery | Pegasus | Truck Parking Spaces,
902,Pilot Licensee,3335 W Wood River Rd,Grand Island,NE,68801,"I-80, Exit 312",40.83061305659963,-98.38060815938569,(308) 382-2288,400,22,22,Diesel Lanes | Showers | Diesel Mobile Fueling | Premium Wifi | ATM | CAT Scale | Check Cashing | DEF Lanes | Drivers Lounge | Game Room | Lottery | Public Laundry | Truck Parking Spaces,
1032,Mr. Fuel Travel Center,435 S 3rd St,Steubenville,OH,43952,"OH-7, Exit Third St",40.3531905,-80.6164316,(740) 282-6036,10,5,0,Diesel Lanes | Diesel Mobile Fueling | Premium Wifi | ATM | Cylinder Propane | DEF Lanes | Lottery | Truck Parking Spaces | Mobile Ordering,Pilot Eats
1041,Pilot Travel Center,170 W North Ave,Carol Stream,IL,60188,IL-64 & Gary Ave,41.90365011786776,-88.12281056669599,(630) 510-0156,20,6,0,Diesel Lanes | Diesel Mobile Fueling | Premium Wifi | ATM | Check Cashing | Cylinder Propane | DEF Lanes | Lottery | Pegasus | Truck Parking Spaces | Bridgestone Tire Monitoring | Mobile Ordering,Cinnabon | Pilot Eats
1094,Pilot Travel Center,1668 E Tehachapi Blvd,Tehachapi,CA,93561,"CA-58, Exit 151",35.12712197641601,-118.41531796752854,(661) 823-1049,99,9,9,Electric Vehicle Charging Station | Mobile Ordering,Wendy's | Pilot Eats
1096,Flying J Travel Center,1101 Friday Rd,Cocoa,FL,32926,"I-95, Exit 202",28.374809,-80.802044,(321) 433-3150,89,8,7,Electric Vehicle Charging Station | Mobile Ordering,Cinnabon | Wendy's | Pilot Eats
1108,Mr. Fuel Travel Center,3206 W Trinity Blvd,Grand Prairie,TX,75050,TX-161 & Trinity Blvd,32.8018794,-97.030391,(972) 237-7905,8,4,0,Diesel Lanes | Diesel Mobile Fueling | Premium Wifi | ATM | CAT Scale | DEF Lanes | Lottery | Truck Parking Spaces | Electric Vehicle Charging Station | Mobile Ordering,Pilot Eats
1117,Pilot Travel Center,389 Rochester Crossing Dr,Rochester,IN,46975,US-31 & IN-25,41.048488212006916,-86.21787939828644,(574) 223-4290,33,5,3,Diesel Lanes | Showers | Diesel Mobile Fueling | Premium Wifi | ATM | CAT Scale | Check Cashing | Cylinder Propane | DEF Lanes | Lottery | Pegasus | Truck Parking Spaces | Electric Vehicle Charging Station | Mobile Ordering,Dunkin Donuts | Pilot Eats
1126,Pilot Travel Center,8801 NE Birmingham Rd,Kansas City,MO,64161,"I-435, Exit 55",39.1564147,-94.4763072,(816) 453-0076,15,6,2,Diesel Lanes | Showers | Diesel Mobile Fueling | Premium Wifi | ATM | CAT Scale | Check Cashing | Cylinder Propane | DEF Lanes | Lottery | Pegasus | Truck Parking Spaces | Electric Vehicle Charging Station | Mobile Ordering,Pilot Eats
1197,Flying J Dealer,1950 BC-3,Jaffray,BC,V0B 1T0,BC-3 & Tie Lake Rd,49.37601528158034,-115.29800100560303,(250) 429-3816,0,8,0,Diesel Lanes | ATM | Bulk Propane | Lottery | Truck Wash,
56,Pilot Travel Center,2825 Lane St,Kannapolis,NC,28083,"I-85, Exit 63",35.49845563266019,-80.56096263558197,(704) 938-6800,55,7,5,Electric Vehicle Charging Station | Mobile Ordering,Subway | Pilot Eats EXPRESS
147,Pilot Travel Center,1200 Wendover Blvd,West Wendover,NV,89883,"I-80, Exit 410",40.73943964521697,-114.06642221966075,(775) 296-5047,125,7,10,Electric Vehicle Charging Station,Arby's | Pilot Eats EXPRESS
145,Pilot Travel Center,5660 W Sunset Ave,Springdale,AR,72762,"I-49, Exit 72",36.176497,-94.19317,(479) 872-6100,30,5,4,Diesel Lanes | Showers | Prime Parking Spaces | Diesel Mobile Fueling | Premium Wifi | ATM | CAT Scale | Check Cashing | Cylinder Propane | DEF Lanes | Game Room | Lottery | Pegasus | Public Laundry | Truck Parking Spaces | Electric Vehicle Charging Station | Mobile Ordering,KFC | Pilot Eats EXPRESS
34,Pilot Travel Center,4154 US-24,Remington,IN,47977,"I-65, Exit 201",40.7663019,-87.1234491,(219) 261-3786,75,8,7,Diesel Lanes | Showers | Prime Parking Spaces | Diesel Mobile Fueling | Premium Wifi | ATM | CAT Scale | Check Cashing | Cylinder Propane | DEF Lanes | Lottery | Truck Parking Spaces | Electric Vehicle Charging Station | Southern Tire Mart at Pilot / Truck Care | Mobile Ordering,Cinnabon | Subway | Taco Bell | Pilot Eats
13,Pilot Travel Center,8924 Lake Rd,Seville,OH,44273,"I-71, Exit 209B",41.02966364720154,-81.90729066118905,(330) 769-4220,190,11,10,Diesel Lanes | Showers | Prime Parking Spaces | Diesel Mobile Fueling | Premium Wifi | ATM | CAT Scale | Check Cashing | Cylinder Propane | DEF Lanes | Drivers Lounge | Game Room | IdleAir | Lottery | Pegasus | Public Laundry | Truck Parking Spaces | Mobile Ordering,Subway | Pilot Eats EXPRESS
195,Pilot Travel Center,91485 Biggs Rufus Hwy,Wasco,OR,97065,"I-84, Exit 104",45.66943893332095,-120.83494981828119,(541) 739-2174,37,6,5,Diesel Lanes | Showers | Prime Parking Spaces | Diesel Mobile Fueling | Premium Wifi | ATM | CAT Scale | Check Cashing | Cylinder Propane | DEF Lanes | Live Parking | Lottery | Pegasus | Truck Parking Spaces | Mobile Ordering,Cinnabon | McDonalds | Pilot Eats EXPRESS
209,Pilot Travel Center,501 Van Horn Dr,Van Horn,TX,79855,"I-10, Exit 140A",31.03594379073825,-104.82998702100255,(915) 295-4150,75,8,7,Diesel Lanes | Showers | Prime Parking Spaces | Diesel Mobile Fueling | Premium Wifi | ATM | CAT Scale | Check Cashing | Cylinder Propane | DEF Lanes | Lottery | Pegasus | Public Laundry | Truck Parking Spaces | Mobile Ordering,Wendy's | Pilot Eats EXPRESS
265,ONE9 Travel Center,1111 S Jefferson Ave,Cookeville,TN,38506,"I-40, Exit 287",36.133737186379726,-85.50421763558195,(931) 528-7100,0,3,0,Diesel Lanes | Showers | Diesel Mobile Fueling | Premium Wifi | ATM | CAT Scale | Check Cashing | Cylinder Propane | DEF Lanes | Lottery | Pegasus | Mobile Ordering,Pilot Eats EXPRESS
306,Pilot Travel Center,5619 I-10 E,San Antonio,TX,78219,"I-10, Exit 582",29.43984530499176,-98.38058858237048,(210) 661-5353,50,7,5,Diesel Lanes | Showers | Prime Parking Spaces | Diesel Mobile Fueling | ATM | CAT Scale | Check Cashing | Cylinder Propane | DEF Lanes | Game Room | Lottery | Pegasus | Truck Parking Spaces | Bridgestone Tire Monitoring | Mobile Ordering,Subway | Pilot Eats EXPRESS
313,Pilot Travel Center,699 IL-203,East Saint Louis,IL,62201,"I-55/70/64, Exit 4",38.6521180055513,-90.13190753733092,(618) 875-5800,200,9,11,Electric Vehicle Charging Station | Mobile Ordering,Taco Bell | Pilot Eats EXPRESS
358,Pilot Travel Center,5353 Cairo Rd,Paducah,KY,42001,"I-24/KY-305, Exit 3",37.09749515428461,-88.69117281349182,(270) 443-2044,52,8,5,Diesel Lanes | Showers | Prime Parking Spaces | Diesel Mobile Fueling | Premium Wifi | ATM | CAT Scale | Check Cashing | Cylinder Propane | DEF Lanes | Game Room | Lottery | Pegasus | Truck Parking Spaces | Electric Vehicle Charging Station | Southern Tire Mart at Pilot / Truck Care | Mobile Ordering,Subway | Pilot Eats EXPRESS
366,Pilot Travel Center,30 Sand Pebble Dr,Jackson,TN,38305,"I-40, Exit 85",35.682945179393094,-88.77758901995591,(731) 422-5545,95,8,7,Diesel Lanes | Showers | Prime Parking Spaces | Diesel Mobile Fueling | Premium Wifi | ATM | CAT Scale | Check Cashing | DEF Lanes | Game Room | Lottery | Pegasus | Public Laundry | Truck Parking Spaces | Electric Vehicle Charging Station | Mobile Ordering,Denny's | Pilot Eats
373,Pilot Travel Center,11957 Douglas Avenue,Urbandale,IA,50322,"I-35/80, Ext 126",41.63025206734957,-93.77945434456635,(515) 276-1509,140,15,17,Diesel Lanes | Showers | Prime Parking Spaces | Diesel Mobile Fueling | Premium Wifi | ATM | CAT Scale | Check Cashing | DEF Lanes | Drivers Lounge | Game Room | Lottery | Pegasus | Public Laundry | Truck Parking Spaces | Truck Wash | Mobile Ordering,Pilot Eats EXPRESS
381,Pilot Travel Center,8701 US-395,Hesperia,CA,92344,"I-15/US-395, Exit 141",34.408487241982954,-117.3986286766691,(760) 956-2844,217,8,10,Diesel Lanes | Showers | Prime Parking Spaces | Diesel Mobile Fueling | Premium Wifi | ATM | CAT Scale | Check Cashing | DEF Lanes | Game Room | Live Parking | Lottery | Pegasus | Public Laundry | Truck Parking Spaces | Mobile Ordering,Cinnabon | Wendy's | Pilot Eats
422,Pilot Travel Center,1645 S US-29,Newnan,GA,30263,"I-85, Exit 41",33.320550198836116,-84.77770398280335,(770) 252-3551,95,7,7,Diesel Lanes | Showers | Prime Parking Spaces | Diesel Mobile Fueling | Premium Wifi | ATM | CAT Scale | Check Cashing | Cylinder Propane | DEF Lanes | Game Room | IdleAir | Lottery | Pegasus | Public Laundry | Truck Parking Spaces | Bridgestone Tire Monitoring | Southern Tire Mart at Pilot / Truck Care | Mobile Ordering,Subway | Wendy's | Pilot Eats
455,Pilot Travel Center,488 OH-61,Marengo,OH,43334,"I-71, Exit 140",40.370886005044866,-82.83082055092619,(419) 253-1400,65,7,5,Diesel Lanes | Showers | Prime Parking Spaces | Diesel Mobile Fueling | Premium Wifi | ATM | CAT Scale | Check Cashing | Cylinder Propane | DEF Lanes | Game Room | Lottery | Pegasus | Public Laundry | Truck Parking Spaces | Electric Vehicle Charging Station | Bridgestone Tire Monitoring | Mobile Ordering,Arby's | Pilot Eats EXPRESS
493,Flying J Travel Center,113 Motel Dr,Saint George,SC,29477,"I-95, Exit 77",33.193987365125956,-80.60230509010448,(843) 563-8989,118,8,8,Diesel Lanes | Showers | Prime Parking Spaces | Diesel Mobile Fueling | Premium Wifi | ATM | Bulk Propane | CAT Scale | Check Cashing | Cylinder Propane | DEF Lanes | Game Room | Pegasus | Public Laundry | Truck Parking Spaces | Bridgestone Tire Monitoring | Mobile Ordering,Cinnabon | Denny's | Pilot Eats
513,Flying J Dealer,115 West Primm Blvd.,Jean,NV,89019,"I-15, Exit 1",35.60971843384898,-115.39175074998263,(702) 679-6666,125,10,0,Diesel Lanes | Showers | Diesel Mobile Fueling | ATM | CAT Scale | Check Cashing | DEF Lanes | Pegasus | Public Laundry | Truck Parking Spaces,
554,Flying J Travel Center,4066 US-59,George West,TX,78022,"I-37, Exit 56",28.337015956072545,-98.0238216111145,(361) 449-1420,90,8,7,Diesel Lanes | Showers | Prime Parking Spaces | Diesel Mobile Fueling | Premium Wifi | ATM | CAT Scale | Cylinder Propane | DEF Lanes | Drivers Lounge | Game Room | Lottery | Pegasus | Public Laundry | Truck Parking Spaces | Electric Vehicle Charging Station | Mobile Ordering,Cinnabon | McDonalds | Jimmy John's | Pilot Eats
517,Pilot Travel Center,30 Benvenue Rd,Duncannon,PA,17020,US-22/US-322,40.40570626037003,-77.0096590687866,(717) 834-3156,68,7,6,Diesel Lanes | Showers | Prime Parking Spaces | Diesel Mobile Fueling | Premium Wifi | ATM | CAT Scale | Check Cashing | DEF Lanes | Lottery | Pegasus | Truck Parking Spaces | Bridgestone Tire Monitoring | Mobile Ordering,Subway | Pilot Eats EXPRESS
603,Flying J Travel Center,2190 Ross Clark Cir,Dothan,AL,36301,US-231 & US-431,31.191259633391088,-85.40007102827892,(334) 792-5152,158,8,9,Diesel Lanes | Showers | Prime Parking Spaces | Diesel Mobile Fueling | Premium Wifi | ATM | Bulk Propane | CAT Scale | Check Cashing | Cylinder Propane | DEF Lanes | Drivers Lounge | Game Room | Pegasus | Public Laundry | Truck Parking Spaces | Mobile Ordering,Denny's | Pilot Eats
583,Pilot Travel Center,5670 Barrett Rd,Ferndale,WA,98248,"I-5, Exit 262",48.84874546488632,-122.57186829194671,(360) 312-1822,12,7,4,Diesel Lanes | Showers | Prime Parking Spaces | Diesel Mobile Fueling | Premium Wifi | ATM | CAT Scale | Check Cashing | DEF Lanes | Lottery | Pegasus | Truck Parking Spaces | Bridgestone Tire Monitoring | Mobile Ordering,Subway | Pilot Eats EXPRESS
620,Flying J Travel Center,122 Fitz Henry Rd,Smithton,PA,15479,"I-70, Exit 49",40.1699764773692,-79.73167045479568,(724) 872-4050,74,7,8,Diesel Lanes | Showers | Prime Parking Spaces | Diesel Mobile Fueling | Premium Wifi | ATM | Bulk Propane | CAT Scale | Check Cashing | Cylinder Propane | DEF Lanes | Drivers Lounge | Lottery | Pegasus | Public Laundry | Truck Parking Spaces | Electric Vehicle Charging Station | Mobile Ordering,Pilot Eats
624,Flying J Travel Center,29933 State Rd 52,San Antonio,FL,33576,"I-75/FL-52, Exit 285",28.326050432621614,-82.32248806404851,(352) 588-5444,190,12,15,Diesel Lanes | Showers | Prime Parking Spaces | Diesel Mobile Fueling | Premium Wifi | ATM | CAT Scale | Check Cashing | Cylinder Propane | DEF Lanes | Drivers Lounge | Game Room | Lottery | Pegasus | Public Laundry | Truck Parking Spaces | Electric Vehicle Charging Station | Bridgestone Tire Monitoring | Mobile Ordering,Cinnabon | Denny's | Pilot Eats
634,Flying J Travel Center,650 Carrollton St,Temple,GA,30179,"I-20, Exit 19",33.71925049934507,-85.02648355793792,(770) 562-0560,164,12,15,Diesel Lanes | Showers | Prime Parking Spaces | Diesel Mobile Fueling | Premium Wifi | ATM | Bulk Propane | CAT Scale | Cylinder Propane | DEF Lanes | Drivers Lounge | Game Room | Lottery | Pegasus | Public Laundry | Truck Parking Spaces | Bridgestone Tire Monitoring | Mobile Ordering,Pilot Eats
664,Flying J Travel Center,13019 Walton Verona Rd,Walton,KY,41094,"I-75/71, Exit 171",38.8576816680839,-84.625863390213,(859) 485-4400,200,12,15,Diesel Lanes | Showers | Prime Parking Spaces | Diesel Mobile Fueling | Premium Wifi | ATM | Bulk Propane | CAT Scale | Check Cashing | Cylinder Propane | DEF Lanes | Drivers Lounge | Game Room | Lottery | Pegasus | Public Laundry | Truck Parking Spaces | Electric Vehicle Charging Station | Mobile Ordering,Denny's | Pilot Eats
674,Flying J Travel Center,1 Campbranch Rd,Warrenton,MO,63383,"I-70, Exit 188",38.83971109152136,-91.22802276931152,(636) 456-2001,175,12,10,Diesel Lanes | Showers | Prime Parking Spaces | Diesel Mobile Fueling | Premium Wifi | ATM | CAT Scale | Check Cashing | Cylinder Propane | DEF Lanes | Drivers Lounge | Game Room | Lottery | Pegasus | Public Laundry | Truck Parking Spaces | Electric Vehicle Charging Station | Southern Tire Mart at Pilot / Truck Care | Mobile Ordering,Denny's | Pilot Eats
682,Flying J Travel Center,1043 Jimmie Kerr Rd,Haw River,NC,27258,"I-40/85, Exit 150",36.07155978723494,-79.35297449810994,(336) 578-2427,251,12,14,Diesel Lanes | Showers | Prime Parking Spaces | Diesel Mobile Fueling | Premium Wifi | ATM | Bulk Propane | CAT Scale | Cylinder Propane | DEF Lanes | Game Room | Lottery | Pegasus | Public Laundry | Truck Parking Spaces | Electric Vehicle Charging Station | Mobile Ordering,Denny's | Pilot Eats
698,Flying J Travel Center,9935 SR 41,Washington Court House,OH,43128,I-71 Exit 69,39.64633388489482,-83.5384017556289,(740) 426-9136,148,8,9,Diesel Lanes | Showers | Prime Parking Spaces | Diesel Mobile Fueling | Premium Wifi | ATM | Bulk Propane | CAT Scale | Check Cashing | Cylinder Propane | DEF Lanes | Drivers Lounge | Game Room | Lottery | Pegasus | Public Laundry | Truck Parking Spaces | Electric Vehicle Charging Station | Southern Tire Mart at Pilot / Truck Care | Mobile Ordering,Cinnabon | Denny's | Pilot Eats
684,Flying J Travel Center,I-94 ND-16,Beach,ND,58621,I-94 & Hwy 16,46.929651,-104.00927084603272,(701) 409-0827,89,5,4,Diesel Lanes | Showers | Prime Parking Spaces | Diesel Mobile Fueling | Premium Wifi | ATM | CAT Scale | Check Cashing | DEF Lanes | Pegasus | Public Laundry | Truck Parking Spaces | Mobile Ordering,Subway | Pilot Eats
713,ONE9 Travel Center,111 Mill Branch Rd,Latta,SC,29565,"I-95, Exit 181A",34.338987832171995,-79.53411028419238,(843) 752-5047,200,12,15,Diesel Lanes | Showers | Prime Parking Spaces | Diesel Mobile Fueling | Premium Wifi | ATM | CAT Scale | Check Cashing | Cylinder Propane | DEF Lanes | Drivers Lounge | Game Room | IdleAir | Lottery | Pegasus | Public Laundry | Truck Parking Spaces | Bridgestone Tire Monitoring | Southern Tire Mart at Pilot / Truck Care | Mobile Ordering,Pilot Eats
716,Flying J Travel Center,5201 N Granite Ln,Sioux Falls,SD,57107,"I-29, Exit 83",43.60294620433454,-96.76769242496421,(605) 977-1438,158,8,9,Electric Vehicle Charging Station | Mobile Ordering,Cinnabon | Denny's | Pilot Eats
721,Mr. Fuel Travel Center,4610 S Harding St,Indianapolis,IN,46217,"I-465, Exit 4",39.69751665006955,-86.18797364911988,(317) 780-6631,49,8,7,Diesel Lanes | Showers | Diesel Mobile Fueling | Premium Wifi | ATM | CAT Scale | Check Cashing | DEF Lanes | Lottery | Pegasus | Truck Parking Spaces | Truck Wash | Bridgestone Tire Monitoring | Mobile Ordering,Pilot Eats
730,Flying J Travel Center,1011 Beltway Pkwy,Laredo,TX,78045,"I-35, Exit 12B/13",27.685254343235226,-99.46518994871121,(956) 712-3265,191,12,15,Diesel Lanes | Showers | Prime Parking Spaces | Diesel Mobile Fueling | Premium Wifi | ATM | CAT Scale | Check Cashing | Cylinder Propane | DEF Lanes | Drivers Lounge | Game Room | IdleAir | Lottery | Pegasus | Public Laundry | Truck Parking Spaces | Electric Vehicle Charging Station | Bridgestone Tire Monitoring | Mobile Ordering,Denny's | Pilot Eats
739,Pilot Travel Center,2409 S New Rd,Waco,TX,76711,"I-35, Exit 331",31.5075712,-97.1451705,(254) 714-0313,200,9,11,Diesel Lanes | Showers | Prime Parking Spaces | Diesel Mobile Fueling | Premium Wifi | ATM | Bulk Propane | CAT Scale | Check Cashing | Cylinder Propane | DEF Lanes | Drivers Lounge | Game Room | Lottery | Pegasus | Public Laundry | Truck Parking Spaces | Mobile Ordering,Denny's | Pilot Eats
795,Flying J Travel Center,302 20 Ave,Nisku,AB,T9E 7Z9,"AB-2, Exit 525",53.3386154133162,-113.54242178769684,(780) 652-6052,8,5,2,Diesel Lanes | Showers | Diesel Mobile Fueling | ATM | Bulk Propane | Check Cashing | Cylinder Propane | DEF Lanes | Lottery | Pegasus | Truck Parking Spaces,Pilot Eats
879,Pilot Dealer,2828 El Centro Rd,Sacramento,CA,95833,"I-80, Exit 85",38.61736670766864,-121.53820506075485,(916) 927-4774,275,7,0,Diesel Lanes | Showers | Diesel Mobile Fueling | Premium Wifi | ATM | Check Cashing | DEF Lanes | Drivers Lounge | Game Room | Lottery | Pegasus | Public Laundry | Truck Parking Spaces | Truck Wash,
850,Shell Flying J Dealer,16806 118 Ave NW,Edmonton,AB,T5V 1M8,"AB-16, Exit 381",53.57113774904042,-113.61232807825985,(780) 455-1111,100,6,0,Diesel Lanes | Showers | Diesel Mobile Fueling | ATM | Barber Shop | CAT Scale | Check Cashing | DEF Lanes | Game Room | Pegasus | Public Laundry | Truck Parking Spaces,
965,ONE9 Dealer,2300 S Canyon Rd,Ellensburg,WA,98926,"I-90, Exit 109",46.97067325059552,-120.53766352513122,(509) 215-5014,100,5,0,Diesel Lanes | Showers | Diesel Mobile Fueling | Premium Wifi | ATM | CAT Scale | Check Cashing | Drivers Lounge | Game Room | Lottery | Public Laundry | Truck Parking Spaces,
1082,Pilot Travel Center,5714 N Rhett Ave,Charleston,SC,29406,"I-526, Exit 19",32.90355307189954,-79.98457478983485,(843) 745-9300,50,8,4,Electric Vehicle Charging Station | Mobile Ordering,Arby's | Pilot Eats
17,Pilot Travel Center,15901 11 Mile Rd,Battle Creek,MI,49014,"I-94, Exit 104",42.3029751720004,-85.08241893488058,(269) 968-9949,75,7,5,Diesel Lanes | Showers | Prime Parking Spaces | Diesel Mobile Fueling | Premium Wifi | ATM | CAT Scale | Check Cashing | Cylinder Propane | DEF Lanes | Game Room | Lottery | Pegasus | Public Laundry | Truck Parking Spaces | Mobile Ordering,McDonalds | Pilot Eats
31,Pilot Travel Center,8150 Indianapolis Blvd,Highland,IN,46322,"I-80/94, Exit 2",41.56746795810016,-87.47272301165677,(219) 972-4125,10,6,2,Diesel Lanes | Showers | Diesel Mobile Fueling | ATM | CAT Scale | Check Cashing | Cylinder Propane | DEF Lanes | Lottery | Pegasus | Truck Parking Spaces | Bridgestone Tire Monitoring | Mobile Ordering,Pilot Eats EXPRESS
75,Pilot Travel Center,6109 US-43 S,Satsuma,AL,36572,"I-65, Exit 19",30.8727989,-88.0469468,(251) 679-6260,77,10,8,Diesel Lanes | Showers | Prime Parking Spaces | Diesel Mobile Fueling | Premium Wifi | ATM | CAT Scale | Check Cashing | Cylinder Propane | DEF Lanes | Game Room | Pegasus | Public Laundry | Truck Parking Spaces | Electric Vehicle Charging Station | Bridgestone Tire Monitoring | Southern Tire Mart at Pilot / Truck Care | Mobile Ordering,Arby's | Pilot Eats EXPRESS
252,Pilot Travel Center,600 W MO-92,Kearney,MO,64060,"I-35, Exit 26",39.36868187457259,-94.37433739021303,(816) 635-4015,90,9,7,Electric Vehicle Charging Station | Southern Tire Mart at Pilot / Truck Care | Mobile Ordering,Taco Bell | Pilot Eats EXPRESS
280,Pilot Travel Center,979 RT-173,Bloomsbury,NJ,08804,"I-78, Exit 7",40.65948542798922,-75.07299567601761,(908) 479-6443,11,7,5,Diesel Lanes | Showers | Prime Parking Spaces | Diesel Mobile Fueling | Premium Wifi | ATM | CAT Scale | Check Cashing | DEF Lanes | Lottery | Pegasus | Truck Parking Spaces | Mobile Ordering,Subway | Pilot Eats EXPRESS
81,Pilot Travel Center,2010 New Castle Rd,Portersville,PA,16051,"I-79, Exit 99",40.96473570956834,-80.13987980149493,(724) 368-3028,50,8,7,Diesel Lanes | Showers | Prime Parking Spaces | Diesel Mobile Fueling | Premium Wifi | ATM | CAT Scale | Check Cashing | Cylinder Propane | DEF Lanes | Game Room | Lottery | Pegasus | Public Laundry | Truck Parking Spaces | Electric Vehicle Charging Station | Mobile Ordering,Cinnabon | McDonalds | Subway | Pilot Eats EXPRESS
329,Pilot Travel Center,2647 S 24th St,Council Bluffs,IA,51501,"I-80/29, Exit 50",41.235650407984025,-95.87828884875262,(712) 322-0088,80,8,7,Diesel Lanes | Showers | Prime Parking Spaces | Diesel Mobile Fueling | Premium Wifi | ATM | CAT Scale | Check Cashing | DEF Lanes | Game Room | Lottery | Pegasus | Public Laundry | Truck Parking Spaces | Electric Vehicle Charging Station | Mobile Ordering,Arby's | Pilot Eats EXPRESS
330,Pilot Travel Center,4142 TX-337 Loop,New Braunfels,TX,78130,"I-35, Exit 184",29.6763531,-98.1560214,(830) 629-1424,120,9,7,Diesel Lanes | Showers | Prime Parking Spaces | Diesel Mobile Fueling | Premium Wifi | ATM | CAT Scale | Check Cashing | Cylinder Propane | DEF Lanes | Game Room | Lottery | Pegasus | Public Laundry | Truck Parking Spaces | Electric Vehicle Charging Station | Bridgestone Tire Monitoring | Mobile Ordering,McDonalds | Subway | Pilot Eats EXPRESS
287,Pilot Travel Center,10048 Avon Lake Rd,Burbank,OH,44214,"I-71/OH-83, Exit 204",40.99914173203202,-81.99684420755622,(330) 948-4571,105,8,7,Diesel Lanes | Showers | Prime Parking Spaces | Diesel Mobile Fueling | Premium Wifi | ATM | CAT Scale | Check Cashing | Cylinder Propane | DEF Lanes | Game Room | Lottery | Pegasus | Public Laundry | Truck Parking Spaces | Electric Vehicle Charging Station | Mobile Ordering,Cinnabon | Wendy's | Pilot Eats
348,Pilot Dealer,205 Wilson Rd,Bentleyville,PA,15314,"I-70, Exit 32B",40.13163320356099,-80.00095796560667,(724) 239-5855,90,0,7,Diesel Lanes | Showers | Prime Parking Spaces | Diesel Mobile Fueling | Premium Wifi | ATM | CAT Scale | Check Cashing | Cylinder Propane | DEF Lanes | Drivers Lounge | Lottery | Pegasus | Public Laundry | Truck Parking Spaces | Truck Wash,
384,Pilot Travel Center,2126 Ruffin Mill Rd,Colonial Heights,VA,23834,"I-95, Exit 58",37.3108667,-77.3915178,(804) 524-9556,110,10,9,Diesel Lanes | Showers | Prime Parking Spaces | Diesel Mobile Fueling | ATM | CAT Scale | Check Cashing | Cylinder Propane | DEF Lanes | Lottery | Pegasus | Public Laundry | Truck Parking Spaces | Electric Vehicle Charging Station | Bridgestone Tire Monitoring | Mobile Ordering,Wendy's | Pilot Eats EXPRESS
407,Pilot Travel Center,2411 US-18,Clear Lake,IA,50428,"I-35, Exit 194",43.14496364019283,-93.35853580613423,(641) 357-3124,75,7,6,Electric Vehicle Charging Station | Mobile Ordering,Pilot Eats EXPRESS
463,Flying J Dealer,5906 Oil Heritage Rd,Wyoming,ON,N0N 1T0,"ON-402, Exit 25",42.987580458501604,-82.11682003439331,(519) 845-0023,100,8,0,Diesel Lanes | Showers | Diesel Mobile Fueling | Premium Wifi | ATM | CAT Scale | Check Cashing | DEF Lanes | Lottery | Pegasus | Truck Parking Spaces,
443,Pilot Travel Center,6676 MO-13,Higginsville,MO,64037,"I-70, Exit 49",39.00319761010177,-93.73417487140935,(660) 207-1324,125,9,6,Diesel Lanes | Showers | Prime Parking Spaces | Diesel Mobile Fueling | ATM | CAT Scale | Check Cashing | Cylinder Propane | DEF Lanes | Game Room | Lottery | Pegasus | Public Laundry | Truck Parking Spaces | Electric Vehicle Charging Station | Mobile Ordering,McDonalds | Subway | Pilot Eats EXPRESS
467,Pilot Travel Center,4105 S Loop 1604 E,San Antonio,TX,78264,"I-37, Exit 125",29.219554454914796,-98.4151195509262,(210) 626-9183,88,8,8,Electric Vehicle Charging Station | Mobile Ordering,Cinnabon | Subway | Pilot Eats
429,Pilot Travel Center,1100 Martin Luther King Jr Dr,West Memphis,AR,72301,"I-40, Exit 280/I-55, Exit 4",35.157735969602406,-90.13770261293222,(870) 732-1202,150,11,11,Diesel Lanes | Showers | Prime Parking Spaces | Diesel Mobile Fueling | Premium Wifi | ATM | CAT Scale | Check Cashing | Cylinder Propane | DEF Lanes | Game Room | IdleAir | Lottery | Pegasus | Public Laundry | Truck Parking Spaces | Bridgestone Tire Monitoring | Mobile Ordering,Wendy's | Pilot Eats
486,Pilot Travel Center,12881 FM 14,Tyler,TX,75706,"I-20, Exit 562",32.450871530739796,-95.28378590674589,(903) 593-5466,85,8,7,Diesel Lanes | Showers | Prime Parking Spaces | Diesel Mobile Fueling | Premium Wifi | ATM | CAT Scale | Check Cashing | Cylinder Propane | DEF Lanes | Game Room | Lottery | Pegasus | Public Laundry | Truck Parking Spaces | Electric Vehicle Charging Station | Mobile Ordering,McDonalds | Pilot Eats
552,Flying J Travel Center,3140 OH-350,Lebanon,OH,45036,"I-71, Exit 32",39.41149759944768,-84.1504398092621,(513) 933-0312,109,8,7,Diesel Lanes | Showers | Prime Parking Spaces | Diesel Mobile Fueling | Premium Wifi | ATM | CAT Scale | Check Cashing | Cylinder Propane | DEF Lanes | Game Room | Lottery | Pegasus | Public Laundry | Truck Parking Spaces | Bridgestone Tire Monitoring | Mobile Ordering,Cinnabon | Wendy's | Pilot Eats
617,Flying J Travel Center,15100 Thorton Rd,Lodi,CA,95242,"I-5/CA-12, Exit 485",38.11728613944786,-121.39435539021301,(209) 339-4066,197,12,15,Diesel Lanes | Showers | Prime Parking Spaces | Diesel Mobile Fueling | Premium Wifi | ATM | Bulk Propane | CAT Scale | Check Cashing | Cylinder Propane | DEF Lanes | Drivers Lounge | Game Room | Live Parking | Lottery | Pegasus | Public Laundry | Truck Parking Spaces | Electric Vehicle Charging Station | Bridgestone Tire Monitoring | Mobile Ordering,Cinnabon | Denny's | Subway | Pilot Eats
641,Flying J Travel Center,587 E US-30,McCammon,ID,83250,"I-15, Exit 47",42.65997607590844,-112.20669689087677,(208) 845-0866,84,5,5,Diesel Lanes | Showers | Prime Parking Spaces | Diesel Mobile Fueling | Premium Wifi | ATM | Bulk Propane | CAT Scale | Check Cashing | Cylinder Propane | DEF Lanes | Lottery | Pegasus | Public Laundry | Truck Parking Spaces | Electric Vehicle Charging Station | Bridgestone Tire Monitoring | Mobile Ordering,Cinnabon | Pilot Eats
656,Flying J Travel Center,82 White St,Whiteland,IN,46184,"I-65, Exit 95",39.5496802,-86.0368062,(317) 535-1704,173,12,15,Diesel Lanes | Showers | Prime Parking Spaces | Diesel Mobile Fueling | Premium Wifi | ATM | Bulk Propane | CAT Scale | CB Shop | Check Cashing | Cylinder Propane | DEF Lanes | Drivers Lounge | Game Room | Lottery | Pegasus | Public Laundry | Truck Parking Spaces | Electric Vehicle Charging Station | Bridgestone Tire Monitoring | Mobile Ordering,Denny's | Pilot Eats
665,Flying J Travel Center,9510 Greenwood Rd,Greenwood,LA,71033,"I-20, Exit 3",32.44460538878131,-93.97946758153242,(318) 938-7744,190,12,15,Diesel Lanes | Showers | Prime Parking Spaces | Diesel Mobile Fueling | Premium Wifi | ATM | Bulk Propane | CAT Scale | Check Cashing | DEF Lanes | Game Room | Lottery | Pegasus | Public Laundry | Truck Parking Spaces | Electric Vehicle Charging Station | Bridgestone Tire Monitoring | Mobile Ordering,Denny's | Pilot Eats
661,Flying J Travel Center,4380 Nashville Rd,Franklin,KY,42134,"I-65/US-31W, Exit 2",36.662604318911725,-86.55350818526745,(270) 586-3343,172,12,9,Diesel Lanes | Showers | Prime Parking Spaces | Diesel Mobile Fueling | Premium Wifi | ATM | Barber Shop | CAT Scale | Check Cashing | Cylinder Propane | DEF Lanes | Drivers Lounge | Lottery | Pegasus | Public Laundry | Truck Parking Spaces | Electric Vehicle Charging Station | Mobile Ordering,Denny's | Pilot Eats
669,Flying J Travel Center,11570 Hwy FF,Joplin,MO,64804,"I-44, Exit 11/I-49, Exit 39",37.0556550541404,-94.42906104893494,(417) 626-7600,160,12,15,Diesel Lanes | Showers | Prime Parking Spaces | Diesel Mobile Fueling | Premium Wifi | ATM | Barber Shop | Bulk Propane | CAT Scale | Check Cashing | Cylinder Propane | DEF Lanes | Drivers Lounge | Game Room | Lottery | Pegasus | Public Laundry | Truck Parking Spaces | Electric Vehicle Charging Station | Mobile Ordering,Denny's | Pilot Eats
671,Flying J Travel Center,703 MO-80,Matthews,MO,63867,"I-55, Exit 58",36.760346930529465,-89.5408622354431,(573) 472-3336,166,12,10,Diesel Lanes | Showers | Prime Parking Spaces | Diesel Mobile Fueling | Premium Wifi | ATM | Bulk Propane | CAT Scale | Check Cashing | Cylinder Propane | DEF Lanes | Drivers Lounge | Game Room | Lottery | Pegasus | Public Laundry | Truck Parking Spaces | Electric Vehicle Charging Station | Bridgestone Tire Monitoring | Mobile Ordering,Pilot Eats
673,Flying J Travel Center,825 N Loop Dr,Sullivan,MO,63080,"I-44/MO-185, Exit 226",38.225315719934464,-91.15816794416129,(573) 415-0945,160,12,11,Diesel Lanes | Showers | Prime Parking Spaces | Diesel Mobile Fueling | Premium Wifi | ATM | Barber Shop | Bulk Propane | CAT Scale | Check Cashing | Cylinder Propane | DEF Lanes | Drivers Lounge | Game Room | Lottery | Pegasus | Public Laundry | Truck Parking Spaces | Electric Vehicle Charging Station | Bridgestone Tire Monitoring | Mobile Ordering,Denny's | Pilot Eats
693,Flying J Travel Center,8484 Alleghany Rd,Corfu,NY,14036,"I-90, Exit 48A",43.00133808672438,-78.40663019503415,(585) 599-4430,111,8,9,Diesel Lanes | Showers | Prime Parking Spaces | Diesel Mobile Fueling | Premium Wifi | ATM | Bulk Propane | CAT Scale | Cylinder Propane | DEF Lanes | Game Room | Pegasus | Public Laundry | Truck Parking Spaces | Electric Vehicle Charging Station | Southern Tire Mart at Pilot / Truck Care | Mobile Ordering,Pilot Eats
694,Flying J Travel Center,2349 Center Rd,Austinburg,OH,44010,"I-90/OH-45, Exit 223",41.789384995203704,-80.85615393741703,(440) 275-1515,164,12,15,Diesel Lanes | Showers | Prime Parking Spaces | Diesel Mobile Fueling | Premium Wifi | ATM | Bulk Propane | CAT Scale | Cylinder Propane | DEF Lanes | Game Room | Pegasus | Public Laundry | Truck Parking Spaces | Electric Vehicle Charging Station | Mobile Ordering,Denny's | Pilot Eats
705,Flying J Travel Center,2400 S 4th St,Sayre,OK,73662,"I-40/US-283, Exit 20",35.26532218526573,-99.64070370304108,(580) 928-2216,150,8,9,Diesel Lanes | Showers | Prime Parking Spaces | Diesel Mobile Fueling | Premium Wifi | ATM | Bulk Propane | CAT Scale | Check Cashing | Cylinder Propane | DEF Lanes | Drivers Lounge | Game Room | Lottery | Pegasus | Public Laundry | Truck Parking Spaces | Electric Vehicle Charging Station | Bridgestone Tire Monitoring | Southern Tire Mart at Pilot / Truck Care | Mobile Ordering,Pilot Eats
714,Flying J Travel Center,2435 Mt Holly Rd,Rock Hill,SC,29730,"I-77, Exit 73",34.85584407699772,-81.00636486840268,(803) 328-5700,141,8,9,Diesel Lanes | Showers | Prime Parking Spaces | Diesel Mobile Fueling | Premium Wifi | ATM | Bulk Propane | CAT Scale | Check Cashing | Cylinder Propane | DEF Lanes | Drivers Lounge | Game Room | Lottery | Pegasus | Public Laundry | Truck Parking Spaces | Bridgestone Tire Monitoring | Mobile Ordering,Cinnabon | Pilot Eats
731,Mr. Fuel Travel Center,140 Holwager Dr,Spiceland,IN,47385,"I-70, Exit 123",39.85057100523276,-85.41771688227846,(765) 593-1313,50,10,7,Diesel Lanes | Showers | Prime Parking Spaces | Diesel Mobile Fueling | ATM | CAT Scale | Check Cashing | DEF Lanes | Lottery | Pegasus | Truck Parking Spaces | Mobile Ordering,Pilot Eats
756,Flying J Travel Center,780 WI-54,Black River Falls,WI,54615,"I-94, Exit 116",44.295455653455534,-90.82946731609397,(715) 284-4341,150,10,12,Diesel Lanes | Showers | Prime Parking Spaces | Diesel Mobile Fueling | Premium Wifi | ATM | CAT Scale | Check Cashing | Cylinder Propane | DEF Lanes | Drivers Lounge | Game Room | Lottery | Pegasus | Public Laundry | Truck Parking Spaces | Electric Vehicle Charging Station | Mobile Ordering,Pilot Eats
762,Flying J Travel Center,1810 S Douglas Hwy,Gillette,WY,82718,"I-90, Exit 126",44.27735726262782,-105.49489346130753,(307) 682-3562,50,5,4,Electric Vehicle Charging Station | Mobile Ordering,Pilot Eats
905,Pilot Licensed Location,7985 MT-200,Milltown,MT,59851,"I-90, Exit 109",46.874603769893376,-113.88779875127125,(406) 258-6588,100,11,0,Diesel Lanes | Showers | ATM | CAT Scale | Check Cashing | DEF Lanes | Game Room | Public Laundry | Truck Parking Spaces,
924,Flying J Licensed Location,122000 Browns Gulch Rd,Butte,MT,59701,"I-90/15, Exit 122",46.00830179605397,-112.60875498021532,(406) 723-4325,120,10,0,Diesel Lanes | Showers | ATM | DEF Lanes | Drivers Lounge | Public Laundry | Truck Parking Spaces,
1049,Pilot Dealer,2400 Holland Rd,Suffolk,VA,23434,US-58,36.7143134,-76.6697072,(757) 539-6213,17,6,0,Diesel Lanes | Showers | Prime Parking Spaces | Diesel Mobile Fueling | Premium Wifi | ATM | CAT Scale | Check Cashing | Cylinder Propane | DEF Lanes | Game Room | Lottery | Pegasus | Truck Parking Spaces,
1118,Pilot Travel Center,4100 Mabry Dr,Clovis,NM,88101,US-60,34.39529214534171,-103.15286499814758,(575) 769-8369,29,5,3,Diesel Lanes | Showers | Diesel Mobile Fueling | Premium Wifi | ATM | CAT Scale | Check Cashing | Cylinder Propane | DEF Lanes | Lottery | Pegasus | Truck Parking Spaces | Mobile Ordering,Pilot Eats
1092,Pilot Travel Center,8950 Earhart Ln SW,Cedar Rapids,IA,52404,"I-380, Exit 13",41.89141107657727,-91.66711023011149,(319) 848-4351,30,6,3,Diesel Lanes | Showers | Prime Parking Spaces | Diesel Mobile Fueling | Premium Wifi | ATM | CAT Scale | Check Cashing | Cylinder Propane | DEF Lanes | Game Room | Lottery | Pegasus | Truck Parking Spaces | Mobile Ordering,Pilot Eats EXPRESS
49,Pilot Travel Center,8190 Pembroke Oak Grove Rd,Oak Grove,KY,42262,"I-24, Exit 89",36.67827984961249,-87.40442727822713,(270) 439-1776,175,11,8,Diesel Lanes | Showers | Prime Parking Spaces | Diesel Mobile Fueling | Premium Wifi | ATM | CAT Scale | Check Cashing | Cylinder Propane | DEF Lanes | Game Room | Lottery | Pegasus | Public Laundry | Truck Parking Spaces | Southern Tire Mart at Pilot / Truck Care | Mobile Ordering,McDonalds | Pilot Eats EXPRESS
41,Pilot Travel Center,3060 Owingsville Rd,Mount Sterling,KY,40353,"I-64, Exit 113",38.085998446252916,-83.89884095937596,(859) 497-4041,70,8,6,Diesel Lanes | Showers | Prime Parking Spaces | Diesel Mobile Fueling | Premium Wifi | ATM | CAT Scale | Check Cashing | Cylinder Propane | DEF Lanes | Game Room | Lottery | Pegasus | Public Laundry | Truck Parking Spaces | Electric Vehicle Charging Station | Mobile Ordering,McDonalds | Subway | Pilot Eats EXPRESS
37,Pilot Travel Center,2962 E 500 N,Whiteland,IN,46184,"I-65, Exit 95",39.55117863378675,-86.04598800859831,(463) 333-6618,110,11,8,Diesel Lanes | Showers | Prime Parking Spaces | Diesel Mobile Fueling | Premium Wifi | ATM | CAT Scale | Check Cashing | Cylinder Propane | DEF Lanes | Game Room | Lottery | Pegasus | Public Laundry | Truck Parking Spaces | Truck Wash | Bridgestone Tire Monitoring | Southern Tire Mart at Pilot / Truck Care | Mobile Ordering,McDonalds | Pilot Eats EXPRESS
51,Pilot Travel Center,11190 Baileyton Rd,Greeneville,TN,37745,"I-81, Exit 36",36.320638,-82.831823,(423) 234-0414,28,5,3,Diesel Lanes | Showers | Diesel Mobile Fueling | Premium Wifi | ATM | CAT Scale | Check Cashing | Cylinder Propane | DEF Lanes | Game Room | Lottery | Pegasus | Truck Parking Spaces | Bridgestone Tire Monitoring | Mobile Ordering,Subway | Pilot Eats EXPRESS
24,Pilot Travel Center,1100 N Dixie Hwy,Monroe,MI,48162,"I-75, Exit 15",41.9247909,-83.3661458,(734) 242-9650,20,6,3,Diesel Lanes | Showers | Diesel Mobile Fueling | Premium Wifi | ATM | CAT Scale | Check Cashing | Cylinder Propane | DEF Lanes | Lottery | Pegasus | Truck Parking Spaces | Mobile Ordering,Subway | Pilot Eats EXPRESS
180,Pilot Travel Center,12500 W I-40,Bellemont,AZ,86015,"I-40, Exit 185",35.23849106,-111.8225708,(928) 773-0180,45,8,7,Diesel Lanes | Showers | Prime Parking Spaces | Diesel Mobile Fueling | Premium Wifi | ATM | CAT Scale | Check Cashing | Cylinder Propane | DEF Lanes | Game Room | Lottery | Pegasus | Public Laundry | Truck Parking Spaces | Electric Vehicle Charging Station | Bridgestone Tire Monitoring | Southern Tire Mart at Pilot / Truck Care | Mobile Ordering,Cinnabon | McDonalds | Pilot Eats
200,Pilot Travel Center,5725 CA-58,Boron,CA,93516,US-395 & CA-58,34.991778407271724,-117.54217863788985,(760) 762-0041,45,7,7,Diesel Lanes | Showers | Prime Parking Spaces | Diesel Mobile Fueling | Premium Wifi | ATM | CAT Scale | Check Cashing | Cylinder Propane | DEF Lanes | Live Parking | Lottery | Pegasus | Truck Parking Spaces | Mobile Ordering,Cinnabon | Subway | Pilot Eats EXPRESS
208,Pilot Travel Center,1475 Thornton St,Pacific,MO,63069,"I-44, Exit 256/257",38.48710240753006,-90.75822798777139,(636) 257-4100,90,9,7,Diesel Lanes | Showers | Diesel Mobile Fueling | Premium Wifi | ATM | CAT Scale | Check Cashing | Cylinder Propane | DEF Lanes | Game Room | Lottery | Pegasus | Public Laundry | Truck Parking Spaces | Electric Vehicle Charging Station | Bridgestone Tire Monitoring | Mobile Ordering,Subway | Pilot Eats EXPRESS
233,Flying J Travel Center,800 John Long Rd,Oakland,OR,97462,"I-5, Exit 148",43.53949942609636,-123.28893940608215,(541) 849-2133,140,9,10,Electric Vehicle Charging Station | Mobile Ordering,Cinnabon | Subway | Pilot Eats
239,Pilot Travel Center,1600 E Wyandot Ave,Upper Sandusky,OH,43351,"US-30/23, Exit E Wyandot Rd",40.83394735870434,-83.2454950932541,(419) 294-2971,70,7,5,Diesel Lanes | Showers | Prime Parking Spaces | Diesel Mobile Fueling | Premium Wifi | ATM | CAT Scale | Check Cashing | Cylinder Propane | DEF Lanes | Game Room | Lottery | Pegasus | Public Laundry | Truck Parking Spaces | Mobile Ordering,Subway | Pilot Eats EXPRESS
289,Pilot Travel Center,3001 Milwaukee Rd,Beloit,WI,53511,"I-90/43/WI-81, Exit 185A",42.5268988,-88.9797253,(608) 364-3644,55,8,5,Diesel Lanes | Showers | Diesel Mobile Fueling | Premium Wifi | ATM | CAT Scale | Check Cashing | Cylinder Propane | DEF Lanes | Game Room | Lottery | Pegasus | Truck Parking Spaces | Mobile Ordering,Taco Bell | Pilot Eats EXPRESS
307,Pilot Travel Center,6605 N Indian Canyon Dr,North Palm Springs,CA,92258,"I-10, Exit 120",33.9030662,-116.5461743,(760) 329-5562,57,6,5,Diesel Lanes | Showers | Prime Parking Spaces | Diesel Mobile Fueling | Premium Wifi | ATM | CAT Scale | Check Cashing | Cylinder Propane | DEF Lanes | Game Room | Live Parking | Lottery | Pegasus | Truck Parking Spaces | Mobile Ordering,Wendy's | Pilot Eats
308,Pilot Travel Center,1564 N McCue St,Laramie,WY,82072,"I-80, Exit 310",41.32714120441457,-105.61045092261504,(307) 742-6443,100,9,6,Diesel Lanes | Showers | Prime Parking Spaces | Diesel Mobile Fueling | Premium Wifi | ATM | CAT Scale | Check Cashing | Cylinder Propane | DEF Lanes | Pegasus | Public Laundry | Truck Parking Spaces | Mobile Ordering,Wendy's | Pilot Eats EXPRESS
328,Pilot Travel Center,1201 W Main St,Quartzsite,AZ,85346,"I-10/US-95, Exit 17",33.661555948477975,-114.23679187368013,(928) 927-7777,45,9,4,Diesel Lanes | Showers | Prime Parking Spaces | Diesel Mobile Fueling | Premium Wifi | ATM | CAT Scale | Check Cashing | DEF Lanes | Lottery | Pegasus | Truck Parking Spaces | Bridgestone Tire Monitoring | Southern Tire Mart at Pilot / Truck Care | Mobile Ordering,Taco Bell | Pilot Eats EXPRESS
337,Pilot Travel Center,2015 W Lucas St,Florence,SC,29501,"I-95/US-52, Exit 164",34.23256102007648,-79.80240283883901,(843) 662-2646,90,7,5,Diesel Lanes | Showers | Prime Parking Spaces | Diesel Mobile Fueling | ATM | CAT Scale | Check Cashing | Cylinder Propane | DEF Lanes | Game Room | Lottery | Pegasus | Truck Parking Spaces | Bridgestone Tire Monitoring | Southern Tire Mart at Pilot / Truck Care | Mobile Ordering,Cinnabon | Subway | Taco Bell | Pilot Eats EXPRESS
341,Pilot Travel Center,3812 E Craig Rd,North Las Vegas,NV,89031,"I-15, Exit 48",36.2409528,-115.0978424,(702) 644-1600,55,7,7,Diesel Lanes | Showers | Prime Parking Spaces | Diesel Mobile Fueling | Premium Wifi | ATM | CAT Scale | Check Cashing | DEF Lanes | Pegasus | Public Laundry | Truck Parking Spaces | Bridgestone Tire Monitoring | Mobile Ordering,Dunkin Donuts | Pilot Eats
387,ONE9 Travel Center,791 10th St,Carlin,NV,89822,"I-80 & NV-278, Exit 280",40.71970773701785,-116.10611350066375,(775) 754-6384,60,5,5,Diesel Lanes | Showers | Diesel Mobile Fueling | Premium Wifi | ATM | CAT Scale | Check Cashing | Cylinder Propane | DEF Lanes | Pegasus | Truck Parking Spaces | Bridgestone Tire Monitoring | Mobile Ordering,Subway | Pilot Eats EXPRESS
385,Pilot Travel Center,9890 MO-13,Collins,MO,64738,US-54 & MO-13,37.874340259276885,-93.62130251653291,(417) 275-4796,65,8,3,Diesel Lanes | Showers | Prime Parking Spaces | Diesel Mobile Fueling | Premium Wifi | ATM | CAT Scale | Check Cashing | Cylinder Propane | DEF Lanes | Game Room | Lottery | Pegasus | Public Laundry | Truck Parking Spaces | Mobile Ordering,Subway | Pilot Eats EXPRESS
392,ONE9 Travel Center,450 E Western Ave,Sonora,KY,42776,"I-65, Exit 81",37.52252867325649,-85.88267079866276,(270) 369-7300,100,10,6,Diesel Lanes | Showers | Prime Parking Spaces | Diesel Mobile Fueling | Premium Wifi | ATM | Check Cashing | Cylinder Propane | DEF Lanes | Game Room | Lottery | Pegasus | Public Laundry | Truck Parking Spaces | Truck Wash | Electric Vehicle Charging Station | Southern Tire Mart at Pilot / Truck Care | Mobile Ordering,Subway | Pilot Eats EXPRESS
432,Pilot Travel Center,8055 South I-35,Waco,TX,76706,"I-35, Exit 328",31.456399015718898,-97.17165307448482,(254) 673-0171,271,10,10,Diesel Lanes | Showers | Prime Parking Spaces | Diesel Mobile Fueling | Premium Wifi | ATM | Barber Shop | CAT Scale | Check Cashing | Cylinder Propane | DEF Lanes | Drivers Lounge | Game Room | IdleAir | Lottery | Pegasus | Public Laundry | Truck Parking Spaces | Bridgestone Tire Monitoring | Southern Tire Mart at Pilot / Truck Care | Mobile Ordering,Wendy's | Pilot Eats
438,Pilot Travel Center,2940 Scottsville Rd,Franklin,KY,42134,"I-65, Exit 6",36.71780129987355,-86.52539558346712,(270) 586-9544,150,10,9,Diesel Lanes | Showers | Prime Parking Spaces | Diesel Mobile Fueling | Premium Wifi | ATM | CAT Scale | Check Cashing | Cylinder Propane | DEF Lanes | Game Room | Lottery | Pegasus | Public Laundry | Truck Parking Spaces | Truck Wash | Mobile Ordering,Wendy's | Pilot Eats EXPRESS
557,Pilot Travel Center,3710 W Carlsbad Hwy,Hobbs,NM,88240,US-62,32.697425340022924,-103.18358581875071,(575) 391-0120,46,6,3,Diesel Lanes | Showers | Diesel Mobile Fueling | Premium Wifi | ATM | CAT Scale | Check Cashing | DEF Lanes | Lottery | Pegasus | Public Laundry | Truck Parking Spaces | Mobile Ordering,Cinnabon | Subway | Pilot Eats
595,Pilot Travel Center,2611 Vernell Rd,Marion,IL,62959,"I-57, Exit 54",37.740443180822666,-88.96497850300342,(618) 993-2697,45,6,6,Diesel Lanes | Showers | Prime Parking Spaces | Diesel Mobile Fueling | Premium Wifi | ATM | CAT Scale | Check Cashing | Cylinder Propane | DEF Lanes | Game Room | Lottery | Pegasus | Public Laundry | Truck Parking Spaces | Electric Vehicle Charging Station | Mobile Ordering,Subway | Pilot Eats EXPRESS
609,Pilot Travel Center,16189 S Sunshine Blvd,Eloy,AZ,85131,"I-10, Exit 208",32.7323837377861,-111.54941431282806,(520) 466-9204,210,10,10,Diesel Lanes | Showers | Prime Parking Spaces | Diesel Mobile Fueling | Premium Wifi | ATM | Bulk Propane | CAT Scale | Check Cashing | Cylinder Propane | DEF Lanes | Drivers Lounge | Game Room | Lottery | Pegasus | Public Laundry | Truck Parking Spaces | Bridgestone Tire Monitoring | Mobile Ordering,Denny's | Pilot Eats
630,Flying J Travel Center,1125 Bucksnort Rd,Jackson,GA,30233,"I-75, Exit 201",33.20742422822066,-84.06426659644184,(770) 775-0138,200,10,14,Diesel Lanes | Showers | Prime Parking Spaces | Diesel Mobile Fueling | Premium Wifi | ATM | Bulk Propane | CAT Scale | Check Cashing | Cylinder Propane | DEF Lanes | Drivers Lounge | Game Room | Lottery | Pegasus | Public Laundry | Truck Parking Spaces | Electric Vehicle Charging Station | Bridgestone Tire Monitoring | Southern Tire Mart at Pilot / Truck Care | Mobile Ordering,Pilot Eats
636,Flying J Travel Center,8200 Northwest Blvd,Davenport,IA,52806,"I-80, Exit 292",41.6029144,-90.6248552,(563) 386-7710,146,12,15,Diesel Lanes | Showers | Prime Parking Spaces | Diesel Mobile Fueling | Premium Wifi | ATM | Barber Shop | Bulk Propane | CAT Scale | Check Cashing | Cylinder Propane | DEF Lanes | Drivers Lounge | Game Room | Lottery | Pegasus | Public Laundry | Truck Parking Spaces | Mobile Ordering,Denny's | Pilot Eats
678,Flying J Travel Center,685 US-80,Pearl,MS,39208,"I-20/55, Exit 47",32.27717875434153,-90.16006039298973,(601) 936-0190,175,12,12,Electric Vehicle Charging Station | Mobile Ordering,Denny's | Pilot Eats
707,Flying J Travel Center,246 Allegheny Blvd,Brookville,PA,15825,"I-80, Exit 78",41.172571,-79.095428,(814) 849-2992,140,12,15,Diesel Lanes | Showers | Prime Parking Spaces | Diesel Mobile Fueling | Premium Wifi | ATM | Bulk Propane | CAT Scale | Cylinder Propane | DEF Lanes | Game Room | Pegasus | Public Laundry | Truck Parking Spaces | Electric Vehicle Charging Station | Southern Tire Mart at Pilot / Truck Care | Mobile Ordering,Denny's | Pilot Eats
775,Pilot Travel Center,2841 S 60 E,Saint George,UT,84790,"I-15, Exit 4",37.0599477,-113.581869,(435) 319-4138,60,7,3,Diesel Lanes | Showers | Prime Parking Spaces | Diesel Mobile Fueling | Premium Wifi | ATM | Bulk Propane | CAT Scale | Check Cashing | Cylinder Propane | DEF Lanes | Pegasus | Truck Parking Spaces | Bridgestone Tire Monitoring | Mobile Ordering,Burger King | Pilot Eats
789,Flying J Travel Center,3700 Highbury Ave S,London,ON,N6N 1P3,"ON-401, Exit 189",42.93361756476158,-81.17500907713274,(519) 686-9154,200,12,15,Diesel Lanes | Showers | Prime Parking Spaces | Diesel Mobile Fueling | Premium Wifi | ATM | Bulk Propane | CAT Scale | Check Cashing | Cylinder Propane | DEF Lanes | Drivers Lounge | Lottery | Pegasus | Public Laundry | Truck Parking Spaces,Denny's | Pilot Eats
922,Pilot Licensed Location,6102 US-2,Columbia Falls,MT,59912,US-2 & MT-40,48.3699566206542,-114.23971898413087,(406) 892-0747,20,4,0,Diesel Lanes | ATM | DEF Lanes | Game Room | Truck Parking Spaces,
1047,Pilot Travel Center,4075 Jones Branch Rd,Jacksonville,FL,32219,"I-295, Exit 25",30.371257849974512,-81.7642421064314,(904) 326-3909,65,8,7,Electric Vehicle Charging Station | Mobile Ordering,Arby's | Cinnabon | Pilot Eats
1185,Pilot Dealer,4031 Fleet St,Littlefield,AZ,86423,"I-15, Exit 9",36.8972,-113.910531,(702) 849-0700,23,3,0,Diesel Lanes | Showers | Diesel Mobile Fueling | ATM | Check Cashing | DEF Lanes | Lottery | Pegasus | Truck Parking Spaces,
1207,Pilot Travel Center,101 S Loop 464 Rd,Monahans,TX,79756,I-20 BL & TX-464,31.58741730364614,-102.917423090213,(432) 943-2190,24,4,2,Diesel Lanes | Showers | Diesel Mobile Fueling | ATM | Check Cashing | Lottery | Pegasus | Truck Parking Spaces | Mobile Ordering,Pilot Eats
6955,Pilot Travel Center,1044 Jimmie Kerr Rd,Haw River,NC,27258,"I-40/85, Exit 150",36.070347561232765,-79.35116561547116,(336) 578-2610,130,11,8,Diesel Lanes | Showers | Prime Parking Spaces | Diesel Mobile Fueling | Premium Wifi | CAT Scale | Cylinder Propane | DEF Lanes | Pegasus | Truck Parking Spaces | Mobile Ordering,Wendy's | Pilot Eats EXPRESS
6978,Pilot Travel Center,801 NC Highway 211 E,Candor,NC,27229,"I-74, Exit 44",35.298307467016,-79.72639809140168,(910) 974-4402,25,6,4,Diesel Lanes | Showers | Prime Parking Spaces | Diesel Mobile Fueling | Premium Wifi | CAT Scale | Cylinder Propane | DEF Lanes | Pegasus | Truck Parking Spaces | Mobile Ordering,Wendy's | Pilot Eats EXPRESS
6990,Pilot Travel Center,1000 Truckstop Rd,Kenly,NC,27542,"I-95, Exit 106",35.58299557135885,-78.14789037301635,(919) 284-6109,125,9,5,Diesel Lanes | Showers | Diesel Mobile Fueling | CAT Scale | Cylinder Propane | DEF Lanes | Pegasus | Truck Parking Spaces | Mobile Ordering,Pilot Eats EXPRESS
6996,Pilot Travel Center,2574 W NC Hwy 24,Warsaw,NC,28398,"I-40, Exit 364",34.99418442165676,-78.12972914351653,(910) 293-7070,10,5,3,Diesel Lanes | Showers | Diesel Mobile Fueling | Premium Wifi | CAT Scale | Cylinder Propane | DEF Lanes | Pegasus | Truck Parking Spaces | Mobile Ordering,Arby's | Pilot Eats EXPRESS
7937,ONE9 Travel Center,907 Knox Rd,McLeansville,NC,27301,"I-40/85, Exit 132",36.06085647658663,-79.66228490370484,(336) 805-5772,0,4,0,Diesel Lanes | Showers | Diesel Mobile Fueling | Premium Wifi | Cylinder Propane | DEF Lanes | Pegasus | Truck Parking Spaces | Electric Vehicle Charging Station | Mobile Ordering,Wendy's | Pilot Eats EXPRESS
7971,Pilot Travel Center,1343 Rock Barn Rd NE,Conover,NC,28613,"I-40, Exit 133",35.720752417691926,-81.18845251011888,(828) 465-2613,62,8,7,Diesel Lanes | Showers | Prime Parking Spaces | Diesel Mobile Fueling | CAT Scale | Cylinder Propane | DEF Lanes | Pegasus | Truck Parking Spaces | Bridgestone Tire Monitoring | Mobile Ordering,Subway | Pilot Eats EXPRESS
7976,Pilot Travel Center,1006 Charlotte Hwy,Troutman,NC,28166,"I-77, Exit 42",35.67143444252031,-80.85561448213959,(704) 528-4104,95,11,7,Diesel Lanes | Showers | Prime Parking Spaces | Diesel Mobile Fueling | Premium Wifi | CAT Scale | Cylinder Propane | DEF Lanes | Pegasus | Truck Parking Spaces | Bridgestone Tire Monitoring | Mobile Ordering,Wendy's | Pilot Eats EXPRESS
1,Pilot Travel Center,5868 Nittany Valley Dr,Mill Hall,PA,17751,"I-80, Exit 173",41.03420615544921,-77.5160584077943,(570) 726-7618,66,8,6,Diesel Lanes | Showers | Prime Parking Spaces | Diesel Mobile Fueling | Premium Wifi | ATM | CAT Scale | Check Cashing | DEF Lanes | Lottery | Pegasus | Truck Parking Spaces | Mobile Ordering,Cinnabon | Subway | Pilot Eats EXPRESS
137,Pilot Travel Center,395 E Vista Dr,Weed,CA,96094,"I-5, Exit 745",41.3990246,-122.37658,(530) 938-9600,74,8,7,Diesel Lanes | Showers | Prime Parking Spaces | Diesel Mobile Fueling | ATM | Bulk Propane | CAT Scale | Check Cashing | Cylinder Propane | DEF Lanes | Game Room | Live Parking | Lottery | Pegasus | Public Laundry | Truck Parking Spaces | Electric Vehicle Charging Station | Mobile Ordering,Cinnabon | Subway | Pilot Eats
60,Pilot Travel Center,2064 Homestead Rd,Bowman,SC,29018,"I-26, Exit 159",33.41699,-80.6663716,(803) 829-3541,41,10,5,Diesel Lanes | Showers | Prime Parking Spaces | Diesel Mobile Fueling | Premium Wifi | ATM | CAT Scale | CB Shop | Check Cashing | DEF Lanes | Game Room | Lottery | Pegasus | Public Laundry | Truck Parking Spaces | Bridgestone Tire Monitoring | Southern Tire Mart at Pilot / Truck Care | Mobile Ordering,McDonalds | Pilot Eats EXPRESS
87,Pilot Travel Center,1050 US 301 South,Jacksonville,FL,32234,"I-10, Exit 343",30.2839697,-81.983862,(904) 266-4238,50,6,5,Diesel Lanes | Showers | Diesel Mobile Fueling | Premium Wifi | ATM | CAT Scale | Check Cashing | Cylinder Propane | DEF Lanes | Lottery | Pegasus | Truck Parking Spaces | Bridgestone Tire Monitoring | Mobile Ordering,Subway | Pilot Eats EXPRESS
8,Pilot Travel Center,25600 US-23,Circleville,OH,43113,US-23 & Pittsburgh Rd,39.557944,-82.957098,(740) 420-0702,55,5,2,Diesel Lanes | Showers | Diesel Mobile Fueling | ATM | CAT Scale | Check Cashing | Cylinder Propane | DEF Lanes | Game Room | Lottery | Pegasus | Truck Parking Spaces | Mobile Ordering,Pilot Eats EXPRESS
213,Pilot Travel Center,3600 Interchange Rd,Columbus,OH,43204,"I-70, Exit 94",39.9731405,-83.0998014,(614) 308-9195,100,8,7,Diesel Lanes | Showers | Diesel Mobile Fueling | Premium Wifi | ATM | CAT Scale | Check Cashing | DEF Lanes | Game Room | Lottery | Pegasus | Public Laundry | Truck Parking Spaces | Electric Vehicle Charging Station | Mobile Ordering,Wendy's | Pilot Eats EXPRESS
260,Pilot Travel Center,310 Cordele Rd,Albany,GA,31705,US-82 & Hwy 300,31.580632786880017,-84.08608626974579,(229) 878-1355,71,7,4,Diesel Lanes | Showers | Diesel Mobile Fueling | Premium Wifi | ATM | CAT Scale | Check Cashing | Cylinder Propane | DEF Lanes | Game Room | Lottery | Pegasus | Truck Parking Spaces | Truck Wash | Bridgestone Tire Monitoring | Southern Tire Mart at Pilot / Truck Care | Mobile Ordering,Subway | Pilot Eats EXPRESS
285,Pilot Travel Center,10258 Lancaster Rd,Hebron,OH,43025,"I-70, Exit 126",39.945562395920604,-82.53629823388854,(740) 928-5588,90,9,5,Diesel Lanes | Prime Parking Spaces | Diesel Mobile Fueling | Premium Wifi | Wifi | ATM | CAT Scale | Check Cashing | Cylinder Propane | DEF Lanes | Lottery | Pegasus | Truck Parking Spaces | Bridgestone Tire Monitoring | Mobile Ordering,Pilot Eats
302,Pilot Travel Center,6955 Theodore Dawes Rd,Theodore,AL,36582,"I-10, Exit 13",30.55953629908067,-88.20561732711002,(251) 653-8834,65,7,5,Electric Vehicle Charging Station | Mobile Ordering,Wendy's | Pilot Eats EXPRESS
304,Flying J Travel Center,3105 S Doyle Rd,New Haven,IN,46774,"I-469/OH-30, Exit 19",41.05931909442916,-84.98019032090149,(260) 493-4035,82,9,9,Diesel Lanes | Showers | Prime Parking Spaces | Diesel Mobile Fueling | Premium Wifi | ATM | Bulk Propane | CAT Scale | Check Cashing | Cylinder Propane | DEF Lanes | Drivers Lounge | Game Room | Lottery | Pegasus | Public Laundry | Truck Parking Spaces | Mobile Ordering,Cinnabon | Dunkin Express | Huddle House | Subway | Pilot Eats
420,Pilot Travel Center,1881 Eatonton Rd,Madison,GA,30650,"I-20, Exit 114",33.56060332360283,-83.47867491401671,(706) 343-1455,110,9,6,Diesel Lanes | Showers | Prime Parking Spaces | Diesel Mobile Fueling | Premium Wifi | ATM | CAT Scale | Check Cashing | Cylinder Propane | DEF Lanes | Game Room | Lottery | Pegasus | Public Laundry | Truck Parking Spaces | Bridgestone Tire Monitoring | Mobile Ordering,IHOP | Pilot Eats EXPRESS
430,Pilot Travel Center,215 AR-331 N,Russellville,AR,72802,"I-40, Exit 84",35.28063189312379,-93.09278987752802,(479) 967-7414,96,7,5,Diesel Lanes | Showers | Prime Parking Spaces | Diesel Mobile Fueling | Premium Wifi | ATM | CAT Scale | Check Cashing | Cylinder Propane | DEF Lanes | Game Room | Lottery | Pegasus | Public Laundry | Truck Parking Spaces | Bridgestone Tire Monitoring | Mobile Ordering,Cinnabon | Subway | Wendy's | Pilot Eats EXPRESS
475,Pilot Travel Center,305 W Abrahames Rd,Moriarty,NM,87035,"I-40/AZ-41, Exit 196",35.0112354,-106.0442999,(505) 832-4954,85,8,7,Electric Vehicle Charging Station | Mobile Ordering,Subway | Pilot Eats
491,Pilot Travel Center,3634 N Valley Pike,Harrisonburg,VA,22802,"I-81, Exit 251",38.480373442539445,-78.81820200422975,(540) 434-2529,98,9,7,Diesel Lanes | Showers | Prime Parking Spaces | Diesel Mobile Fueling | Premium Wifi | ATM | CAT Scale | Check Cashing | Cylinder Propane | DEF Lanes | Game Room | Lottery | Pegasus | Public Laundry | Truck Parking Spaces | Electric Vehicle Charging Station | Bridgestone Tire Monitoring | Mobile Ordering,Pilot Eats
483,Pilot Travel Center,3801 N Division St,Morris,IL,60450,"I-80, Exit 112",41.39536105981498,-88.42186065047073,(815) 705-0120,73,8,7,Electric Vehicle Charging Station | Mobile Ordering,Cinnabon | Subway | Pilot Eats
494,Pilot Travel Center,1128 Duanesburg Road,Schenectady,NY,12306,I-88. Exit 25,42.781440704213765,-74.02879534888324,(518) 356-5616,89,5,3,Diesel Lanes | Showers | Prime Parking Spaces | Diesel Mobile Fueling | Premium Wifi | ATM | CAT Scale | Check Cashing | Cylinder Propane | DEF Lanes | Lottery | Pegasus | Truck Parking Spaces | Electric Vehicle Charging Station | Mobile Ordering,Dunkin Donuts | Subway | Pilot Eats EXPRESS
610,Flying J Travel Center,3300 E Andy Devine Ave,Kingman,AZ,86401,"I-40, Exit 53",35.21944612323178,-114.0071063,(928) 757-7300,95,10,12,Diesel Lanes | Showers | Diesel Mobile Fueling | Premium Wifi | ATM | Barber Shop | Bulk Propane | CAT Scale | Check Cashing | Cylinder Propane | DEF Lanes | Drivers Lounge | Game Room | Lottery | Pegasus | Public Laundry | Truck Parking Spaces | Bridgestone Tire Monitoring | Southern Tire Mart at Pilot / Truck Care | Mobile Ordering,Denny's | Pilot Eats
611,Flying J Travel Center,6700 W Latham St,Phoenix,AZ,85043,"I-10, Exit 137",33.460877765835725,-112.2053807242021,(623) 936-1118,144,12,15,Diesel Lanes | Showers | Prime Parking Spaces | Diesel Mobile Fueling | Premium Wifi | ATM | Barber Shop | Bulk Propane | CAT Scale | Check Cashing | Cylinder Propane | DEF Lanes | Drivers Lounge | Game Room | Lottery | Pegasus | Public Laundry | Truck Parking Spaces | Bridgestone Tire Monitoring | Mobile Ordering,Denny's | Pilot Eats
623,Flying J Travel Center,32670 Blue Star Hwy,Midway,FL,32343,"I-10, Exit 192",30.492490792000847,-84.42915143914793,(850) 574-9779,150,12,12,Diesel Lanes | Showers | Drivers Lounge | Public Laundry | Truck Parking Spaces | Electric Vehicle Charging Station | Mobile Ordering,Denny's | Pilot Eats
625,Flying J Travel Center,11555 E Sligh Ave,Seffner,FL,33584,"I-4, Exit 10",28.00970348194623,-82.30328826848694,(813) 612-9438,27,6,4,Diesel Lanes | Showers | Prime Parking Spaces | Diesel Mobile Fueling | Premium Wifi | ATM | Bulk Propane | Check Cashing | Cylinder Propane | DEF Lanes | Game Room | Lottery | Pegasus | Public Laundry | Truck Parking Spaces | Bridgestone Tire Monitoring | Mobile Ordering,Cinnabon | Pilot Eats
632,Flying J Travel Center,288 Resaca Beach Blvd NW,Resaca,GA,30735,"I-75, Exit 320",34.576410978554634,-84.94714971296693,(706) 629-1541,200,12,15,Diesel Lanes | Showers | Prime Parking Spaces | Diesel Mobile Fueling | Premium Wifi | ATM | Bulk Propane | CAT Scale | Check Cashing | Cylinder Propane | DEF Lanes | Drivers Lounge | Game Room | Lottery | Pegasus | Public Laundry | Truck Parking Spaces | Electric Vehicle Charging Station | Mobile Ordering,Denny's | Pilot Eats
638,Flying J Travel Center,3512 Franklin Rd,Caldwell,ID,83605,"I-84, Exit 29",43.66157788380875,-116.65453084052754,(208) 453-9225,100,8,9,Diesel Lanes | Showers | Prime Parking Spaces | Diesel Mobile Fueling | Premium Wifi | ATM | Bulk Propane | CAT Scale | Check Cashing | Cylinder Propane | DEF Lanes | Drivers Lounge | Game Room | Lottery | Pegasus | Public Laundry | Truck Parking Spaces | Electric Vehicle Charging Station | Mobile Ordering,Denny's | Pilot Eats
700,Flying J Travel Center,26415 Warns Dr,Perrysburg,OH,43551,"I-280, Exit 1B",41.534688838750284,-83.4607347506996,(419) 837-2100,150,12,13,Diesel Lanes | Showers | Prime Parking Spaces | Diesel Mobile Fueling | Premium Wifi | ATM | CAT Scale | Check Cashing | Cylinder Propane | DEF Lanes | Drivers Lounge | Game Room | Lottery | Pegasus | Public Laundry | Truck Parking Spaces | Electric Vehicle Charging Station | Southern Tire Mart at Pilot / Truck Care | Mobile Ordering,Denny's | Pilot Eats
722,Pilot Travel Center,800 Watt Rd,Knoxville,TN,37932,"I-40/75, Exit 369",35.88120388038329,-84.23599647686977,(865) 531-7400,176,12,13,Diesel Lanes | Showers | Prime Parking Spaces | Diesel Mobile Fueling | Premium Wifi | ATM | Bulk Propane | CAT Scale | Cylinder Propane | DEF Lanes | Drivers Lounge | Live Parking | Lottery | Pegasus | Public Laundry | Truck Parking Spaces | Electric Vehicle Charging Station | Bridgestone Tire Monitoring | Mobile Ordering,Cinnabon | Denny's | Pilot Eats
726,Pilot Travel Center,7425 Bonnie View Rd,Dallas,TX,75241,"I-20, Exit 472",32.65642457394642,-96.75113894440656,(972) 225-3566,144,12,12,Electric Vehicle Charging Station | Mobile Ordering,Denny's | Pilot Eats
758,Flying J Travel Center,41 SE Wyoming Blvd,Casper,WY,82609,"I-25, Exit 185",42.8519526,-106.2695671,(307) 473-1750,45,5,4,Electric Vehicle Charging Station | Mobile Ordering,Subway | Pilot Eats
803,Flying J Travel Center,Highway 1 East,Portage La Prairie,MB,R1N 3B2,Hwy #1 East,49.973492,-98.211921,(204) 857-9997,40,4,0,Diesel Lanes | Diesel Mobile Fueling | ATM | Check Cashing | Lottery | Pegasus | Truck Parking Spaces,Pilot Eats EXPRESS
846,Shell Flying J Dealer,Jct Hwy 9 & Hwy 36 S,Hanna,AB,T0J 1P0,AB-9 & AB-36 S,51.6181359714948,-111.81157629321646,(403) 854-5000,100,8,0,Diesel Lanes | Showers | Diesel Mobile Fueling | ATM | Pegasus | Public Laundry | Truck Parking Spaces,
901,ONE9 Travel Center,5085 Buffalo Creek Rd,Elm Creek,NE,68836,"I-80 & US-183, Exit 257",40.692276562177675,-99.3817536699753,(308) 856-4330,75,6,5,Diesel Lanes | Showers | Prime Parking Spaces | Diesel Mobile Fueling | Premium Wifi | ATM | CAT Scale | Check Cashing | DEF Lanes | Drivers Lounge | Game Room | Lottery | Pegasus | Public Laundry | Truck Parking Spaces | Mobile Ordering,Subway | Pilot Eats
907,Pilot Licensed Location,1210 S Haynes Ave,Miles City,MT,59301,"I-94, Exit 138",46.396967994861356,-105.82186272186891,(406) 232-2582,75,3,0,Diesel Lanes | Showers | ATM | DEF Lanes | Lottery | Public Laundry | Truck Parking Spaces,
914,Flying J Licensed Location,8745 Hwy 93 N,Missoula,MT,59808,"I-90, Exit 96",46.95510997530376,-114.13232162153055,(406) 542-0400,125,8,14,Diesel Lanes | Showers | ATM | DEF Lanes | Public Laundry | Truck Parking Spaces,
1004,Pilot Travel Center,16600 W South Ave,Tonkawa,OK,74653,"I-35, Exit 214",36.6960792,-97.3492936,(580) 628-2934,80,8,7,Electric Vehicle Charging Station | Mobile Ordering,Cinnabon | Taco Bell | Pilot Eats
1005,Flying J Travel Center,480 Truck Inn Way,Fernley,NV,89408,"I-80, Exit 48",39.61495876133422,-119.21674002712248,(775) 575-5919,26,8,7,Diesel Lanes | Showers | Diesel Mobile Fueling | ATM | CAT Scale | Check Cashing | Cylinder Propane | DEF Lanes | Drivers Lounge | Game Room | Pegasus | Public Laundry | Truck Parking Spaces | Bridgestone Tire Monitoring | Mobile Ordering,Cinnabon | Denny's | Pilot Eats
1017,Flying J Travel Center,345 Roth Rd,Lathrop,CA,95330,"I-5, Exit 465",37.8562275,-121.276207,(209) 982-1460,105,9,9,Diesel Lanes | Showers | Prime Parking Spaces | Diesel Mobile Fueling | Premium Wifi | ATM | CAT Scale | Check Cashing | Cylinder Propane | DEF Lanes | Drivers Lounge | Live Parking | Lottery | Pegasus | Public Laundry | Truck Parking Spaces | Electric Vehicle Charging Station | Mobile Ordering,Cinnabon | Pilot Eats
1059,Pilot Travel Center,709 N US-77,Schulenburg,TX,78956,"I-10, Exit 674",29.695097589208757,-96.90183329075526,(979) 290-3382,76,8,9,Diesel Lanes | Showers | Prime Parking Spaces | Diesel Mobile Fueling | Premium Wifi | ATM | CAT Scale | Cylinder Propane | DEF Lanes | Drivers Lounge | Game Room | Lottery | Pegasus | Public Laundry | Truck Parking Spaces | Electric Vehicle Charging Station | Bridgestone Tire Monitoring | Mobile Ordering,Cinnabon | Taco Bell | Pilot Eats
7983,Pilot Travel Center,985 Peeler Rd,Salisbury,NC,28147,"I-85, Exit 71",35.61228744589375,-80.52016194841005,(704) 255-5238,75,9,5,Diesel Lanes | Showers | Prime Parking Spaces | Diesel Mobile Fueling | Premium Wifi | CAT Scale | Cylinder Propane | DEF Lanes | Pegasus | Truck Parking Spaces | Mobile Ordering,Dunkin Express | Subway | Pilot Eats EXPRESS
26,Pilot Travel Center,6158 US-223,Ottawa Lake,MI,49267,"US-23/223, Exit 5",41.799049,-83.694294,(734) 854-1772,230,11,8,Diesel Lanes | Showers | Prime Parking Spaces | Diesel Mobile Fueling | Premium Wifi | ATM | CAT Scale | Check Cashing | Cylinder Propane | DEF Lanes | Game Room | Lottery | Pegasus | Public Laundry | Truck Parking Spaces | Electric Vehicle Charging Station | Mobile Ordering,McDonalds | Pilot Eats
16,ONE9 Travel Center,5772 N US Hwy 68,Wilmington,OH,45177,"I-71, Exit 50",39.52269640606008,-83.8461018,(937) 382-0464,12,6,3,Diesel Lanes | Showers | Diesel Mobile Fueling | Premium Wifi | ATM | CAT Scale | Check Cashing | Cylinder Propane | DEF Lanes | Game Room | Lottery | Pegasus | Truck Parking Spaces | Mobile Ordering,Subway | Pilot Eats EXPRESS
14,Pilot Travel Center,7680 E OH-37,Sunbury,OH,43074,"I-71, Exit 131",40.265891962095886,-82.92406929679203,(740) 965-5540,115,7,5,Diesel Lanes | Showers | Prime Parking Spaces | Diesel Mobile Fueling | Premium Wifi | ATM | CAT Scale | Check Cashing | Cylinder Propane | DEF Lanes | Game Room | Lottery | Pegasus | Truck Parking Spaces | Bridgestone Tire Monitoring | Mobile Ordering,Subway | Pilot Eats EXPRESS
39,Pilot Travel Center,6002 W Monee Manhattan Rd,Monee,IL,60449,"I-57, Exit 335",41.4275607,-87.7568136,(708) 534-2483,66,5,5,Diesel Lanes | Showers | Diesel Mobile Fueling | Premium Wifi | ATM | CAT Scale | Check Cashing | Cylinder Propane | DEF Lanes | Game Room | Lottery | Pegasus | Public Laundry | Truck Parking Spaces | Bridgestone Tire Monitoring | Mobile Ordering,McDonalds | Pilot Eats EXPRESS
6,Pilot Travel Center,61700 Southgate Rd,Cambridge,OH,43725,"I-70, Exit 178",39.997137,-81.576912,(740) 439-0989,35,5,3,Diesel Lanes | Showers | Diesel Mobile Fueling | Premium Wifi | ATM | CAT Scale | Check Cashing | Cylinder Propane | DEF Lanes | Game Room | Lottery | Pegasus | Truck Parking Spaces | Bridgestone Tire Monitoring | Mobile Ordering,Subway | Pilot Eats EXPRESS
88,ONE9 Travel Center,4455 W King St,Cocoa,FL,32926,"I-95, Exit 201",28.359164203862274,-80.79245792270183,(321) 639-0346,8,4,2,Diesel Lanes | Showers | Diesel Mobile Fueling | Premium Wifi | ATM | Check Cashing | Cylinder Propane | DEF Lanes | Lottery | Pegasus | Truck Parking Spaces | Mobile Ordering,Subway | Pilot Eats EXPRESS
92,Pilot Travel Center,4255 W Hwy 326,Ocala,FL,34482,"I-75, Exit 358",29.267799374341905,-82.19160579877662,(352) 402-9081,130,10,6,Electric Vehicle Charging Station | Southern Tire Mart at Pilot / Truck Care | Mobile Ordering,Cinnabon | Wendy's | Pilot Eats EXPRESS
133,Pilot Travel Center,109450 US-97,Chemult,OR,97731,US-97 & Kranz St,43.215661936291966,-121.7837259728775,(541) 365-0991,37,6,3,Diesel Lanes | Showers | Diesel Mobile Fueling | ATM | CAT Scale | Check Cashing | Cylinder Propane | Lottery | Pegasus | Truck Parking Spaces | Electric Vehicle Charging Station | Mobile Ordering,Subway | Pilot Eats EXPRESS
179,Pilot Travel Center,16921 Halfway Blvd,Hagerstown,MD,21740,"I-81, Exit 5B",39.62977337177432,-77.7829389090538,(301) 582-6111,85,9,0,Diesel Lanes | Showers | Prime Parking Spaces | Diesel Mobile Fueling | Premium Wifi | ATM | CAT Scale | Check Cashing | Cylinder Propane | DEF Lanes | Game Room | Lottery | Pegasus | Public Laundry | Truck Parking Spaces | Electric Vehicle Charging Station | Bridgestone Tire Monitoring | Southern Tire Mart at Pilot / Truck Care | Mobile Ordering,McDonalds | Pilot Eats EXPRESS
206,Pilot Travel Center,1201 W I-20,Weatherford,TX,76087,"I-20, Exit 406",32.727247,-97.825168,(817) 341-4600,110,8,7,Diesel Lanes | Showers | Prime Parking Spaces | Diesel Mobile Fueling | Premium Wifi | ATM | CAT Scale | Check Cashing | DEF Lanes | Game Room | Lottery | Pegasus | Public Laundry | Truck Parking Spaces | Electric Vehicle Charging Station | Mobile Ordering,Wendy's | Pilot Eats EXPRESS
255,Pilot Travel Center,433 Old Gate Ln,Milford,CT,06460,"I-95, Exit 40",41.23690433826319,-73.0222192603809,(203) 876-1266,150,8,9,Diesel Lanes | Showers | Prime Parking Spaces | Diesel Mobile Fueling | Premium Wifi | ATM | CAT Scale | Check Cashing | Cylinder Propane | DEF Lanes | Game Room | Lottery | Pegasus | Public Laundry | Truck Parking Spaces | Mobile Ordering,Wendy's | Pilot Eats
261,Pilot Travel Center,403 SW Frontage Rd,Winona,MS,38967,"I-55/US-82, Exit 185",33.4853155,-89.770302,(662) 283-5985,110,7,5,Electric Vehicle Charging Station | Mobile Ordering,Taco Bell | Pilot Eats EXPRESS
267,Pilot Travel Center,2965 Highway 247C,Byron,GA,31008,"I-75, Exit 146",32.61227798741262,-83.74451508465575,(478) 956-5316,150,9,11,Diesel Lanes | Showers | Prime Parking Spaces | Diesel Mobile Fueling | Premium Wifi | ATM | CAT Scale | Check Cashing | DEF Lanes | Game Room | Lottery | Pegasus | Public Laundry | Truck Parking Spaces | Bridgestone Tire Monitoring | Southern Tire Mart at Pilot / Truck Care | Mobile Ordering,Arby's | Cinnabon | Pilot Eats EXPRESS
278,Mr. Fuel Travel Center,118 Richwood Rd,Walton,KY,41094,"I-75/71/KY-338, Exit 175",38.91921224492679,-84.62533229563141,(859) 365-2908,15,7,5,Diesel Lanes | Showers | Diesel Mobile Fueling | Premium Wifi | ATM | CAT Scale | Check Cashing | Cylinder Propane | DEF Lanes | Game Room | Lottery | Pegasus | Truck Parking Spaces | Mobile Ordering,Subway | Pilot Eats EXPRESS
336,Pilot Travel Center,1742 Rich Hwy,DuBois,PA,15801,"I-80/US-219, Exit 97",41.1410550850312,-78.78318949206543,(814) 375-6046,65,8,7,Diesel Lanes | Showers | Prime Parking Spaces | Diesel Mobile Fueling | Premium Wifi | ATM | CAT Scale | Check Cashing | Cylinder Propane | DEF Lanes | Game Room | Lottery | Pegasus | Public Laundry | Truck Parking Spaces | Mobile Ordering,Arby's | Pilot Eats EXPRESS
354,Pilot Travel Center,819 Buck Creek Rd,Simpsonville,KY,40067,"I-64, Exit 28",38.210181957952784,-85.34812994171621,(502) 722-5636,25,7,7,Diesel Lanes | Showers | Diesel Mobile Fueling | Premium Wifi | ATM | CAT Scale | Check Cashing | Cylinder Propane | DEF Lanes | Game Room | Lottery | Pegasus | Public Laundry | Truck Parking Spaces | Mobile Ordering,Wendy's | Pilot Eats EXPRESS
411,Pilot Travel Center,921 Murfreesboro Rd,Lebanon,TN,37090,"I-40, Exit 238",36.1791753,-86.2994386,(615) 453-8866,150,8,8,Diesel Lanes | Showers | Prime Parking Spaces | Diesel Mobile Fueling | Premium Wifi | ATM | Barber Shop | CAT Scale | Check Cashing | Cylinder Propane | DEF Lanes | Lottery | Pegasus | Public Laundry | Truck Parking Spaces | Electric Vehicle Charging Station | Southern Tire Mart at Pilot / Truck Care | Mobile Ordering,Cinnabon | Subway | Pilot Eats
425,Pilot Travel Center,33333 Blue Star Hwy,Midway,FL,32343,"I-10, Exit 192",30.48546795851514,-84.42098149206544,(850) 576-3200,90,7,7,Diesel Lanes | Showers | Prime Parking Spaces | Diesel Mobile Fueling | Premium Wifi | ATM | CAT Scale | Check Cashing | Cylinder Propane | DEF Lanes | Game Room | Lottery | Pegasus | Public Laundry | Truck Parking Spaces | Bridgestone Tire Monitoring | Mobile Ordering,Subway | Pilot Eats EXPRESS
440,Pilot Travel Center,205 Pendleton Rd,Pendleton,KY,40055,"I-71, Exit 28",38.4544402,-85.2972028,(502) 743-5222,100,7,5,Diesel Lanes | Showers | Prime Parking Spaces | Diesel Mobile Fueling | Premium Wifi | ATM | CAT Scale | Check Cashing | Cylinder Propane | DEF Lanes | Game Room | Lottery | Pegasus | Public Laundry | Truck Parking Spaces | Electric Vehicle Charging Station | Mobile Ordering,Subway | Pilot Eats EXPRESS
458,Pilot Travel Center,619 S Sunshine Blvd,Eloy,AZ,85131,"I-10, Exit 208",32.73862986383351,-111.54938280125809,(520) 466-7550,82,8,5,Diesel Lanes | Showers | Diesel Mobile Fueling | Premium Wifi | ATM | CAT Scale | Check Cashing | DEF Lanes | Game Room | Lottery | Pegasus | Public Laundry | Truck Parking Spaces | Southern Tire Mart at Pilot / Truck Care | Mobile Ordering,Cinnabon | Subway | Pilot Eats EXPRESS
460,Pilot Travel Center,400 S Morgan Rd,Oklahoma City,OK,73128,"I-40, Exit 140",35.461839064003144,-97.68791898153074,(405) 440-1048,145,10,10,Diesel Lanes | Showers | Prime Parking Spaces | Diesel Mobile Fueling | Premium Wifi | ATM | CAT Scale | Check Cashing | Cylinder Propane | DEF Lanes | Game Room | Lottery | Pegasus | Public Laundry | Truck Parking Spaces | Bridgestone Tire Monitoring | Southern Tire Mart at Pilot / Truck Care | Mobile Ordering,McDonalds | Pilot Eats
571,Flying J Travel Center,2460 US-60,Charleston,MO,63834,"I-57, Exit 12",36.9222008,-89.3139328,(573) 683-4153,84,9,7,Diesel Lanes | Showers | Prime Parking Spaces | Diesel Mobile Fueling | Premium Wifi | ATM | CAT Scale | Check Cashing | Cylinder Propane | DEF Lanes | Drivers Lounge | Game Room | Lottery | Pegasus | Public Laundry | Truck Parking Spaces | Mobile Ordering,Cinnabon | Huddle House | Pilot Eats
581,Pilot Travel Center,11650 Courthouse Blvd,Inver Grove Heights,MN,55077,US-52 & 117th St,44.780871643691896,-93.03365395828342,(651) 438-3397,40,5,3,Electric Vehicle Charging Station | Mobile Ordering,Pilot Eats
606,Flying J Travel Center,8300 State Hwy 108,Texarkana,AR,71854,"I-30, Exit 7",33.512894836460354,-93.9482731552601,(870) 774-3595,155,10,12,Diesel Lanes | Showers | Prime Parking Spaces | Diesel Mobile Fueling | Premium Wifi | ATM | CAT Scale | Check Cashing | Cylinder Propane | DEF Lanes | Drivers Lounge | Game Room | Lottery | Pegasus | Public Laundry | Truck Parking Spaces | Electric Vehicle Charging Station | Bridgestone Tire Monitoring | Southern Tire Mart at Pilot / Truck Care | Mobile Ordering,Pilot Eats
622,Flying J Travel Center,100 N Kings Hwy,Fort Pierce,FL,34945,"I-95, Exit 131",27.448956010822528,-80.3977813214264,(772) 461-0091,156,12,15,Diesel Lanes | Showers | Prime Parking Spaces | Diesel Mobile Fueling | Premium Wifi | ATM | Barber Shop | Bulk Propane | CAT Scale | Check Cashing | DEF Lanes | Drivers Lounge | Game Room | Lottery | Pegasus | Public Laundry | Truck Parking Spaces | Electric Vehicle Charging Station | Bridgestone Tire Monitoring | Mobile Ordering,Denny's | Subway | Pilot Eats
659,Flying J Travel Center,2250 N Ohio St,Salina,KS,67401,"I-70, Exit 253",38.87912477544829,-97.59248386375428,(785) 825-5300,120,8,9,Diesel Lanes | Showers | Prime Parking Spaces | Diesel Mobile Fueling | ATM | Bulk Propane | CAT Scale | Check Cashing | Cylinder Propane | DEF Lanes | Drivers Lounge | Game Room | Lottery | Pegasus | Public Laundry | Truck Parking Spaces | Electric Vehicle Charging Station | Mobile Ordering,Huddle House | Pilot Eats
703,Flying J Travel Center,701 S Morgan Rd,Oklahoma City,OK,73128,"I-40, Exit 140",35.458788815187084,-97.69044622949981,(405) 324-5000,172,12,15,Diesel Lanes | Showers | Prime Parking Spaces | Diesel Mobile Fueling | Premium Wifi | ATM | Barber Shop | Bulk Propane | CAT Scale | Check Cashing | Cylinder Propane | DEF Lanes | Drivers Lounge | Game Room | Lottery | Pegasus | Public Laundry | Truck Parking Spaces | Electric Vehicle Charging Station | Bridgestone Tire Monitoring | Mobile Ordering,Pilot Eats
735,Flying J Travel Center,7112 I-10 W,Orange,TX,77632,"I-10, Exit 873",30.11643183615357,-93.81964042936096,(409) 883-9465,150,12,14,Diesel Lanes | Showers | Prime Parking Spaces | Diesel Mobile Fueling | Premium Wifi | ATM | Bulk Propane | CAT Scale | Check Cashing | Cylinder Propane | DEF Lanes | Drivers Lounge | Game Room | Lottery | Pegasus | Public Laundry | Truck Parking Spaces | Electric Vehicle Charging Station | Bridgestone Tire Monitoring | Mobile Ordering,Denny's | Pilot Eats
733,Flying J Travel Center,602 4th St,Lubbock,TX,79401,"I-27, Exit 4",33.593171290052105,-101.84114527198265,(806) 744-0539,69,5,4,Electric Vehicle Charging Station | Mobile Ordering,Subway | Pilot Eats
753,Mr. Fuel Travel Center,23818 Rogers Clark Blvd,Ruther Glen,VA,22546,"I-95, Exit 104",37.9395098,-77.4658284,(804) 448-0410,35,10,4,Diesel Lanes | Showers | Diesel Mobile Fueling | Premium Wifi | ATM | CAT Scale | Check Cashing | DEF Lanes | Lottery | Pegasus | Truck Parking Spaces | Mobile Ordering,Pilot Eats EXPRESS
742,Flying J Travel Center,1605 East Saddleback Blvd.,Tooele,UT,84074,I-80 Exit 99,40.685850974129416,-112.26691307548046,(801) 508-7400,130,8,9,Diesel Lanes | Showers | Prime Parking Spaces | Diesel Mobile Fueling | ATM | Bulk Propane | CAT Scale | Check Cashing | Cylinder Propane | DEF Lanes | Drivers Lounge | Game Room | Pegasus | Public Laundry | Truck Parking Spaces | Electric Vehicle Charging Station | Bridgestone Tire Monitoring | Southern Tire Mart at Pilot / Truck Care | Mobile Ordering,Denny's | Pilot Eats
788,Flying J Travel Center,4100 Portage Ave,Headingley,MB,R4H 1C5,Hwy 1 & Camp Manitou Rd,49.87751925571946,-97.33989645630032,(204) 202-1198,150,8,14,Diesel Lanes | Showers | Prime Parking Spaces | Diesel Mobile Fueling | ATM | CAT Scale | Check Cashing | DEF Lanes | Drivers Lounge | Game Room | Lottery | Pegasus | Public Laundry | Truck Parking Spaces,Denny's | Pilot Eats
875,Flying J Travel Center,221 Belle Hill Rd,Elkton,MD,21921,"I-95, Exit 109A",39.63836410068015,-75.80598211474991,(410) 398-0287,230,16,12,Electric Vehicle Charging Station | Mobile Ordering,Golden Corral | Pilot Eats
912,Pilot Travel Center,11775 NE-11,Wood River,NE,68883,"I-80, Exit 300",40.76014610185849,-98.58683195833588,(308) 583-2493,29,7,5,Electric Vehicle Charging Station | Mobile Ordering,Subway | Pilot Eats
1012,Pilot Travel Center,1300 N Grand Ave,Mount Pleasant,IA,52641,US-218 & US-34,40.9820445029456,-91.53934192451952,(319) 385-1440,72,7,5,Diesel Lanes | Showers | Prime Parking Spaces | Diesel Mobile Fueling | Premium Wifi | ATM | CAT Scale | Cylinder Propane | DEF Lanes | Drivers Lounge | Lottery | Pegasus | Public Laundry | Truck Parking Spaces | Mobile Ordering,Arby's | Pilot Eats
963,ONE9 Dealer,3709 S Geiger Blvd,Spokane,WA,99224,"I-90, Exit 276",47.620534040409396,-117.50694794973754,(509) 215-5016,2,3,0,Diesel Lanes | Showers | Diesel Mobile Fueling | Premium Wifi | ATM | CAT Scale | Check Cashing | Drivers Lounge | Lottery | Truck Parking Spaces,
144,Pilot Travel Center,2975 Gun Club Rd,Augusta,GA,30907,"I-20, Exit 200",33.524163,-82.033391,(706) 667-6557,90,8,6,Diesel Lanes | Showers | Prime Parking Spaces | Diesel Mobile Fueling | Premium Wifi | ATM | CAT Scale | Check Cashing | DEF Lanes | Game Room | Lottery | Pegasus | Public Laundry | Truck Parking Spaces | Electric Vehicle Charging Station | Bridgestone Tire Monitoring | Mobile Ordering,Wendy's | Pilot Eats EXPRESS
29,Pilot Travel Center,6900 N Old US-27,Fremont,IN,46737,"I-90/69, Exit 357",41.744137388831916,-84.99975084449656,(260) 833-1987,130,11,7,Electric Vehicle Charging Station | Southern Tire Mart at Pilot / Truck Care | Mobile Ordering,Wendy's | Pilot Eats
11,Pilot Travel Center,10920 Market St,North Lima,OH,44452,"I-76, Exit 232",40.959842,-80.660301,(330) 549-9203,50,6,5,Diesel Lanes | Showers | Prime Parking Spaces | Diesel Mobile Fueling | Premium Wifi | ATM | CAT Scale | Check Cashing | Cylinder Propane | DEF Lanes | Game Room | Lottery | Pegasus | Public Laundry | Truck Parking Spaces | Mobile Ordering,McDonalds | Pilot Eats EXPRESS
236,Pilot Travel Center,301 Ridge Rd,Minooka,IL,60447,"I-80, Exit 122",41.4607044,-88.2721814,(815) 467-4416,100,8,8,Diesel Lanes | Showers | Prime Parking Spaces | Diesel Mobile Fueling | Premium Wifi | ATM | CAT Scale | Check Cashing | Cylinder Propane | DEF Lanes | Game Room | Lottery | Pegasus | Public Laundry | Truck Parking Spaces | Electric Vehicle Charging Station | Bridgestone Tire Monitoring | Mobile Ordering,Arby's | Cinnabon | Pilot Eats EXPRESS
238,Pilot Travel Center,2495 210th Ave,Percival,IA,51648,"I-29, Exit 10",40.69022432454956,-95.79240593121338,(712) 382-2224,50,7,7,Diesel Lanes | Showers | Diesel Mobile Fueling | Premium Wifi | ATM | CAT Scale | Check Cashing | DEF Lanes | Lottery | Pegasus | Public Laundry | Truck Parking Spaces | Mobile Ordering,Subway | Pilot Eats
243,Pilot Travel Center,4304 1st Ave,Nitro,WV,25143,"I-64, Exit 45",38.4436739,-81.8306979,(304) 755-8654,50,6,6,Diesel Lanes | Showers | Prime Parking Spaces | Diesel Mobile Fueling | Premium Wifi | ATM | CAT Scale | Check Cashing | Cylinder Propane | DEF Lanes | Game Room | Lottery | Pegasus | Public Laundry | Truck Parking Spaces | Mobile Ordering,Arby's | Pilot Eats EXPRESS
293,Pilot Travel Center,2020 SW Hwy 484,Ocala,FL,34473,"I-75/FL-484, Exit 341",29.02513864695603,-82.15903012349477,(352) 347-8555,50,7,4,Diesel Lanes | Showers | Prime Parking Spaces | Diesel Mobile Fueling | Premium Wifi | ATM | CAT Scale | Check Cashing | Cylinder Propane | DEF Lanes | Lottery | Pegasus | Truck Parking Spaces | Bridgestone Tire Monitoring | Mobile Ordering,Cinnabon | Wendy's | Pilot Eats EXPRESS
300,Pilot Travel Center,2111 SW Railroad Ave,Hammond,LA,70403,"I-12/55, Exit 40",30.4775468,-90.4562919,(985) 323-5739,60,7,5,Diesel Lanes | Showers | Prime Parking Spaces | Diesel Mobile Fueling | Premium Wifi | ATM | CAT Scale | Check Cashing | Cylinder Propane | DEF Lanes | Game Room | Lottery | Pegasus | Public Laundry | Truck Parking Spaces | Bridgestone Tire Monitoring | Mobile Ordering,Arby's | Pilot Eats EXPRESS
297,ONE9 Travel Center,5555 E Margaret Ave,Terre Haute,IN,47803,"I-70 & IN-46, Exit 11B",39.43329431727441,-87.33216018650816,(812) 877-9977,50,7,5,Diesel Lanes | Showers | Prime Parking Spaces | Diesel Mobile Fueling | Premium Wifi | ATM | CAT Scale | Check Cashing | DEF Lanes | Game Room | Lottery | Pegasus | Truck Parking Spaces | Mobile Ordering,Subway | Pilot Eats EXPRESS
305,Flying J Travel Center,1 Giant Crossing,Jamestown,NM,87347,"I-40, Exit 39",35.480882653625294,-108.43280238161468,(505) 722-6655,450,12,16,Electric Vehicle Charging Station | Mobile Ordering,Cinnabon | Subway | Pilot Eats
375,Pilot Travel Center,4440 N McCarty St,Houston,TX,77013,"I-610, Exit 24A",29.800299216049957,-95.26764981916281,(713) 675-3375,98,8,7,Diesel Lanes | Showers | Prime Parking Spaces | Diesel Mobile Fueling | Premium Wifi | ATM | CAT Scale | Check Cashing | DEF Lanes | Game Room | Lottery | Pegasus | Public Laundry | Truck Parking Spaces | Electric Vehicle Charging Station | Bridgestone Tire Monitoring | Mobile Ordering,McDonalds | Pilot Eats EXPRESS
408,Pilot Travel Center,3000 Chestnut Ridge Rd,Grantsville,MD,21536,"I-68, Exit 22",39.69221982196893,-79.10023475330352,(301) 895-4536,38,7,7,Diesel Lanes | Showers | Diesel Mobile Fueling | Premium Wifi | ATM | CAT Scale | Check Cashing | Cylinder Propane | DEF Lanes | Game Room | Lottery | Pegasus | Public Laundry | Truck Parking Spaces | Mobile Ordering,Arby's | Cinnabon | Pilot Eats EXPRESS
421,Pilot Travel Center,142 Carbondale Rd SW,Dalton,GA,30721,"I-75, Exit 326",34.65572578117535,-84.98030318278049,(706) 370-4060,90,10,4,Diesel Lanes | Showers | Prime Parking Spaces | Diesel Mobile Fueling | Premium Wifi | ATM | CAT Scale | Check Cashing | Cylinder Propane | DEF Lanes | Game Room | IdleAir | Lottery | Pegasus | Public Laundry | Truck Parking Spaces | Southern Tire Mart at Pilot / Truck Care | Mobile Ordering,McDonalds | Subway | Pilot Eats
428,Pilot Travel Center,300 Well Rd,West Monroe,LA,71292,"I-20, Exit 112",32.5078943246877,-92.19246159259033,(318) 329-3590,100,9,5,Electric Vehicle Charging Station | Mobile Ordering,Subway | Pilot Eats EXPRESS
518,Flying J Travel Center,2210 Camp Swatara Rd,Myerstown,PA,17067,"I-78, Exit 10",40.46335168778975,-76.33972927049726,(717) 933-4146,140,11,13,Diesel Lanes | Showers | Prime Parking Spaces | Diesel Mobile Fueling | Premium Wifi | ATM | CAT Scale | Cylinder Propane | DEF Lanes | Game Room | IdleAir | Lottery | Pegasus | Public Laundry | Truck Parking Spaces | Electric Vehicle Charging Station | Bridgestone Tire Monitoring | Mobile Ordering,Cinnabon | Subway | Pilot Eats
573,Pilot Travel Center,2000 FM 1488,Hempstead,TX,77445,US-290 & FM 1488,30.108564976257348,-96.04759399426581,(979) 291-2440,46,8,5,Diesel Lanes | Showers | Prime Parking Spaces | Diesel Mobile Fueling | ATM | CAT Scale | Check Cashing | Cylinder Propane | DEF Lanes | Lottery | Public Laundry | Truck Parking Spaces | Electric Vehicle Charging Station | Mobile Ordering,Subway | Pilot Eats
608,Flying J Travel Center,I-10 Exit 1 Frontage Road N.,Ehrenberg,AZ,85334,"I-10, Exit 1",33.601605771178335,-114.52286345634462,(928) 923-9600,66,10,14,Diesel Lanes | Showers | Prime Parking Spaces | Diesel Mobile Fueling | ATM | Bulk Propane | CAT Scale | CB Shop | Check Cashing | DEF Lanes | Drivers Lounge | Game Room | Lottery | Pegasus | Public Laundry | Truck Parking Spaces | Bridgestone Tire Monitoring | Mobile Ordering,Wendy's | Pilot Eats
640,Flying J Travel Center,5350 US-93,Jerome,ID,83338,"I-84, Exit 173",42.64947954795628,-114.44270905464839,(208) 324-3454,100,8,6,Diesel Lanes | Showers | Prime Parking Spaces | Diesel Mobile Fueling | Premium Wifi | ATM | Bulk Propane | CAT Scale | Check Cashing | Cylinder Propane | DEF Lanes | Drivers Lounge | Game Room | Lottery | Pegasus | Public Laundry | Truck Parking Spaces | Truck Wash | Electric Vehicle Charging Station | Bridgestone Tire Monitoring | Mobile Ordering,Cinnabon | Pilot Eats
719,Mr. Fuel Travel Center,2945 Burr St,Gary,IN,46406,"I-94, Exit 6",41.56538257363288,-87.40252066679537,(219) 844-0502,17,8,7,Diesel Lanes | Showers | Prime Parking Spaces | Diesel Mobile Fueling | Premium Wifi | ATM | CAT Scale | Check Cashing | DEF Lanes | Lottery | Pegasus | Truck Parking Spaces | Electric Vehicle Charging Station | Mobile Ordering,Pilot Eats
741,Flying J Travel Center,2311 Old Jacksboro Hwy,Wichita Falls,TX,76301,US-287 & Old Jacksboro Hwy,33.89034795140986,-98.48283906011662,(940) 720-0598,50,5,5,Diesel Lanes | Showers | Prime Parking Spaces | Diesel Mobile Fueling | Premium Wifi | ATM | Bulk Propane | CAT Scale | Check Cashing | DEF Lanes | Drivers Lounge | Game Room | Lottery | Pegasus | Public Laundry | Truck Parking Spaces | Southern Tire Mart at Pilot / Truck Care | Mobile Ordering,Wendy's | Pilot Eats
774,Flying J Travel Center,90 S Stone Rd,Snowville,UT,84336,"I-84, Exit 7",41.9635939,-112.7095853,(435) 990-5135,36,3,3,Diesel Lanes | Showers | Prime Parking Spaces | Diesel Mobile Fueling | Premium Wifi | ATM | Check Cashing | Cylinder Propane | DEF Lanes | Pegasus | Truck Parking Spaces | Electric Vehicle Charging Station | Mobile Ordering,Pilot Eats
785,Flying J Travel Center,11511 40 St SE,Calgary,AB,T2Z 4M8,114 Ave SE & 40 St SE,50.949371985060374,-113.97976132226908,(403) 720-0904,128,8,0,Diesel Lanes | Showers | Prime Parking Spaces | Diesel Mobile Fueling | Premium Wifi | ATM | Bulk Propane | CAT Scale | Check Cashing | Cylinder Propane | DEF Lanes | Drivers Lounge | Game Room | Lottery | Pegasus | Public Laundry | Truck Parking Spaces,Denny's | Pilot Eats
791,Flying J Travel Center,3850 Idylwyld Dr N,Saskatoon,SK,S7P 0A1,SK-11 & Marquis Dr,52.19576739849309,-106.66856742460632,(306) 955-6840,85,5,5,Diesel Lanes | Showers | Prime Parking Spaces | Diesel Mobile Fueling | Premium Wifi | ATM | Bulk Propane | CAT Scale | Check Cashing | Cylinder Propane | DEF Lanes | Drivers Lounge | Lottery | Pegasus | Public Laundry | Truck Parking Spaces,Denny's | Pilot Eats
806,Flying J Travel Center,410 Government Rd E,Kapuskasing,ON,P5N 2X7,ON-11,49.39741796949446,-82.36938324232787,(705) 337-1333,40,5,4,Diesel Lanes | Showers | Premium Wifi | ATM | Check Cashing | Cylinder Propane | DEF Lanes | Drivers Lounge | Pegasus | Public Laundry | Truck Parking Spaces,Pilot Eats
864,Shell Flying J Dealer,Jct Hwy 11 & Hwy 44,Davidson,SK,S0G 1A0,SK-11 & Enterprise Ln,51.249696664849424,-105.97236731352257,(306) 567-3222,0,2,0,Diesel Lanes | Showers | Diesel Mobile Fueling | Premium Wifi | ATM | DEF Lanes | Lottery | Pegasus,
895,Flying J Travel Center,21055 West Rd,Woodhaven,MI,48183,"I-75, Exit 32A/B",42.13676883345559,-83.23951225141504,(313) 524-9985,254,7,11,Diesel Lanes | Showers | Diesel Mobile Fueling | Premium Wifi | ATM | Barber Shop | CAT Scale | Check Cashing | DEF Lanes | Drivers Lounge | Game Room | Pegasus | Public Laundry | Truck Parking Spaces | Southern Tire Mart at Pilot / Truck Care | Mobile Ordering,IHOP | Pilot Eats EXPRESS
906,Pilot Licensed Location,602 E 8th Ave,Columbus,MT,59019,"I-90, Exit 408",45.64492725196708,-109.247342193779,(406) 322-4833,8,8,0,Diesel Lanes | Showers | ATM | DEF Lanes | Public Laundry | Truck Parking Spaces,
931,Flying J Licensed Location,4200 N I-90 Service Rd,Rapid City,SD,57701,"I-90, Exit 61",44.103422478945994,-103.14955142195129,(605) 342-5450,125,8,0,Diesel Lanes | Showers | Diesel Mobile Fueling | Premium Wifi | ATM | CAT Scale | Check Cashing | DEF Lanes | Drivers Lounge | Game Room | Lottery | Public Laundry | Truck Parking Spaces,
1083,Pilot Travel Center,100 S Poplar St,Stratford,TX,79084,US-287 & US-54,36.33107864988914,-102.07354320251804,(806) 395-4652,62,7,4,Diesel Lanes | Showers | Prime Parking Spaces | Diesel Mobile Fueling | Premium Wifi | ATM | CAT Scale | Check Cashing | Cylinder Propane | DEF Lanes | Game Room | Lottery | Pegasus | Public Laundry | Truck Parking Spaces | Mobile Ordering,Subway | Pilot Eats
1114,Pilot Travel Center,1050 Busse Rd,Bensenville,IL,60106,"I-290, Exit 3",41.98805371515785,-87.96037550429915,(630) 521-0218,15,6,0,Diesel Lanes | Diesel Mobile Fueling | Premium Wifi | ATM | CAT Scale | Check Cashing | Cylinder Propane | DEF Lanes | Lottery | Pegasus | Truck Parking Spaces | Bridgestone Tire Monitoring | Mobile Ordering,Pilot Eats
1135,Pilot Travel Center,1419 US-281,Falfurrias,TX,78355,"US-281, Exit FM 3066",27.211821,-98.1414383,(361) 325-1166,44,6,3,Diesel Lanes | Showers | Prime Parking Spaces | Diesel Mobile Fueling | Premium Wifi | ATM | CAT Scale | Check Cashing | Cylinder Propane | DEF Lanes | Drivers Lounge | Game Room | Lottery | Pegasus | Public Laundry | Truck Parking Spaces | Mobile Ordering,Pilot Eats
1140,Pilot Travel Center,8221 US-287,Rhome,TX,76078,US-287 & Illinois St,33.10222000200688,-97.47029824232789,(817) 636-5630,52,6,5,Diesel Lanes | Showers | Prime Parking Spaces | Diesel Mobile Fueling | Premium Wifi | ATM | CAT Scale | Check Cashing | Cylinder Propane | DEF Lanes | Lottery | Pegasus | Public Laundry | Truck Parking Spaces | Mobile Ordering,Pilot Eats
72,Mr. Fuel Travel Center,1504 Dean Forest Rd,Savannah,GA,31408,"I-16, Exit 160",32.072302,-81.199597,(912) 964-5280,0,5,1,Diesel Lanes | Showers | Diesel Mobile Fueling | Premium Wifi | ATM | CAT Scale | Check Cashing | DEF Lanes | Lottery | Pegasus | Mobile Ordering,Subway | Pilot Eats EXPRESS
47,Pilot Travel Center,259 Cherry Blossom Way,Georgetown,KY,40324,"I-75, Exit 129",38.27672724577639,-84.56014385515596,(502) 868-7427,90,8,5,Diesel Lanes | Showers | Prime Parking Spaces | Diesel Mobile Fueling | Premium Wifi | ATM | CAT Scale | Check Cashing | Cylinder Propane | DEF Lanes | Game Room | Lottery | Pegasus | Public Laundry | Truck Parking Spaces | Mobile Ordering,McDonalds | Pilot Eats EXPRESS
271,Pilot Travel Center,2501 Burr St,Gary,IN,46406,"I-80/94, Exit 6",41.57311335096673,-87.40281201852419,(219) 844-2661,215,10,8,Diesel Lanes | Showers | Prime Parking Spaces | Diesel Mobile Fueling | Premium Wifi | ATM | CAT Scale | Check Cashing | Cylinder Propane | DEF Lanes | Game Room | Lottery | Pegasus | Public Laundry | Truck Parking Spaces | Truck Wash | Bridgestone Tire Monitoring | Southern Tire Mart at Pilot / Truck Care | Mobile Ordering,Subway | Pilot Eats
281,Pilot Travel Center,2786 Salt Springs Rd,Girard,OH,44420,"I-80, Exit 226",41.140321413689506,-80.71888217038428,(330) 530-8500,80,9,7,Electric Vehicle Charging Station | Mobile Ordering,Pilot Eats
338,Pilot Travel Center,3008 Highway 321,West Columbia,SC,29033,"I-26/77, Exit 115",33.92997680457457,-81.07820195441835,(803) 739-2921,90,7,5,Electric Vehicle Charging Station | Mobile Ordering,Cinnabon | Wendy's | Pilot Eats EXPRESS
388,Pilot Travel Center,1555 Tommy Webb Dr,Meridian,MS,39307,"I-20/59, Exit 151",32.34617329314127,-88.72819891769377,(601) 484-5106,100,10,7,Electric Vehicle Charging Station | Southern Tire Mart at Pilot / Truck Care | Mobile Ordering,Cinnabon | Subway | Pilot Eats
488,Flying J Travel Center,921 N I-35,Cotulla,TX,78014,"I-35, Exit 69",28.45260814175459,-99.23839607675094,(830) 879-5363,77,8,7,Diesel Lanes | Showers | Prime Parking Spaces | Diesel Mobile Fueling | Premium Wifi | ATM | CAT Scale | Cylinder Propane | DEF Lanes | Game Room | Lottery | Pegasus | Public Laundry | Truck Parking Spaces | Electric Vehicle Charging Station | Mobile Ordering,Cinnabon | Subway | Pilot Eats
500,Pilot Travel Center,8067 FL-6,Jasper,FL,32052,"I-75, Exit 460",30.5163005,-83.0587583,(386) 638-1635,90,10,9,Electric Vehicle Charging Station | Mobile Ordering,Cinnabon | Subway | Pilot Eats
584,Flying J Travel Center,12334 Ehlen Road NE,Aurora,OR,97002,"I-5, Exit 278",45.23369678531548,-122.80997199272919,(503) 678-1262,51,9,7,Electric Vehicle Charging Station | Mobile Ordering,Cinnabon | Subway | Pilot Eats
627,Flying J Travel Center,2990 US-17,Brunswick,GA,31523,"I-95, Exit 29",31.14016746021323,-81.57832099692367,(912) 280-0006,150,12,15,Diesel Lanes | Showers | Prime Parking Spaces | Diesel Mobile Fueling | Premium Wifi | ATM | Bulk Propane | CAT Scale | Check Cashing | Cylinder Propane | DEF Lanes | Drivers Lounge | Game Room | Lottery | Pegasus | Public Laundry | Truck Parking Spaces | Electric Vehicle Charging Station | Bridgestone Tire Monitoring | Mobile Ordering,Denny's | Pilot Eats
628,Flying J Travel Center,10226 Old Federal Rd,Carnesville,GA,30521,"I-85, Exit 160",34.34688317905446,-83.32180325377774,(706) 750-9346,190,12,15,Diesel Lanes | Showers | Prime Parking Spaces | Diesel Mobile Fueling | Premium Wifi | ATM | Bulk Propane | CAT Scale | Check Cashing | Cylinder Propane | DEF Lanes | Drivers Lounge | Game Room | Lottery | Pegasus | Public Laundry | Truck Parking Spaces | Bridgestone Tire Monitoring | Mobile Ordering,Pilot Eats
644,Flying J Travel Center,343 Civic Rd,La Salle,IL,61301,"I-80, Exit 77",41.369052821907786,-89.09793148032188,(815) 220-0611,186,12,15,Diesel Lanes | Showers | Prime Parking Spaces | Diesel Mobile Fueling | Premium Wifi | ATM | Barber Shop | Bulk Propane | CAT Scale | Check Cashing | Cylinder Propane | DEF Lanes | Drivers Lounge | Game Room | Lottery | Pegasus | Public Laundry | Truck Parking Spaces | Electric Vehicle Charging Station | Mobile Ordering,Denny's | Pilot Eats
647,Flying J Travel Center,844 E 1250 S,Haubstadt,IN,47639,"I-64, Exit 25B",38.17482536814293,-87.55182097175536,(812) 735-6675,145,8,9,Diesel Lanes | Showers | Prime Parking Spaces | Diesel Mobile Fueling | Premium Wifi | ATM | Bulk Propane | CAT Scale | Check Cashing | Cylinder Propane | DEF Lanes | Drivers Lounge | Game Room | Lottery | Pegasus | Public Laundry | Truck Parking Spaces | Electric Vehicle Charging Station | Mobile Ordering,Denny's | Pilot Eats
649,Flying J Travel Center,1720 W Thompson Rd,Indianapolis,IN,46217,"I-465, Exit 4",39.69333512253321,-86.19047406242677,(317) 783-5543,99,12,13,Diesel Lanes | Showers | Prime Parking Spaces | Diesel Mobile Fueling | Premium Wifi | ATM | Bulk Propane | CAT Scale | Check Cashing | DEF Lanes | Drivers Lounge | Game Room | Lottery | Pegasus | Public Laundry | Truck Parking Spaces | Electric Vehicle Charging Station | Bridgestone Tire Monitoring | Mobile Ordering,Pilot Eats
658,Flying J Travel Center,4215 W US-50,Emporia,KS,66801,"I-35/US-50, Exit 127",38.41117706682587,-96.23709344635468,(620) 343-2717,74,8,8,Electric Vehicle Charging Station | Southern Tire Mart at Pilot / Truck Care | Mobile Ordering,Pilot Eats
747,Pilot Travel Center,1460 N 1750 W,Springville,UT,84663,"I-15, Exit 261",40.1875538466513,-111.64156422090149,(801) 489-3622,80,8,8,Diesel Lanes | Showers | Prime Parking Spaces | Diesel Mobile Fueling | Premium Wifi | ATM | Bulk Propane | CAT Scale | Check Cashing | Cylinder Propane | DEF Lanes | Drivers Lounge | Game Room | Pegasus | Public Laundry | Truck Parking Spaces | Bridgestone Tire Monitoring | Mobile Ordering,Pilot Eats
712,Flying J Travel Center,5901 Fairfield Rd,Columbia,SC,29203,"I-20, Exit 70",34.065036587792896,-81.02361281216432,(803) 735-9006,178,10,15,Electric Vehicle Charging Station | Mobile Ordering,Denny's | Pilot Eats
898,Pilot Dealer,918 W Atlantic St,Emporia,VA,23847,"I-95, Exit 11B",36.7045199441136,-77.55285515344238,(434) 634-4312,300,8,0,Diesel Lanes | Showers | Diesel Mobile Fueling | ATM | CAT Scale | Check Cashing | DEF Lanes | Drivers Lounge | Game Room | Lottery | Pegasus | Public Laundry | Truck Parking Spaces,
804,Flying J Travel Center,1747 Brookside Blvd,Winnipeg,MB,R3C 2E6,MB-90 & Lucas Ave,49.94156,-97.2287621,(204) 400-0215,20,8,1,Diesel Lanes | Showers | Diesel Mobile Fueling | ATM | Check Cashing | DEF Lanes | Lottery | Pegasus | Public Laundry | Truck Parking Spaces,Pilot Eats EXPRESS
910,Pilot Dealer,10800 US-287,Three Forks,MT,59752,"I-90/US-287, Exit 274",45.91676289221713,-111.59936768496725,(406) 285-3104,90,8,0,Diesel Lanes | Showers | ATM | CAT Scale | DEF Lanes | Game Room | Public Laundry | Truck Parking Spaces,
1021,Pilot Travel Center,853 Interchange Dr,Holland,MI,49423,"I-196, Exit 49",42.7406493057177,-86.06987218385316,(616) 741-6199,74,8,7,Diesel Lanes | Showers | Prime Parking Spaces | Diesel Mobile Fueling | Premium Wifi | ATM | CAT Scale | Cylinder Propane | DEF Lanes | Lottery | Pegasus | Public Laundry | Truck Parking Spaces | Mobile Ordering,Arby's | Pilot Eats
1015,Flying J Licensed Location,3150 S Central Ave,Sidney,MT,59270,MT-16 & MT-200/23,47.685512572442676,-104.17646663586257,(406) 433-5182,120,6,0,Diesel Lanes | Showers | ATM | DEF Lanes | Lottery | Public Laundry | Truck Parking Spaces,
1043,Flying J Travel Center,6485 W Overland Dr,Idaho Falls,ID,83402,"I-15, Exit 113",43.43958889966701,-112.11532797492627,(208) 522-4149,97,7,7,Diesel Lanes | Showers | Prime Parking Spaces | Diesel Mobile Fueling | Premium Wifi | ATM | Bulk Propane | CAT Scale | Check Cashing | Cylinder Propane | DEF Lanes | Lottery | Pegasus | Truck Parking Spaces | Electric Vehicle Charging Station | Bridgestone Tire Monitoring | Mobile Ordering,Cinnabon | Subway | Pilot Eats
1222,Stamart Travel Center,3500 12th Ave N,Fargo,ND,58102,"I-29, Exit 66",46.88944341642595,-96.83594404710766,(701) 298-3500,130,8,10,Diesel Lanes | Showers | Diesel Mobile Fueling | Mobile Ordering,Pilot Eats
4555,ONE9 Travel Center,3201 Buttermilk Rd,Cottondale,AL,35453,"I-20, Exit 77",33.17884500765179,-87.44659149938275,(205) 633-2155,68,7,6,Diesel Lanes | Showers | Prime Parking Spaces | Diesel Mobile Fueling | Premium Wifi | CAT Scale | Cylinder Propane | DEF Lanes | Pegasus | Truck Parking Spaces | Bridgestone Tire Monitoring | Mobile Ordering,Wendy's | Pilot Eats EXPRESS
4556,Pilot Travel Center,744 FL-44,Wildwood,FL,34785,"I-75, Exit 329",28.873736500809937,-82.09055893068847,(352) 269-8122,75,8,7,Electric Vehicle Charging Station | Mobile Ordering,Pilot Eats
4557,Pilot Travel Center,11156 GA-106,Carnesville,GA,30521,"I-85, Exit 166",34.39020958743383,-83.22732624239731,(706) 384-3084,72,8,8,Diesel Lanes | Showers | Prime Parking Spaces | Diesel Mobile Fueling | Premium Wifi | CAT Scale | Cylinder Propane | DEF Lanes | Pegasus | Truck Parking Spaces | Electric Vehicle Charging Station | Bridgestone Tire Monitoring | Mobile Ordering,Wendy's | Pilot Eats EXPRESS
4558,Pilot Travel Center,2111 US-41,Calhoun,GA,30701,"I-75, Exit 318",34.558830447781254,-84.93561143220901,(706) 625-4368,84,10,7,Diesel Lanes | Showers | Prime Parking Spaces | Diesel Mobile Fueling | Premium Wifi | CAT Scale | Cylinder Propane | DEF Lanes | Pegasus | Truck Parking Spaces | Mobile Ordering,Wendy's | Pilot Eats EXPRESS
4559,Pilot Travel Center,95 Liberty Rd,Villa Rica,GA,30180,"I-20, Exit 26",33.721652305410835,-84.90310265145112,(770) 456-9941,78,8,5,Diesel Lanes | Showers | Prime Parking Spaces | Diesel Mobile Fueling | Premium Wifi | CAT Scale | Cylinder Propane | DEF Lanes | Pegasus | Truck Parking Spaces | Truck Wash | Bridgestone Tire Monitoring | Mobile Ordering,Subway | Pilot Eats
77,Pilot Travel Center,2520 S Gallatin St,Jackson,MS,39204,"I-55/20, Exit 45",32.273162253881246,-90.19258066004944,(601) 968-9491,120,10,5,Diesel Lanes | Showers | Prime Parking Spaces | Diesel Mobile Fueling | Premium Wifi | ATM | CAT Scale | Check Cashing | DEF Lanes | Game Room | Pegasus | Public Laundry | Truck Parking Spaces | Bridgestone Tire Monitoring | Southern Tire Mart at Pilot / Truck Care | Mobile Ordering,Pilot Eats EXPRESS
12,Pilot Travel Center,3430 Libbey Rd,Perrysburg,OH,43551,"I-80/90, Exit 71",41.52268729754443,-83.46222870809477,(419) 837-5091,23,8,5,Diesel Lanes | Showers | Prime Parking Spaces | Diesel Mobile Fueling | Premium Wifi | ATM | CAT Scale | Check Cashing | Cylinder Propane | DEF Lanes | Lottery | Pegasus | Truck Parking Spaces | Bridgestone Tire Monitoring | Mobile Ordering,McDonalds | Pilot Eats EXPRESS
63,Pilot Travel Center,110 Frontage Rd,Piedmont,SC,29673,"I-85, Exit 35",34.710810394124366,-82.49772280765475,(864) 845-8177,61,9,7,Electric Vehicle Charging Station | Southern Tire Mart at Pilot / Truck Care | Mobile Ordering,McDonalds | Pilot Eats
152,Pilot Travel Center,14013 Blue Lick Rd,Memphis,IN,47143,"I-65, Exit 16",38.491878065365206,-85.77278298153688,(812) 294-4233,45,7,9,Diesel Lanes | Showers | Prime Parking Spaces | Diesel Mobile Fueling | Premium Wifi | ATM | CAT Scale | Check Cashing | Cylinder Propane | DEF Lanes | Game Room | Lottery | Pegasus | Public Laundry | Truck Parking Spaces | Southern Tire Mart at Pilot / Truck Care | Mobile Ordering,Arby's | Pilot Eats EXPRESS
156,Pilot Travel Center,95 Free Henry Ford Rd,Madisonville,KY,42431,"I-69, Exit 108",37.255317,-87.448829,(270) 258-5213,85,7,6,Diesel Lanes | Showers | Prime Parking Spaces | Diesel Mobile Fueling | ATM | CAT Scale | Check Cashing | Cylinder Propane | DEF Lanes | Game Room | Lottery | Pegasus | Public Laundry | Truck Parking Spaces | Electric Vehicle Charging Station | Mobile Ordering,Subway | Pilot Eats EXPRESS
150,Pilot Travel Center,11633 Greencastle Pike,Hagerstown,MD,21740,"I-70, Exit 24",39.6336277,-77.8071174,(301) 582-9004,90,7,8,Diesel Lanes | Showers | Prime Parking Spaces | Diesel Mobile Fueling | Premium Wifi | ATM | CAT Scale | Check Cashing | Cylinder Propane | DEF Lanes | Game Room | Lottery | Pegasus | Truck Parking Spaces | Bridgestone Tire Monitoring | Mobile Ordering,Cinnabon | Subway | Pilot Eats
222,Pilot Travel Center,400 Haynes St,Sturbridge,MA,01566,"I-84, Exit 3",42.06678997007618,-72.10750175851612,(508) 347-9104,108,9,12,Electric Vehicle Charging Station | Mobile Ordering,Cinnabon | Subway | Pilot Eats
298,Pilot Travel Center,1114 PA-93,Drums,PA,18222,"I-80/PA-93, Exit 256",41.02743534611593,-76.07994416375135,(570) 900-2457,45,7,5,Diesel Lanes | Showers | Diesel Mobile Fueling | Premium Wifi | ATM | CAT Scale | Check Cashing | DEF Lanes | Game Room | Lottery | Pegasus | Truck Parking Spaces | Bridgestone Tire Monitoring | Mobile Ordering,Subway | Pilot Eats EXPRESS
406,Pilot Travel Center,9211 Lewisburg Hwy,Cornersville,TN,37047,"I-65, Exit 22",35.30525595924141,-86.88404011772155,(931) 363-3290,20,5,2,Diesel Lanes | Showers | Diesel Mobile Fueling | Premium Wifi | ATM | CAT Scale | Check Cashing | Cylinder Propane | DEF Lanes | Game Room | Lottery | Pegasus | Truck Parking Spaces | Mobile Ordering,Pilot Eats EXPRESS
424,Pilot Travel Center,4032 W Hwy 326,Ocala,FL,34482,"I-75, Exit 358",29.26616378692671,-82.18890931994056,(352) 867-8300,125,9,5,Diesel Lanes | Showers | Prime Parking Spaces | Diesel Mobile Fueling | Premium Wifi | ATM | CAT Scale | Check Cashing | Cylinder Propane | DEF Lanes | Game Room | Lottery | Pegasus | Public Laundry | Truck Parking Spaces | Bridgestone Tire Monitoring | Mobile Ordering,Arby's | Pilot Eats EXPRESS
448,Pilot Travel Center,18011 Colorado St,Hebron,IN,46341,"I-65, Exit 240",41.290344107421696,-87.2951070101934,(219) 696-8265,135,9,7,Diesel Lanes | Showers | Prime Parking Spaces | Diesel Mobile Fueling | Premium Wifi | ATM | CAT Scale | Check Cashing | Cylinder Propane | DEF Lanes | Game Room | Lottery | Pegasus | Public Laundry | Truck Parking Spaces | Bridgestone Tire Monitoring | Mobile Ordering,Cinnabon | Wendy's | Pilot Eats EXPRESS
453,ONE9 Travel Center,909 Hyatt St,Gaffney,SC,29341,"I-85, Exit 90",35.07779887144346,-81.70353344411089,(864) 206-0050,100,9,8,Diesel Lanes | Showers | Prime Parking Spaces | Diesel Mobile Fueling | Premium Wifi | ATM | CAT Scale | Check Cashing | Cylinder Propane | DEF Lanes | Game Room | Lottery | Pegasus | Public Laundry | Truck Parking Spaces | Bridgestone Tire Monitoring | Mobile Ordering,Arby's | Pilot Eats EXPRESS
461,Flying J Travel Center,19325 Essex County Rd 42,Tilbury,ON,N0P 2L0,"ON-401, Exit 56",42.26292725888837,-82.46119072023772,(519) 682-1140,100,6,7,Diesel Lanes | Showers | Prime Parking Spaces | Diesel Mobile Fueling | Premium Wifi | ATM | CAT Scale | Check Cashing | Cylinder Propane | DEF Lanes | Drivers Lounge | Lottery | Pegasus | Public Laundry | Truck Parking Spaces,Pilot Eats EXPRESS
469,Pilot Travel Center,2320 Faircrest St SW,Canton,OH,44706,"I-77, Exit 101",40.749870729682804,-81.40336427099233,(330) 484-3965,130,8,7,Diesel Lanes | Showers | Prime Parking Spaces | Diesel Mobile Fueling | Premium Wifi | ATM | CAT Scale | Check Cashing | DEF Lanes | Drivers Lounge | Game Room | Lottery | Pegasus | Public Laundry | Truck Parking Spaces | Electric Vehicle Charging Station | Mobile Ordering,Cinnabon | Subway | Pilot Eats
599,Pilot Travel Center,601 E 5th St,Murdo,SD,57559,"I-90, Exit 192",43.885668861797484,-100.70491525520802,(605) 578-0057,60,7,4,Diesel Lanes | Showers | Diesel Mobile Fueling | Premium Wifi | ATM | Bulk Propane | CAT Scale | Check Cashing | Cylinder Propane | DEF Lanes | Lottery | Pegasus | Truck Parking Spaces | Mobile Ordering,Subway | Pilot Eats EXPRESS
614,Flying J Travel Center,2611 Fisher Blvd,Barstow,CA,92311,"I-15/40, Exit 178",34.85451188936435,-117.08144318347291,(760) 441-7068,162,10,15,Diesel Lanes | Showers | Prime Parking Spaces | Diesel Mobile Fueling | Premium Wifi | ATM | Bulk Propane | CAT Scale | Check Cashing | DEF Lanes | Game Room | Live Parking | Lottery | Pegasus | Public Laundry | Truck Parking Spaces | Mobile Ordering,Cinnabon | Denny's | Pilot Eats
655,Flying J Travel Center,5300 IN-3,Spiceland,IN,47385,"I-70, Exit 123",39.85182509959719,-85.41292278708778,(765) 932-8887,193,12,13,Diesel Lanes | Showers | Prime Parking Spaces | Diesel Mobile Fueling | Premium Wifi | ATM | Bulk Propane | CAT Scale | Check Cashing | Cylinder Propane | DEF Lanes | Drivers Lounge | Game Room | Lottery | Pegasus | Public Laundry | Truck Parking Spaces | Bridgestone Tire Monitoring | Southern Tire Mart at Pilot / Truck Care | Mobile Ordering,Cinnabon | Denny's | Pilot Eats
660,Flying J Travel Center,15236 KY-180,Catlettsburg,KY,41129,"I-64/KY-180, Exit 185",38.365058541456165,-82.69714917063904,(606) 928-8383,155,8,9,Diesel Lanes | Showers | Prime Parking Spaces | Diesel Mobile Fueling | Premium Wifi | ATM | Bulk Propane | CAT Scale | Check Cashing | Cylinder Propane | DEF Lanes | Drivers Lounge | Game Room | Lottery | Pegasus | Public Laundry | Truck Parking Spaces | Electric Vehicle Charging Station | Mobile Ordering,Denny's | Pilot Eats
685,Flying J Travel Center,3150 39th St SW,Fargo,ND,58104,"I-29, Exit 62",46.83365761048935,-96.84473491667174,(701) 282-7766,168,11,9,Electric Vehicle Charging Station | Mobile Ordering,Cinnabon | Pilot Eats
691,Flying J Travel Center,2021 S Mountain Rd,Tucumcari,NM,88401,"I-40, Exit 333",35.15862611356327,-103.70364481216433,(575) 461-6590,130,8,9,Electric Vehicle Charging Station | Mobile Ordering,Denny's | Pilot Eats
697,Flying J Travel Center,2226 N Main St,Hubbard,OH,44425,"I-80, Exit 234",41.18280827748031,-80.56963496427917,(330) 534-3774,150,12,15,Diesel Lanes | Showers | Prime Parking Spaces | Diesel Mobile Fueling | Premium Wifi | ATM | Bulk Propane | CAT Scale | Check Cashing | Cylinder Propane | DEF Lanes | Drivers Lounge | Game Room | IdleAir | Lottery | Pegasus | Public Laundry | Truck Parking Spaces | Electric Vehicle Charging Station | Bridgestone Tire Monitoring | Mobile Ordering,Cinnabon | Denny's | Pilot Eats
773,Flying J Travel Center,35 E Flying J Dr,Richfield,UT,84701,"I-70, Exit 40",38.78869073559524,-112.0822702552948,(435) 893-6021,50,5,3,Diesel Lanes | Showers | Prime Parking Spaces | Diesel Mobile Fueling | Premium Wifi | ATM | Bulk Propane | Check Cashing | Cylinder Propane | DEF Lanes | Drivers Lounge | Pegasus | Truck Parking Spaces | Bridgestone Tire Monitoring | Mobile Ordering,Pilot Eats
1028,Pilot Travel Center,2605 W Commerce St,Buffalo,TX,75831,"I-45/US-79, Exit 178",31.44852877810874,-96.07867724412823,(903) 322-9034,83,8,7,Diesel Lanes | Showers | Prime Parking Spaces | Diesel Mobile Fueling | Premium Wifi | ATM | CAT Scale | Check Cashing | Cylinder Propane | DEF Lanes | Drivers Lounge | Pegasus | Public Laundry | Truck Parking Spaces | Electric Vehicle Charging Station | Bridgestone Tire Monitoring | Mobile Ordering,Cinnabon | Taco Bell | Pilot Eats
1068,Flying J Travel Center,799 Jedburg Rd,Summerville,SC,29483,"I-26, Exit 194",33.0807751,-80.2105932,(843) 851-2023,44,7,5,Electric Vehicle Charging Station | Mobile Ordering,Wendy's | Pilot Eats
1080,Flying J Travel Center,2275 Sperry Ave,Patterson,CA,95363,"I-5, Exit 434",37.4654568,-121.1647703,(209) 892-9225,124,9,9,Diesel Lanes | Showers | Prime Parking Spaces | Diesel Mobile Fueling | Premium Wifi | ATM | Bulk Propane | CAT Scale | Check Cashing | Cylinder Propane | DEF Lanes | Drivers Lounge | Game Room | Live Parking | Lottery | Pegasus | Public Laundry | Truck Parking Spaces | Electric Vehicle Charging Station | Bridgestone Tire Monitoring | Mobile Ordering,Cinnabon | Wendy's | Pilot Eats
1098,Pilot Express,400 Doremus Ave,Newark,NJ,07105,"I-95, Exit 15E",40.71930232975655,-74.12497705756506,(862) 445-0056,33,9,2,Diesel Lanes | Showers | Prime Parking Spaces | Diesel Mobile Fueling | ATM | CAT Scale | DEF Lanes | Lottery | Pegasus | Truck Parking Spaces | Mobile Ordering,
1205,Pilot Travel Center,4840 E I-20,Monahans,TX,79756,"I-20, Exit 86",31.61434842327614,-102.81154814652318,(432) 223-5839,99,7,5,Diesel Lanes | Showers | Prime Parking Spaces | Diesel Mobile Fueling | ATM | CAT Scale | Check Cashing | DEF Lanes | Lottery | Public Laundry | Truck Parking Spaces | Mobile Ordering,Subway | Pilot Eats EXPRESS
1206,Flying J Travel Center,700 TX-302,Kermit,TX,79745,TX-302 & FM 313,31.853252486607854,-103.06776720864376,(432) 527-0351,81,8,8,Diesel Lanes | Showers | Diesel Mobile Fueling | ATM | CAT Scale | Check Cashing | DEF Lanes | Drivers Lounge | Lottery | Public Laundry | Truck Parking Spaces | Mobile Ordering,Pilot Eats
9,Pilot Travel Center,6830 Franklin Lebanon Rd,Franklin,OH,45005,"I-75, Exit 36",39.542654037902615,-84.29043254773055,(937) 746-4488,200,11,7,Diesel Lanes | Showers | Prime Parking Spaces | Diesel Mobile Fueling | ATM | CAT Scale | Check Cashing | Cylinder Propane | DEF Lanes | Game Room | Lottery | Pegasus | Public Laundry | Truck Parking Spaces | Electric Vehicle Charging Station | Bridgestone Tire Monitoring | Mobile Ordering,Dunkin Donuts | Subway | Pilot Eats EXPRESS
96,Pilot Travel Center,3051 State Rd 60,Okeechobee,FL,34972,"FL Turnpike, Exit 193",27.699496530987037,-80.90167359400827,(863) 251-8350,42,6,3,Diesel Lanes | Showers | Prime Parking Spaces | Diesel Mobile Fueling | ATM | Bulk Propane | CAT Scale | Check Cashing | DEF Lanes | Game Room | Lottery | Pegasus | Public Laundry | Truck Parking Spaces | Electric Vehicle Charging Station | Mobile Ordering,Subway | Pilot Eats EXPRESS
245,ONE9 Travel Center,7961 Linglestown Rd,Harrisburg,PA,17112,"I-81, Exit 77",40.35159879927267,-76.71641504524743,(717) 545-5507,17,6,3,Diesel Lanes | Showers | Diesel Mobile Fueling | Premium Wifi | ATM | CAT Scale | Check Cashing | Cylinder Propane | DEF Lanes | Pegasus | Truck Parking Spaces | Mobile Ordering,Pilot Eats EXPRESS
253,Pilot Travel Center,600 Pennsville Auburn Rd,Carneys Point,NJ,08069,"I-295, Exit 2B",39.68127141189617,-75.47928624944552,(856) 290-7769,25,7,2,Diesel Lanes | Showers | Diesel Mobile Fueling | Premium Wifi | ATM | CAT Scale | Check Cashing | DEF Lanes | Lottery | Pegasus | Truck Parking Spaces | Bridgestone Tire Monitoring | Mobile Ordering,Subway | Pilot Eats EXPRESS
256,Pilot Travel Center,110 River Point Dr,Danville,VA,24540,US-58 & US-29,36.5824395796401,-79.35427469723874,(434) 792-1180,28,6,3,Diesel Lanes | Showers | Prime Parking Spaces | Diesel Mobile Fueling | Premium Wifi | ATM | CAT Scale | Check Cashing | Cylinder Propane | DEF Lanes | Lottery | Pegasus | Truck Parking Spaces | Mobile Ordering,Arby's | Pilot Eats EXPRESS
296,Pilot Travel Center,195 Baker Rd,Dexter,MI,48130,"I-94, Exit 167",42.2961345258701,-83.878968196434,(734) 426-0065,80,8,5,Diesel Lanes | Showers | Prime Parking Spaces | Diesel Mobile Fueling | Premium Wifi | ATM | CAT Scale | Check Cashing | Cylinder Propane | DEF Lanes | Game Room | Lottery | Pegasus | Truck Parking Spaces | Mobile Ordering,Arby's | Pilot Eats EXPRESS
360,Pilot Travel Center,11471 OH-613,Findlay,OH,45840,"I-75, Exit 164",41.136826925351244,-83.66038718114063,(567) 221-7904,80,8,6,Diesel Lanes | Showers | Prime Parking Spaces | Diesel Mobile Fueling | Premium Wifi | ATM | CAT Scale | Check Cashing | Cylinder Propane | DEF Lanes | Game Room | Lottery | Pegasus | Truck Parking Spaces | Electric Vehicle Charging Station | Mobile Ordering,Taco Bell | Pilot Eats
393,Pilot Travel Center,3712 Crabtree Rd,Waynesville,NC,28785,"I-40/NC-209, Exit 24",35.5727,-82.955867,(828) 627-8611,39,6,5,Electric Vehicle Charging Station | Southern Tire Mart at Pilot / Truck Care | Mobile Ordering,Subway | Pilot Eats EXPRESS
431,Pilot Travel Center,2205 TX-62,Orange,TX,77630,"I-10, Exit 873",30.111888582707227,-93.82192220370483,(409) 745-1124,110,7,6,Diesel Lanes | Showers | Prime Parking Spaces | Diesel Mobile Fueling | Premium Wifi | ATM | CAT Scale | Check Cashing | DEF Lanes | Game Room | IdleAir | Lottery | Pegasus | Public Laundry | Truck Parking Spaces | Bridgestone Tire Monitoring | Mobile Ordering,Subway | Wendy's | Pilot Eats EXPRESS
496,ONE9 Travel Center,2086 Atalissa Rd,Atalissa,IA,52720,"I-80, Exit 265",41.644246,-91.149972,(563) 946-3761,43,11,4,Diesel Lanes | Showers | Prime Parking Spaces | Diesel Mobile Fueling | ATM | CAT Scale | Check Cashing | Cylinder Propane | DEF Lanes | Lottery | Pegasus | Truck Parking Spaces | Mobile Ordering,Pilot Eats
504,Pilot Travel Center,3817 US-97,Klamath Falls,OR,97601,US-97,42.256715591146275,-121.79828317787222,(541) 884-0400,48,5,4,Diesel Lanes | Showers | Prime Parking Spaces | Diesel Mobile Fueling | Premium Wifi | ATM | Bulk Propane | CAT Scale | Check Cashing | Cylinder Propane | DEF Lanes | Game Room | Live Parking | Lottery | Pegasus | Public Laundry | Truck Parking Spaces | Mobile Ordering,Subway | Pilot Eats EXPRESS
550,Flying J Travel Center,3800 Highway 2 And 52 W,Minot,ND,58701,"Hwy 2 & 52, Exit 83",48.22421666639354,-101.35096001852416,(701) 839-5061,55,16,4,Diesel Lanes | Showers | Prime Parking Spaces | Diesel Mobile Fueling | Premium Wifi | ATM | CAT Scale | Check Cashing | Cylinder Propane | DEF Lanes | Lottery | Pegasus | Public Laundry | Truck Parking Spaces | Mobile Ordering,Cinnabon | Subway | Pilot Eats
568,Pilot Travel Center,14555 I-35 S,Von Ormy,TX,78073,"I-35, Exit 140",29.279767595648636,-98.66872391401672,(210) 622-9384,64,8,7,Diesel Lanes | Showers | Prime Parking Spaces | Diesel Mobile Fueling | Premium Wifi | ATM | CAT Scale | Check Cashing | Cylinder Propane | DEF Lanes | Drivers Lounge | Game Room | Lottery | Pegasus | Public Laundry | Truck Parking Spaces | Electric Vehicle Charging Station | Bridgestone Tire Monitoring | Mobile Ordering,Subway | Pilot Eats
593,Pilot Travel Center,5570 E Travel Plaza Way,Tucson,AZ,85756,"I-10, Exit 268",32.125744602509016,-110.87417533995057,(520) 663-3348,83,8,7,Diesel Lanes | Showers | Prime Parking Spaces | Diesel Mobile Fueling | Premium Wifi | ATM | CAT Scale | Check Cashing | Cylinder Propane | DEF Lanes | Drivers Lounge | Game Room | Lottery | Pegasus | Public Laundry | Truck Parking Spaces | Electric Vehicle Charging Station | Mobile Ordering,Cinnabon | Subway | Taco Bell | Pilot Eats
652,Flying J Travel Center,520 S State Rd 39,Lebanon,IN,46052,"I-65, Exit 139",40.0323480743644,-86.47280271031188,(765) 483-9755,150,8,11,Electric Vehicle Charging Station | Mobile Ordering,Cinnabon | Pilot Eats
690,Flying J Travel Center,11 Old Hwy 70,Lordsburg,NM,88045,"I-10, Exit 24",32.34113393544301,-108.67738073016359,(575) 286-4798,265,12,9,Electric Vehicle Charging Station | Mobile Ordering,Pilot Eats
695,Flying J Travel Center,420 E Main St,Beaverdam,OH,45808,"I-75, Exit 135",40.832295840216204,-83.9673392043686,(419) 643-8001,150,12,15,Diesel Lanes | Showers | Prime Parking Spaces | Diesel Mobile Fueling | Premium Wifi | ATM | Bulk Propane | CAT Scale | Check Cashing | Cylinder Propane | DEF Lanes | Drivers Lounge | Game Room | IdleAir | Lottery | Pegasus | Public Laundry | Truck Parking Spaces | Electric Vehicle Charging Station | Mobile Ordering,Pilot Eats
701,Pilot Travel Center,2450 Cooper Dr,Ardmore,OK,73401,"I-35, Exit 33",34.200849771061705,-97.16731732870007,(580) 226-3833,136,8,11,Diesel Lanes | Showers | Prime Parking Spaces | Diesel Mobile Fueling | Premium Wifi | ATM | Bulk Propane | CAT Scale | Check Cashing | Cylinder Propane | DEF Lanes | Drivers Lounge | Game Room | Lottery | Pegasus | Public Laundry | Truck Parking Spaces | Electric Vehicle Charging Station | Mobile Ordering,Pilot Eats
706,Flying J Travel Center,121 N 129th E Ave,Tulsa,OK,74116,"I-44, Exit 236",36.1619898,-95.8321554,(918) 437-5477,130,8,9,Electric Vehicle Charging Station | Southern Tire Mart at Pilot / Truck Care | Mobile Ordering,Denny's | Pilot Eats
861,Flying J Travel Center,63100 Flood Hope Rd,Hope,BC,V0X 1L2,"Hwy 1, Exit 168",49.36544678735627,-121.48335242460632,(604) 283-7618,50,10,7,Diesel Lanes | Showers | Diesel Mobile Fueling | Premium Wifi | ATM | CAT Scale | Check Cashing | Cylinder Propane | DEF Lanes | Lottery | Pegasus | Truck Parking Spaces,Subway | Pilot Eats
913,Flying J Travel Center,3231 Adventureland Dr,Altoona,IA,50009,"I-80/US-65, Exit 142",41.65954042222305,-93.49930590053074,(515) 967-7878,350,12,10,Diesel Lanes | Showers | Prime Parking Spaces | Diesel Mobile Fueling | Premium Wifi | ATM | CAT Scale | Check Cashing | Cylinder Propane | DEF Lanes | Drivers Lounge | Game Room | Lottery | Pegasus | Public Laundry | Truck Parking Spaces | Mobile Ordering,Cinnabon | Pilot Eats
1046,Pilot Travel Center,210 US-27,South Bay,FL,33493,US-27 & FL-80,26.666446890605272,-80.7167776411016,(561) 996-1740,24,6,4,Diesel Lanes | Showers | Diesel Mobile Fueling | Premium Wifi | ATM | CAT Scale | Check Cashing | Cylinder Propane | DEF Lanes | Lottery | Pegasus | Public Laundry | Truck Parking Spaces | Electric Vehicle Charging Station | Bridgestone Tire Monitoring | Mobile Ordering,Pilot Eats
1224,ONE9 Travel Center,3936 Miriam Ave,Bismarck,ND,58501,"I-94, Exit 161",46.82943325421127,-100.72928615411641,(701) 289-6786,63,8,4,Diesel Lanes | Showers | Diesel Mobile Fueling | Public Laundry | Mobile Ordering,Pilot Eats
1549,Pilot Travel Center,75750 AL-77,Lincoln,AL,35096,"I-20, Exit 168",33.59356813519607,-86.12147487235261,(205) 763-1531,30,5,0,Diesel Lanes | Prime Parking Spaces | Diesel Mobile Fueling | Cylinder Propane | DEF Lanes | Pegasus | Truck Parking Spaces | Bridgestone Tire Monitoring | Mobile Ordering,Arby's | Pilot Eats EXPRESS
1550,Pilot Travel Center,1600 County Road 437,Cullman,AL,35055,I-65 Exit 304,34.116865025472514,-86.86373995824155,(256) 338-1277,72,8,6,Diesel Lanes | Showers | Prime Parking Spaces | Diesel Mobile Fueling | Premium Wifi | CAT Scale | Cylinder Propane | DEF Lanes | Pegasus | Truck Parking Spaces | Electric Vehicle Charging Station | Bridgestone Tire Monitoring | Mobile Ordering,Wendy's | Pilot Eats EXPRESS
1577,Pilot Travel Center,106 Comfort Ln,Pioneer,TN,37847,"I-75, Exit 141",36.37676975192356,-84.24871166994056,(423) 562-8483,88,6,4,Diesel Lanes | Showers | Prime Parking Spaces | Diesel Mobile Fueling | Premium Wifi | CAT Scale | Cylinder Propane | DEF Lanes | Pegasus | Truck Parking Spaces | Bridgestone Tire Monitoring | Mobile Ordering,Subway | Pilot Eats EXPRESS
97,Flying J Travel Center,175 Northwoods Blvd,Vandalia,OH,45377,"I-75, Exit 64",39.9024827,-84.1927628,(937) 264-8520,100,8,9,Diesel Lanes | Showers | Prime Parking Spaces | Diesel Mobile Fueling | Premium Wifi | ATM | Bulk Propane | CAT Scale | Check Cashing | Cylinder Propane | DEF Lanes | Drivers Lounge | Game Room | Lottery | Pegasus | Public Laundry | Truck Parking Spaces | Bridgestone Tire Monitoring | Mobile Ordering,Cinnabon | Subway | Pilot Eats
57,Pilot Travel Center,1342 Trollingwood Hawfields Rd,Mebane,NC,27302,"I-40/85, Exit 152",36.06567343649865,-79.30987714231613,(919) 563-4999,140,10,6,Diesel Lanes | Showers | Prime Parking Spaces | Diesel Mobile Fueling | Premium Wifi | ATM | CAT Scale | Check Cashing | Cylinder Propane | DEF Lanes | Lottery | Pegasus | Public Laundry | Truck Parking Spaces | Southern Tire Mart at Pilot / Truck Care | Mobile Ordering,Cinnabon | McDonalds | Pilot Eats EXPRESS
94,Pilot Travel Center,26505 Jones Loop Rd,Punta Gorda,FL,33950,"I-75, Exit 161",26.8941468,-82.0092852,(941) 637-3974,39,8,5,Diesel Lanes | Showers | Prime Parking Spaces | Diesel Mobile Fueling | Premium Wifi | ATM | CAT Scale | Check Cashing | DEF Lanes | Game Room | Lottery | Pegasus | Truck Parking Spaces | Bridgestone Tire Monitoring | Mobile Ordering,Arby's | Pilot Eats EXPRESS
131,Pilot Travel Center,2010 W Clay St,Osceola,IA,50213,"I-35, Exit 34",41.040733670367814,-93.79556225165939,(641) 342-8658,80,7,5,Diesel Lanes | Showers | Prime Parking Spaces | Diesel Mobile Fueling | Premium Wifi | ATM | Bulk Propane | CAT Scale | Check Cashing | Cylinder Propane | DEF Lanes | Game Room | Lottery | Pegasus | Public Laundry | Truck Parking Spaces | Mobile Ordering,Pilot Eats EXPRESS
157,Pilot Travel Center,1200 Hillcrest Dr S,Sulphur Springs,TX,75482,"I-30, Exit 122",33.11657298583079,-95.63424129812785,(903) 885-0020,85,7,7,Diesel Lanes | Showers | Prime Parking Spaces | Diesel Mobile Fueling | Premium Wifi | ATM | CAT Scale | Check Cashing | DEF Lanes | Game Room | Lottery | Pegasus | Truck Parking Spaces | Electric Vehicle Charging Station | Bridgestone Tire Monitoring | Mobile Ordering,Arby's | Cinnabon | Pilot Eats
211,Pilot Travel Center,14750 AZ-95,Lake Havasu City,AZ,86404,"I-40/AZ-95, Exit 9",34.728256,-114.315209,(928) 764-2410,85,10,11,Diesel Lanes | Showers | Prime Parking Spaces | Diesel Mobile Fueling | Premium Wifi | ATM | CAT Scale | Check Cashing | Cylinder Propane | DEF Lanes | Game Room | Lottery | Pegasus | Public Laundry | Truck Parking Spaces | Bridgestone Tire Monitoring | Mobile Ordering,Wendy's | Pilot Eats EXPRESS
312,Pilot Travel Center,882 GA-100,Tallapoosa,GA,30176,"I-20/GA-100, Exit 5",33.6825924073037,-85.26285560724183,(770) 574-9922,90,8,6,Diesel Lanes | Showers | Prime Parking Spaces | Diesel Mobile Fueling | Premium Wifi | ATM | CAT Scale | Check Cashing | Cylinder Propane | DEF Lanes | Game Room | Lottery | Pegasus | Public Laundry | Truck Parking Spaces | Electric Vehicle Charging Station | Bridgestone Tire Monitoring | Mobile Ordering,Taco Bell | Pilot Eats EXPRESS
324,Pilot Travel Center,13712 Northwestern Ave,Franksville,WI,53126,"I-94/41, Exit 329",42.7790963547738,-87.95157807147768,(262) 835-2292,80,7,5,Diesel Lanes | Showers | Prime Parking Spaces | Diesel Mobile Fueling | Premium Wifi | ATM | CAT Scale | Check Cashing | DEF Lanes | Game Room | Lottery | Pegasus | Truck Parking Spaces | Electric Vehicle Charging Station | Mobile Ordering,Arby's | Pilot Eats EXPRESS
343,Pilot Travel Center,1497 Piper Ranch Rd,San Diego,CA,92154,CA-905 & CA-125,32.56837388993204,-116.95276544158293,(619) 661-9558,124,8,9,Diesel Lanes | Showers | Prime Parking Spaces | Diesel Mobile Fueling | Premium Wifi | ATM | CAT Scale | Check Cashing | DEF Lanes | Game Room | Live Parking | Lottery | Pegasus | Public Laundry | Truck Parking Spaces | Mobile Ordering,Cinnabon | Wendy's | Pilot Eats EXPRESS
374,Pilot Travel Center,2209 FL-71,Marianna,FL,32448,"I-10/FL-71, Exit 142",30.725566267632836,-85.18662836842249,(850) 482-2148,90,7,7,Electric Vehicle Charging Station | Mobile Ordering,Arby's | Pilot Eats EXPRESS
415,Pilot Travel Center,319 Deer Head Cove Rd,Rising Fawn,GA,30738,"I-59, Exit 4",34.77027117437587,-85.54150639896746,(706) 426-3855,150,10,8,Electric Vehicle Charging Station | Mobile Ordering,Subway | Pilot Eats EXPRESS
436,Pilot Travel Center,715 S Lakeside Dr,Amarillo,TX,79118,"I-40, Exit 75",35.19622555355347,-101.74099161838531,(806) 335-3323,90,11,12,Diesel Lanes | Showers | Prime Parking Spaces | Diesel Mobile Fueling | Premium Wifi | ATM | CAT Scale | Check Cashing | DEF Lanes | Game Room | Lottery | Pegasus | Public Laundry | Truck Parking Spaces | Bridgestone Tire Monitoring | Mobile Ordering,McDonalds | Subway | Pilot Eats EXPRESS
551,Flying J Dealer,16851 I-20 Frontage Rd,Cisco,TX,76437,"I-20/TX-206, Exit 330",32.3738957655586,-99.00722560385358,(254) 442-1040,120,8,0,Diesel Lanes | Showers | Diesel Mobile Fueling | ATM | CAT Scale | Cylinder Propane | DEF Lanes | Game Room | Lottery | Pegasus | Public Laundry | Truck Parking Spaces,
572,Flying J Travel Center,3040 220th St,Williams,IA,50271,"I-35/US-20, Exit 144",42.470164291597285,-93.57187906613157,(515) 516-0821,100,7,7,Diesel Lanes | Showers | Prime Parking Spaces | Diesel Mobile Fueling | Premium Wifi | ATM | CAT Scale | Check Cashing | Cylinder Propane | DEF Lanes | Drivers Lounge | Game Room | Lottery | Pegasus | Public Laundry | Truck Parking Spaces | Electric Vehicle Charging Station | Mobile Ordering,Cinnabon | Subway | Pilot Eats
575,Pilot Travel Center,491 St Mary's Rd,St. Mary's,GA,31558,"I-95, Exit 1",30.760673125363606,-81.64907624610727,(912) 576-8460,235,14,12,Diesel Lanes | Showers | Prime Parking Spaces | Diesel Mobile Fueling | ATM | CAT Scale | Check Cashing | Cylinder Propane | DEF Lanes | Drivers Lounge | Game Room | Lottery | Pegasus | Public Laundry | Truck Parking Spaces | Electric Vehicle Charging Station | Bridgestone Tire Monitoring | Mobile Ordering,Cinnabon | Subway | Pilot Eats
605,Flying J Travel Center,42 Bradley Cove Rd,Russellville,AR,72801,"I-40, Exit 84",35.28320640968396,-93.09000597552921,(479) 890-6161,150,10,15,Diesel Lanes | Showers | Prime Parking Spaces | Diesel Mobile Fueling | Premium Wifi | ATM | Bulk Propane | CAT Scale | Check Cashing | Cylinder Propane | DEF Lanes | Drivers Lounge | Game Room | Lottery | Pegasus | Public Laundry | Truck Parking Spaces | Bridgestone Tire Monitoring | Mobile Ordering,Denny's | Pilot Eats
639,Flying J Travel Center,3636 W 5th Ave,Post Falls,ID,83854,"I-90, Exit 2",47.71129706389365,-116.9968664552138,(208) 773-0593,79,9,8,Diesel Lanes | Showers | Prime Parking Spaces | Diesel Mobile Fueling | Premium Wifi | ATM | Bulk Propane | CAT Scale | Check Cashing | Cylinder Propane | DEF Lanes | Game Room | Lottery | Pegasus | Public Laundry | Truck Parking Spaces | Electric Vehicle Charging Station | Mobile Ordering,Pilot Eats
642,Flying J Travel Center,140 Racehorse Dr,East Saint Louis,IL,62205,"I-255, Exit 17A",38.57589689527482,-90.09891378654287,(618) 337-4579,202,12,15,Electric Vehicle Charging Station | Mobile Ordering,Cinnabon | Pilot Eats
752,Flying J Travel Center,1530 Rest Church Rd,Clear Brook,VA,22624,"I-81, Exit 323",39.29056053857347,-78.08660659512003,(540) 678-3641,144,12,15,Diesel Lanes | Showers | Prime Parking Spaces | Diesel Mobile Fueling | Premium Wifi | ATM | CAT Scale | Cylinder Propane | DEF Lanes | Game Room | Lottery | Pegasus | Public Laundry | Truck Parking Spaces | Electric Vehicle Charging Station | Bridgestone Tire Monitoring | Mobile Ordering,Cinnabon | Denny's | Pilot Eats
770,Flying J Travel Center,1880 W Winnemucca Blvd,Winnemucca,NV,89445,"I-80, Exit 176",40.96024283982466,-117.74815231717929,(775) 623-0111,51,10,10,Diesel Lanes | Showers | Prime Parking Spaces | Diesel Mobile Fueling | Premium Wifi | ATM | Bulk Propane | CAT Scale | Check Cashing | Cylinder Propane | DEF Lanes | Drivers Lounge | Game Room | Pegasus | Public Laundry | Truck Parking Spaces | Bridgestone Tire Monitoring | Mobile Ordering,Cinnabon | Pilot Eats
761,Flying J Travel Center,1920 Harrison Dr,Evanston,WY,82930,"I-80, Exit 3",41.26468712910687,-110.97776037168884,(307) 789-9129,45,7,9,Electric Vehicle Charging Station | Mobile Ordering,Pilot Eats
798,Flying J Travel Center,1291 Cliveden Ave,Annacis Island Delta,BC,V5M 6G4,"BC-91, Exit 9",49.17019808449875,-122.95529727231788,(604) 521-4445,4,8,2,Diesel Lanes | Showers | Diesel Mobile Fueling | ATM | Check Cashing | Cylinder Propane | Drivers Lounge | Lottery | Pegasus | Truck Parking Spaces,Pilot Eats EXPRESS
839,Flying J Travel Center,354 Voyageur Rd,Ste Agathe,MB,R0G 1Y1,MB-305 & MB-75,49.569483,-97.192021,(873) 803-0253,44,7,4,Diesel Lanes | Showers | Diesel Mobile Fueling | Premium Wifi | ATM | CAT Scale | Cylinder Propane | DEF Lanes | Public Laundry | Truck Parking Spaces,Pilot Eats
918,Pilot Travel Center,2783 Deadwood Ave,Rapid City,SD,57702,"I-90, Exit 55",44.11272659584743,-103.2730744950718,(605) 348-7070,75,7,5,Diesel Lanes | Showers | Prime Parking Spaces | Diesel Mobile Fueling | Premium Wifi | ATM | Bulk Propane | CAT Scale | Check Cashing | Cylinder Propane | DEF Lanes | Game Room | Lottery | Pegasus | Public Laundry | Truck Parking Spaces | Mobile Ordering,Subway | Pilot Eats
908,Pilot Licensed Location,1000 Grizzly Trail,Butte,MT,59701,"I-90, Exit 122",46.00500869528673,-112.61161368451691,(406) 723-0088,100,9,10,Diesel Lanes | Showers | ATM | CAT Scale | DEF Lanes | Game Room | Public Laundry | Truck Parking Spaces,
1071,Flying J Travel Center,979 E Paige Ave,Tulare,CA,93274,"CA-99, Exit 85",36.18115255746655,-119.33209320859832,(559) 686-0206,138,9,9,Diesel Lanes | Showers | Prime Parking Spaces | Diesel Mobile Fueling | ATM | Bulk Propane | CAT Scale | Check Cashing | DEF Lanes | Drivers Lounge | Lottery | Public Laundry | Truck Parking Spaces | Mobile Ordering,Wendy's | Pilot Eats
1103,Pilot Travel Center,2430 WA-530,Arlington,WA,98223,"I-5, Exit 208",48.18718488026442,-122.1965614,(360) 654-8324,78,7,5,Diesel Lanes | Showers | Prime Parking Spaces | Diesel Mobile Fueling | ATM | CAT Scale | Check Cashing | Cylinder Propane | DEF Lanes | Lottery | Pegasus | Public Laundry | Truck Parking Spaces | Electric Vehicle Charging Station | Bridgestone Tire Monitoring | Mobile Ordering,Arby's | Pilot Eats
1105,Pilot Travel Center,7349 LA-29,Bunkie,LA,71322,"I-49, Exit 40",30.781150428766693,-92.18722958095093,(318) 545-2003,44,5,4,Diesel Lanes | Showers | Prime Parking Spaces | Diesel Mobile Fueling | Premium Wifi | ATM | CAT Scale | Check Cashing | Cylinder Propane | DEF Lanes | Lottery | Public Laundry | Truck Parking Spaces | Bridgestone Tire Monitoring | Mobile Ordering,Subway | Pilot Eats
1110,Pilot Travel Center,15455 Terrazzo Drive,Colorado Springs,CO,80921,"I-25, Exit 158",39.05563552325797,-104.85360775157261,(719) 487-7555,72,8,5,Electric Vehicle Charging Station | Mobile Ordering,Arby's | Pilot Eats
1134,Pilot Travel Center,3752 US-285 N,Orla,TX,79770,US-285 & RM 652,31.82622244544289,-103.90876848003067,(432) 273-0079,50,6,4,Diesel Lanes | Showers | Diesel Mobile Fueling | Premium Wifi | ATM | CAT Scale | Check Cashing | Cylinder Propane | DEF Lanes | Game Room | Lottery | Truck Parking Spaces | Mobile Ordering,Pilot Eats
1143,Pilot Travel Center,4200 TX-302,Odessa,TX,79764,TX-338 & TX-302,31.87630803824521,-102.42236170681534,(432) 366-0246,26,6,3,Diesel Lanes | Showers | Diesel Mobile Fueling | DEF Lanes | Truck Parking Spaces | Mobile Ordering,Pilot Eats
1146,Pilot Travel Center,2500 S Bickley Ave,Pecos,TX,79772,"I-20, Exit 39",31.401177227926773,-103.5204711031105,(432) 445-0002,9,6,3,Diesel Lanes | Showers | Diesel Mobile Fueling | Premium Wifi | ATM | CAT Scale | Check Cashing | Cylinder Propane | DEF Lanes | Lottery | Pegasus | Public Laundry | Truck Parking Spaces | Mobile Ordering,Pilot Eats
1161,Pilot Travel Center,3145 Meteor Crater Rd,Odessa,TX,79763,"I-20, Exit 108",31.784746060897643,-102.47678897668648,(432) 381-5248,93,8,7,Diesel Lanes | Showers | Prime Parking Spaces | Diesel Mobile Fueling | ATM | CAT Scale | Check Cashing | Cylinder Propane | DEF Lanes | Lottery | Pegasus | Public Laundry | Truck Parking Spaces | Mobile Ordering,Pilot Eats
1209,Pilot Travel Center,2810 Rankin Hwy,Midland,TX,79706,"I-20, Exit 136",31.968319372681513,-102.07351126174396,(432) 687-1658,21,6,5,Diesel Lanes | Showers | Diesel Mobile Fueling | ATM | Check Cashing | DEF Lanes | Lottery | Pegasus | Public Laundry | Truck Parking Spaces | Electric Vehicle Charging Station | Mobile Ordering,Pilot Eats
1147,Pilot Travel Center,127 TX-302,Kermit,TX,79745,TX-115 & TX-302,31.84359900701591,-103.10390373784327,(432) 538-4660,25,6,3,Diesel Lanes | Showers | Diesel Mobile Fueling | Premium Wifi | ATM | CAT Scale | Cylinder Propane | DEF Lanes | Game Room | Lottery | Truck Parking Spaces | Mobile Ordering,Pilot Eats
79,ONE9 Travel Center,2601 S Range Ave,Denham Springs,LA,70726,"I-12, Exit 10",30.45202977898857,-90.95706370674591,(225) 665-4151,49,5,3,Electric Vehicle Charging Station | Mobile Ordering,Subway | Pilot Eats EXPRESS
44,Pilot Travel Center,1701 W Ashley Rd,Boonville,MO,65233,"I-70, Exit 101",38.939392554387254,-92.77396264986932,(660) 882-9120,150,10,8,Diesel Lanes | Showers | Prime Parking Spaces | Diesel Mobile Fueling | Premium Wifi | ATM | CAT Scale | Check Cashing | Cylinder Propane | DEF Lanes | Drivers Lounge | Game Room | IdleAir | Lottery | Pegasus | Public Laundry | Truck Parking Spaces | Electric Vehicle Charging Station | Southern Tire Mart at Pilot / Truck Care | Mobile Ordering,Wendy's | Pilot Eats
40,Pilot Travel Center,2031 W Ryan Rd,Oak Creek,WI,53154,"I-94/41, Exit 322",42.871496,-87.94443,(414) 761-0939,150,10,8,Diesel Lanes | Showers | Prime Parking Spaces | Diesel Mobile Fueling | Premium Wifi | ATM | CAT Scale | Check Cashing | Cylinder Propane | DEF Lanes | Game Room | Lottery | Pegasus | Public Laundry | Truck Parking Spaces | Mobile Ordering,Subway | Pilot Eats
58,ONE9 Travel Center,2032 NC-48,Pleasant Hill,NC,27866,"I-95, Exit 180",36.523299,-77.587281,(252) 537-4476,42,6,4,Diesel Lanes | Showers | Prime Parking Spaces | Diesel Mobile Fueling | ATM | CAT Scale | Check Cashing | DEF Lanes | Lottery | Pegasus | Truck Parking Spaces | Mobile Ordering,Subway | Pilot Eats EXPRESS
35,Pilot Travel Center,6424 W Brick Rd,South Bend,IN,46628,"I-90, Exit 72",41.736021,-86.336832,(574) 272-8212,70,6,5,Diesel Lanes | Showers | Prime Parking Spaces | Diesel Mobile Fueling | Premium Wifi | ATM | CAT Scale | Check Cashing | Cylinder Propane | DEF Lanes | Game Room | Lottery | Pegasus | Truck Parking Spaces | Mobile Ordering,Subway | Pilot Eats EXPRESS
190,Pilot Travel Center,66 NJ-173,Hampton,NJ,08827,"I-78, Exit 12",40.636962,-74.968461,(908) 735-7711,50,7,6,Diesel Lanes | Showers | Diesel Mobile Fueling | ATM | CAT Scale | Check Cashing | Lottery | Pegasus | Public Laundry | Truck Parking Spaces | Bridgestone Tire Monitoring | Mobile Ordering,Cinnabon | Subway | Pilot Eats EXPRESS
192,Pilot Travel Center,4431 Union Rd,Tifton,GA,31794,"I-75, Exit 60",31.4285143262597,-83.51631983015714,(229) 382-7295,200,8,5,Diesel Lanes | Showers | Prime Parking Spaces | Diesel Mobile Fueling | Premium Wifi | ATM | CAT Scale | Check Cashing | DEF Lanes | Game Room | Lottery | Pegasus | Public Laundry | Truck Parking Spaces | Truck Wash | Electric Vehicle Charging Station | Bridgestone Tire Monitoring | Southern Tire Mart at Pilot / Truck Care | Mobile Ordering,Steak N Shake | Subway | Pilot Eats EXPRESS
234,Pilot Travel Center,639 TX-75,Huntsville,TX,77320,"I-45, Exit 118",30.73834790054042,-95.59376862629608,(936) 291-1125,90,8,6,Diesel Lanes | Showers | Prime Parking Spaces | Diesel Mobile Fueling | Premium Wifi | ATM | CAT Scale | Check Cashing | DEF Lanes | Game Room | Lottery | Pegasus | Public Laundry | Truck Parking Spaces | Truck Wash | Bridgestone Tire Monitoring | Mobile Ordering,Wendy's | Pilot Eats EXPRESS
299,Pilot Travel Center,1522 W Market St,Bloomington,IL,61701,"I-55/74, Exit 160",40.48273188250577,-89.01720023949142,(309) 610-0064,80,9,9,Diesel Lanes | Showers | Diesel Mobile Fueling | Premium Wifi | ATM | CAT Scale | Check Cashing | Cylinder Propane | DEF Lanes | Drivers Lounge | Game Room | Lottery | Pegasus | Truck Parking Spaces | Southern Tire Mart at Pilot / Truck Care | Mobile Ordering,Wendy's | Pilot Eats
321,Pilot Travel Center,11229 Frontage Rd,Walton,KY,41094,"I-75/71/KY-338, Exit 175",38.91737631038006,-84.63245170304107,(859) 365-0368,0,6,3,Diesel Lanes | Showers | Diesel Mobile Fueling | Premium Wifi | ATM | CAT Scale | Check Cashing | Cylinder Propane | DEF Lanes | Lottery | Pegasus | Truck Parking Spaces | Mobile Ordering,Pilot Eats EXPRESS
340,Pilot Travel Center,465 Pilot Rd,Fernley,NV,89408,"I-80, Exit 46",39.613715724713494,-119.26588563239028,(775) 575-5115,100,8,7,Diesel Lanes | Showers | Prime Parking Spaces | Diesel Mobile Fueling | Premium Wifi | ATM | CAT Scale | Check Cashing | Cylinder Propane | DEF Lanes | Pegasus | Truck Parking Spaces | Truck Wash | Electric Vehicle Charging Station | Bridgestone Tire Monitoring | Southern Tire Mart at Pilot / Truck Care | Mobile Ordering,Wendy's | Pilot Eats EXPRESS
416,Pilot Travel Center,2201 16th Ave E,Cordele,GA,31015,"I-75, Exit 101",31.959812163411218,-83.7467516368227,(229) 271-5775,60,7,10,Diesel Lanes | Showers | Prime Parking Spaces | Diesel Mobile Fueling | Premium Wifi | ATM | Bulk Propane | CAT Scale | Check Cashing | Cylinder Propane | DEF Lanes | Game Room | Lottery | Pegasus | Public Laundry | Truck Parking Spaces | Electric Vehicle Charging Station | Bridgestone Tire Monitoring | Mobile Ordering,Arby's | Pilot Eats EXPRESS
433,Pilot Travel Center,8787 S Lancaster Rd,Dallas,TX,75241,"I-20, Exit 470",32.64209833143373,-96.78035890978698,(972) 228-2467,146,11,11,Diesel Lanes | Showers | Prime Parking Spaces | Diesel Mobile Fueling | Premium Wifi | ATM | CAT Scale | Check Cashing | DEF Lanes | Game Room | Lottery | Pegasus | Public Laundry | Truck Parking Spaces | Bridgestone Tire Monitoring | Mobile Ordering,Wendy's | Pilot Eats EXPRESS
476,Pilot Travel Center,900 Plaza Ave,Woodhull,IL,61490,"I-74, Exit 32",41.18062583251799,-90.33801015078737,(309) 610-0032,35,7,5,Electric Vehicle Charging Station | Mobile Ordering,Pilot Eats
449,Pilot Travel Center,663 Belmont Morristown Rd,Belmont,OH,43718,"I-70, Exit 208",40.05792171143716,-81.05073331171047,(740) 782-0134,67,8,9,Diesel Lanes | Showers | Diesel Mobile Fueling | Premium Wifi | ATM | CAT Scale | Check Cashing | Cylinder Propane | DEF Lanes | Drivers Lounge | Game Room | Lottery | Pegasus | Public Laundry | Truck Parking Spaces | Electric Vehicle Charging Station | Bridgestone Tire Monitoring | Mobile Ordering,Cinnabon | Subway | Pilot Eats
509,Flying J Dealer,653 W 1400 N,Beaver,UT,84713,"I-15, Exit 112",38.29298144397975,-112.65285621594792,(435) 438-5191,120,8,0,Diesel Lanes | Showers | Prime Parking Spaces | ATM | DEF Lanes | Drivers Lounge | Game Room | Pegasus | Public Laundry | Truck Parking Spaces,
618,Flying J Travel Center,1501 N Jack Tone Rd,Ripon,CA,95366,"CA-99, Exit 237",37.75586653129383,-121.14354611855804,(209) 599-4141,194,12,15,Diesel Lanes | Showers | Prime Parking Spaces | Diesel Mobile Fueling | ATM | Bulk Propane | CAT Scale | Check Cashing | Cylinder Propane | DEF Lanes | Drivers Lounge | Game Room | Live Parking | Lottery | Pegasus | Public Laundry | Truck Parking Spaces | Electric Vehicle Charging Station | Bridgestone Tire Monitoring | Southern Tire Mart at Pilot / Truck Care | Mobile Ordering,Denny's | Pilot Eats
626,Flying J Travel Center,950 FL-206 W,Saint Augustine,FL,32086,"I-95/FL-206, Exit 305",29.74996120681377,-81.34444617182768,(904) 794-0426,99,8,9,Electric Vehicle Charging Station | Southern Tire Mart at Pilot / Truck Care | Mobile Ordering,Cinnabon | Denny's | Subway | Pilot Eats
645,Flying J Travel Center,1310 East Chain Of Rocks Road,Granite City,IL,62040,I-270 & Exit 6,38.75996624680677,-90.06543723037397,(618) 931-1580,185,12,15,Electric Vehicle Charging Station | Mobile Ordering,Cinnabon | Denny's | Pilot Eats
668,Flying J Travel Center,3475 E Washington Rd,Saginaw,MI,48601,"I-75, Exit 151",43.45188561064311,-83.89413353950054,(989) 752-6350,50,5,5,Diesel Lanes | Showers | Prime Parking Spaces | Diesel Mobile Fueling | Premium Wifi | ATM | Bulk Propane | CAT Scale | Check Cashing | Cylinder Propane | DEF Lanes | Drivers Lounge | Game Room | Lottery | Pegasus | Public Laundry | Truck Parking Spaces | Electric Vehicle Charging Station | Mobile Ordering,Wendy's | Pilot Eats
686,Flying J Travel Center,15010 NE-31,Gretna,NE,68028,"I-80, Exit 432",41.09172935755572,-96.2546809325409,(402) 332-4483,155,12,14,Diesel Lanes | Showers | Prime Parking Spaces | Diesel Mobile Fueling | Premium Wifi | ATM | Bulk Propane | CAT Scale | Check Cashing | Cylinder Propane | DEF Lanes | Drivers Lounge | Game Room | Lottery | Pegasus | Public Laundry | Truck Parking Spaces | Mobile Ordering,Denny's | Pilot Eats
711,Flying J Travel Center,1011 N Mountain St,Blacksburg,SC,29702,"I-85, Exit 102",35.14221575282003,-81.5096186659437,(864) 839-5934,148,12,15,Diesel Lanes | Showers | Prime Parking Spaces | Diesel Mobile Fueling | ATM | Barber Shop | Bulk Propane | CAT Scale | Check Cashing | Cylinder Propane | DEF Lanes | Drivers Lounge | Game Room | Lottery | Pegasus | Public Laundry | Truck Parking Spaces | Electric Vehicle Charging Station | Bridgestone Tire Monitoring | Southern Tire Mart at Pilot / Truck Care | Mobile Ordering,Pilot Eats
744,Flying J Travel Center,1172 West 21St Street,Ogden,UT,84401,I-15 Exit 343,41.2306945,-112.0076735,(801) 849-3414,100,8,9,Diesel Lanes | Showers | Prime Parking Spaces | Diesel Mobile Fueling | Premium Wifi | ATM | Bulk Propane | CAT Scale | Check Cashing | Cylinder Propane | DEF Lanes | Drivers Lounge | Pegasus | Public Laundry | Truck Parking Spaces | Electric Vehicle Charging Station | Bridgestone Tire Monitoring | Mobile Ordering,Denny's | Pilot Eats
763,Flying J Travel Center,I-80 Johnson Rd,Rawlins,WY,82301,"I-80, Exit 209",41.778418,-107.3099195,(307) 328-0158,200,10,11,Diesel Lanes | Showers | Prime Parking Spaces | Diesel Mobile Fueling | Premium Wifi | ATM | Bulk Propane | CAT Scale | Check Cashing | Cylinder Propane | DEF Lanes | Drivers Lounge | Game Room | Pegasus | Public Laundry | Truck Parking Spaces | Electric Vehicle Charging Station | Mobile Ordering,Pilot Eats
768,Flying J Travel Center,1300 N Corrington Ave,Kansas City,MO,64120,"I-435, Exit 57",39.1306808,-94.4968222,(816) 483-7600,121,7,8,Diesel Lanes | Showers | Prime Parking Spaces | Diesel Mobile Fueling | Premium Wifi | ATM | Bulk Propane | CAT Scale | Check Cashing | Cylinder Propane | DEF Lanes | Drivers Lounge | Game Room | Lottery | Pegasus | Public Laundry | Truck Parking Spaces | Mobile Ordering,Pilot Eats
784,Flying J Travel Center,1 Center Dr,North East,MD,21901,"I-95, Exit 100",39.6254814074548,-75.95014760199173,(410) 287-7110,185,12,15,Diesel Lanes | Showers | Premium Wifi | ATM | CAT Scale | Cylinder Propane | DEF Lanes | Drivers Lounge | Game Room | Lottery | Pegasus | Public Laundry | Truck Parking Spaces | Bridgestone Tire Monitoring | Mobile Ordering,Denny's | Pilot Eats
786,Flying J Travel Center,50 Pembina Rd,Sherwood Park,AB,T8H 2G9,"Hwy 16, Exit 400C",53.566835326400536,-113.3169472924862,(780) 416-2035,142,8,9,Diesel Lanes | Showers | Diesel Mobile Fueling | Premium Wifi | ATM | Bulk Propane | CAT Scale | Check Cashing | Cylinder Propane | DEF Lanes | Drivers Lounge | Lottery | Pegasus | Public Laundry | Truck Parking Spaces,Denny's | Pilot Eats
805,Flying J Travel Center,1765 Albion Rd,Etobicoke,ON,M9W 5S7,ON-27 & Albion Rd,43.74379548441107,-79.60819996315993,(416) 674-8665,10,4,0,Diesel Lanes | Diesel Mobile Fueling | ATM | Check Cashing | Pegasus | Truck Parking Spaces,Pilot Eats EXPRESS
824,Flying J Travel Center,5329 Govenlock Mountain Rd,Whitecourt,AB,T7S 1G6,AB-43 & Govenlock Rd,54.1365867,-115.695849,(780) 652-1212,41,8,4,Diesel Lanes | Showers | Diesel Mobile Fueling | Premium Wifi | ATM | Cylinder Propane | DEF Lanes | Lottery | Pegasus | Public Laundry | Truck Parking Spaces,Pilot Eats
865,Flying J Dealer,2000 Clements Rd,Pickering,ON,L1W 4A1,"ON-401, Exit 399",43.828488,-79.047768,(905) 428-9700,50,9,0,Diesel Lanes | Showers | Premium Wifi | ATM | CAT Scale | Check Cashing | Drivers Lounge | Pegasus | Public Laundry | Truck Parking Spaces,
890,Pilot Dealer,2299 US-62,Kuttawa,KY,42055,"I-24/US-62, Exit 40",37.07163547009485,-88.12357657672118,(270) 388-8111,100,8,0,Diesel Lanes | Showers | Prime Parking Spaces | ATM | CAT Scale | DEF Lanes | Game Room | Lottery | Pegasus | Public Laundry | Truck Parking Spaces,
900,Pilot Dealer,65 Sadler Rd,Dunn,NC,28334,"I-95, Exit 75",35.31835659787999,-78.57574679036492,(910) 892-0106,265,11,0,Diesel Lanes | Showers | Diesel Mobile Fueling | ATM | CAT Scale | Check Cashing | DEF Lanes | Drivers Lounge | Game Room | Pegasus | Public Laundry | Truck Parking Spaces,
1025,Flying J Travel Center,102 Sheldon Rd,Channelview,TX,77530,"I-10, Exit 783",29.771253698073,-95.12521722149829,(281) 457-1435,80,8,7,Diesel Lanes | Showers | Prime Parking Spaces | Diesel Mobile Fueling | Premium Wifi | Wifi | ATM | CAT Scale | Check Cashing | Cylinder Propane | DEF Lanes | Drivers Lounge | Game Room | Lottery | Pegasus | Public Laundry | Truck Parking Spaces | Mobile Ordering,Cinnabon | Pilot Eats
904,Flying J Travel Center,109 Circle Rd,Big Springs,NE,69122,"I-80, Exit 107",41.05172082040372,-102.07038347050019,(308) 889-3686,500,10,18,Diesel Lanes | Showers | Prime Parking Spaces | Diesel Mobile Fueling | Premium Wifi | ATM | CAT Scale | Check Cashing | DEF Lanes | Game Room | Lottery | Pegasus | Public Laundry | Truck Parking Spaces | Mobile Ordering,Cinnabon | Subway | Pilot Eats
1051,Pilot Travel Center,1119 Lowe-Grout Rd,Iowa,LA,70647,"I-10, Exit 43",30.253344519398894,-93.01461773187712,(337) 582-5464,88,8,7,Electric Vehicle Charging Station | Mobile Ordering,Cinnabon | Pilot Eats
1219,Pilot Travel Center,10 Interstate Dr,Vandalia,IL,62471,"I-70, Exit 61",38.97110867284354,-89.13613661090096,(618) 283-1557,93,6,5,Diesel Lanes | Truck Parking Spaces | Electric Vehicle Charging Station | Mobile Ordering,Denny's | Pilot Eats EXPRESS
1070,Pilot Travel Center,2464 U.S. Route 66,Santa Rosa,NM,88435,"I-40/US-84, Exit 277",34.946885554042,-104.65187099365306,(575) 283-0665,63,8,7,Diesel Lanes | Showers | Prime Parking Spaces | Diesel Mobile Fueling | Premium Wifi | ATM | CAT Scale | Check Cashing | Cylinder Propane | DEF Lanes | Drivers Lounge | Lottery | Pegasus | Public Laundry | Truck Parking Spaces | Electric Vehicle Charging Station | Bridgestone Tire Monitoring | Mobile Ordering,Cinnabon | Subway | Pilot Eats
310,Pilot Travel Center,1405 E Main St,Duncan,SC,29334,"I-85/SC-290, Exit 63",34.9154369,-82.1081168,(864) 433-1221,35,6,8,Diesel Lanes | Truck Parking Spaces | Electric Vehicle Charging Station | Mobile Ordering,Wendy's | Pilot Eats EXPRESS
270,Pilot Travel Center,314 Lovell Rd,Knoxville,TN,37934,"I-40/75, Exit 374",35.903704365375,-84.1406952139758,(865) 966-0445,80,7,8,Diesel Lanes | Showers | Prime Parking Spaces | Diesel Mobile Fueling | Premium Wifi | ATM | CAT Scale | Check Cashing | DEF Lanes | Lottery | Pegasus | Truck Parking Spaces | Bridgestone Tire Monitoring | Mobile Ordering,Wendy's | Pilot Eats EXPRESS
165,Pilot Travel Center,2500 N 3rd St,Effingham,IL,62401,"I-57/70, Exit 162",39.149186,-88.530599,(217) 342-3787,100,8,7,Diesel Lanes | Showers | Prime Parking Spaces | Diesel Mobile Fueling | Premium Wifi | ATM | CAT Scale | Check Cashing | Cylinder Propane | DEF Lanes | Game Room | Lottery | Pegasus | Public Laundry | Truck Parking Spaces | Bridgestone Tire Monitoring | Southern Tire Mart at Pilot / Truck Care | Mobile Ordering,McDonalds | Pilot Eats EXPRESS
174,Pilot Travel Center,500 MS-15,New Albany,MS,38652,"I-22, Exit 64",34.467802,-89.006085,(662) 539-0222,90,7,7,Electric Vehicle Charging Station | Mobile Ordering,Arby's | Dunkin Express | Pilot Eats EXPRESS
317,Pilot Travel Center,4500 Hwy 43,Joplin,MO,64804,"I-44/MO-43, Exit 4",37.00457624942932,-94.55251308902434,(417) 781-0255,90,9,7,Diesel Lanes | Showers | Prime Parking Spaces | Diesel Mobile Fueling | Premium Wifi | ATM | CAT Scale | Check Cashing | DEF Lanes | Game Room | Lottery | Pegasus | Truck Parking Spaces | Mobile Ordering,Wendy's | Pilot Eats EXPRESS
322,Pilot Travel Center,7767 State Route 53,Bath,NY,14810,"I-86, Exit 37",42.37723877582238,-77.36399323439332,(607) 776-2012,70,7,4,Diesel Lanes | Showers | Prime Parking Spaces | Diesel Mobile Fueling | ATM | CAT Scale | Check Cashing | Cylinder Propane | DEF Lanes | Game Room | Lottery | Pegasus | Public Laundry | Truck Parking Spaces | Mobile Ordering,Subway | Pilot Eats
346,Pilot Travel Center,522 Hwy 601 S,Lugoff,SC,29078,"I-20/US-601, Exit 92",34.19251849604202,-80.68683926441801,(803) 438-5175,60,6,4,Diesel Lanes | Showers | Prime Parking Spaces | Diesel Mobile Fueling | Premium Wifi | ATM | CAT Scale | Check Cashing | DEF Lanes | Lottery | Pegasus | Truck Parking Spaces | Mobile Ordering,Subway | Pilot Eats EXPRESS
370,Pilot Travel Center,417 PA-315,Pittston,PA,18640,"I-81, Exit 175",41.314110735783714,-75.75502052387314,(570) 655-4116,58,8,7,Diesel Lanes | Showers | Prime Parking Spaces | Diesel Mobile Fueling | Premium Wifi | ATM | CAT Scale | Check Cashing | DEF Lanes | Game Room | Lottery | Pegasus | Public Laundry | Truck Parking Spaces | Electric Vehicle Charging Station | Mobile Ordering,Wendy's | Pilot Eats EXPRESS
350,Pilot Travel Center,1050 US-20,Mountain Home,ID,83647,"I-84/US-20, Exit 95",43.14207101330615,-115.66325638860148,(208) 587-4465,100,9,9,Diesel Lanes | Showers | Prime Parking Spaces | Diesel Mobile Fueling | Premium Wifi | ATM | CAT Scale | Check Cashing | DEF Lanes | Lottery | Pegasus | Public Laundry | Truck Parking Spaces | Bridgestone Tire Monitoring | Mobile Ordering,Arby's | Pilot Eats
442,Pilot Travel Center,1701 MO-84,Hayti,MO,63851,"I-55, Exit 19",36.227528697642846,-89.72536741120311,(573) 359-2007,120,9,8,Electric Vehicle Charging Station | Mobile Ordering,Arby's | Pilot Eats
468,Pilot Travel Center,815 US-24,Gilman,IL,60938,"I-57, Exit 283",40.75077462353107,-88.00137825353703,(815) 265-4754,80,7,7,Diesel Lanes | Showers | Prime Parking Spaces | Diesel Mobile Fueling | Premium Wifi | ATM | Bulk Propane | CAT Scale | Check Cashing | Cylinder Propane | DEF Lanes | Game Room | Lottery | Pegasus | Public Laundry | Truck Parking Spaces | Electric Vehicle Charging Station | Mobile Ordering,Pilot Eats EXPRESS
470,Flying J Travel Center,1191 70th Ave,Roberts,WI,54023,"I-94/US-65, Exit 10",44.96303699688667,-92.56048288731287,(715) 749-4238,86,8,9,Diesel Lanes | Showers | Prime Parking Spaces | Diesel Mobile Fueling | Premium Wifi | ATM | Bulk Propane | CAT Scale | Check Cashing | Cylinder Propane | DEF Lanes | Drivers Lounge | Game Room | Lottery | Pegasus | Public Laundry | Truck Parking Spaces | Electric Vehicle Charging Station | Mobile Ordering,Cinnabon | McDonalds | Pilot Eats
485,Pilot Travel Center,5625 W Winnemucca Blvd,Winnemucca,NV,89445,"I-80, Exit 173",40.93132237801621,-117.80431568968169,(775) 625-2800,43,7,5,Diesel Lanes | Showers | Diesel Mobile Fueling | Premium Wifi | ATM | CAT Scale | Check Cashing | DEF Lanes | Game Room | Pegasus | Public Laundry | Truck Parking Spaces | Electric Vehicle Charging Station | Bridgestone Tire Monitoring | Mobile Ordering,Subway | Pilot Eats EXPRESS
592,Pilot Travel Center,2195 Hwy 6 and 50,Grand Junction,CO,81505,"I-70, Exit 26",39.1125035,-108.6481721,(970) 245-1491,69,8,5,Electric Vehicle Charging Station | Mobile Ordering,Pilot Eats
607,Flying J Travel Center,3400 Service Loop Rd,West Memphis,AR,72301,"I-40, Exit 280/I-55, Exit 4",35.15415439265023,-90.14396355128943,(870) 735-8200,225,12,12,Diesel Lanes | Showers | Prime Parking Spaces | Diesel Mobile Fueling | Premium Wifi | ATM | Bulk Propane | CAT Scale | Check Cashing | Cylinder Propane | DEF Lanes | Game Room | Lottery | Pegasus | Public Laundry | Truck Parking Spaces | Electric Vehicle Charging Station | Bridgestone Tire Monitoring | Southern Tire Mart at Pilot / Truck Care | Mobile Ordering,Pilot Eats
657,Flying J Dealer,2524 E Wyatt Earp Blvd,Dodge City,KS,67801,US-400 & US-283,37.75238551709518,-99.98024221097565,(620) 338-8888,63,4,0,Diesel Lanes | Showers | Prime Parking Spaces | Diesel Mobile Fueling | Premium Wifi | ATM | CAT Scale | Check Cashing | Cylinder Propane | DEF Lanes | Drivers Lounge | Game Room | Lottery | Pegasus | Public Laundry | Truck Parking Spaces,
662,Flying J Travel Center,18750 Herndon Oak Grove Rd,Oak Grove,KY,42262,"I-24, Exit 86",36.69733963879761,-87.45467198147583,(270) 640-7000,130,8,9,Diesel Lanes | Showers | Prime Parking Spaces | Diesel Mobile Fueling | Premium Wifi | ATM | CAT Scale | Cylinder Propane | DEF Lanes | Drivers Lounge | Game Room | Pegasus | Public Laundry | Truck Parking Spaces | Mobile Ordering,Denny's | Pilot Eats
672,Flying J Travel Center,700 State Hwy J,Peculiar,MO,64078,"I-49, Exit 167",38.72294493624515,-94.45210486871717,(816) 779-8000,165,8,9,Diesel Lanes | Showers | Prime Parking Spaces | Diesel Mobile Fueling | Premium Wifi | ATM | Bulk Propane | CAT Scale | Check Cashing | Cylinder Propane | DEF Lanes | Drivers Lounge | Game Room | Lottery | Pegasus | Public Laundry | Truck Parking Spaces | Electric Vehicle Charging Station | Mobile Ordering,Denny's | Pilot Eats
683,Flying J Travel Center,1800 Princeton Kenly Rd,Kenly,NC,27542,"I-95, Exit 106",35.57450741129341,-78.14640144688613,(919) 284-4548,145,8,9,Diesel Lanes | Showers | Prime Parking Spaces | Diesel Mobile Fueling | Premium Wifi | ATM | CAT Scale | Cylinder Propane | DEF Lanes | Game Room | Lottery | Pegasus | Public Laundry | Truck Parking Spaces | Electric Vehicle Charging Station | Mobile Ordering,Pilot Eats
710,Flying J Travel Center,1623 Oliver Rd,New Milford,PA,18834,"I-81, Exit 219",41.82452317462087,-75.68204660845947,(570) 465-2974,118,8,9,Diesel Lanes | Showers | Prime Parking Spaces | Diesel Mobile Fueling | Premium Wifi | ATM | CAT Scale | Cylinder Propane | DEF Lanes | Game Room | Pegasus | Public Laundry | Truck Parking Spaces | Mobile Ordering,Denny's | Pilot Eats
720,Flying J Travel Center,1420 TN-96 N,Fairview,TN,37062,"I-40/TN-96, Exit 182",36.026395,-87.17167,(615) 799-4116,150,8,9,Diesel Lanes | Showers | Prime Parking Spaces | Diesel Mobile Fueling | ATM | Bulk Propane | CAT Scale | Check Cashing | Cylinder Propane | DEF Lanes | Drivers Lounge | Game Room | Lottery | Pegasus | Public Laundry | Truck Parking Spaces | Mobile Ordering,Denny's | Pilot Eats
727,Flying J Travel Center,1305 E Monte Cristo Rd,Edinburg,TX,78542,"I-69C, Exit 9",26.33633561175397,-98.14358108598327,(956) 316-0149,200,8,9,Diesel Lanes | Showers | Prime Parking Spaces | Diesel Mobile Fueling | Premium Wifi | ATM | Bulk Propane | CAT Scale | Check Cashing | Cylinder Propane | DEF Lanes | Drivers Lounge | Game Room | Lottery | Pegasus | Public Laundry | Truck Parking Spaces | Electric Vehicle Charging Station | Mobile Ordering,Denny's | Pilot Eats
736,Flying J Travel Center,100 E Pinehurst St,Pecos,TX,79772,"I-20, Exit 42",31.401066827695132,-103.48657789407946,(432) 294-6626,200,10,9,Diesel Lanes | Showers | Diesel Mobile Fueling | Premium Wifi | ATM | CAT Scale | Check Cashing | Cylinder Propane | DEF Lanes | Drivers Lounge | Game Room | Lottery | Pegasus | Public Laundry | Truck Parking Spaces | Mobile Ordering,Pilot Eats
860,Flying J Travel Center,1637 Pettit Rd,Fort Erie,ON,L2A 5M4,"QEW, Exit 5",42.92129621141171,-78.96722853926944,(905) 991-1800,110,8,5,Diesel Lanes | Showers | Prime Parking Spaces | Diesel Mobile Fueling | Premium Wifi | ATM | CAT Scale | Cylinder Propane | DEF Lanes | Drivers Lounge | Lottery | Pegasus | Public Laundry | Truck Parking Spaces,Pilot Eats
863,Flying J Travel Center,1800 N Service Rd,Balgonie,SK,S0G 0E0,Hwy 1 & SK-46,50.478307197569194,-104.28936935038776,(306) 988-0486,98,9,7,Diesel Lanes | Showers | Diesel Mobile Fueling | ATM | CAT Scale | Check Cashing | Cylinder Propane | DEF Lanes | Drivers Lounge | Lottery | Pegasus | Public Laundry | Truck Parking Spaces,Pilot Eats
903,Pilot Travel Center,1944 N 9th St,Salina,KS,67401,"I-70, Exit 252",38.874055906647136,-97.61086160873718,(785) 825-6787,150,11,13,Diesel Lanes | Showers | Prime Parking Spaces | Diesel Mobile Fueling | Premium Wifi | ATM | CAT Scale | Check Cashing | DEF Lanes | Drivers Lounge | Game Room | Lottery | Pegasus | Public Laundry | Truck Parking Spaces | Mobile Ordering,Pilot Eats
909,Pilot Licensed Location,1350 W Roosevelt Hwy,Shelby,MT,59474,"I-15, Exit 363",48.513041242657266,-111.87263550793458,(406) 434-5221,70,10,6,Diesel Lanes | Showers | ATM | CAT Scale | DEF Lanes | Game Room | Public Laundry | Truck Parking Spaces,
911,Pilot Licensed Location,27 Diamond Road,Superior,MT,59872,"I-90, Exit 47",47.18954944087357,-114.88601253505708,(406) 822-4444,10,7,0,Diesel Lanes | Showers | ATM | DEF Lanes | Game Room | Truck Parking Spaces,
915,Pilot Licensed Location,2711 N Frontage Rd,Billings,MT,59101,"I-90, Exit 455",45.81616938974165,-108.41676835449219,(406) 238-9823,156,10,0,Diesel Lanes | Showers | ATM | CAT Scale | DEF Lanes | Public Laundry | Truck Parking Spaces,
923,Flying J Licensed Location,2775 Old Hardin Rd,Billings,MT,59101,"I-90, Exit 455",45.81294223502462,-108.41528326064378,(406) 256-8826,125,8,0,Diesel Lanes | Showers | Premium Wifi | ATM | CAT Scale | DEF Lanes | Drivers Lounge | Truck Parking Spaces,
1006,Pilot Travel Center,2342 N Main St,Junction,TX,76849,"I-10, Exit 456",30.505646584402083,-99.77643698518067,(325) 439-7717,44,8,7,Diesel Lanes | Showers | Prime Parking Spaces | Diesel Mobile Fueling | Premium Wifi | ATM | CAT Scale | Cylinder Propane | DEF Lanes | Game Room | Lottery | Pegasus | Public Laundry | Truck Parking Spaces | Electric Vehicle Charging Station | Southern Tire Mart at Pilot / Truck Care | Mobile Ordering,Cinnabon | Subway | Pilot Eats
1033,Flying J Travel Center,3302 Garden City Hwy,Midland,TX,79706,"I-20, Exit 137B",31.9806242,-102.0337402,(432) 685-1296,137,9,9,Diesel Lanes | Showers | Prime Parking Spaces | Diesel Mobile Fueling | Premium Wifi | ATM | CAT Scale | Check Cashing | DEF Lanes | Drivers Lounge | Game Room | Lottery | Pegasus | Public Laundry | Truck Parking Spaces | Mobile Ordering,Moe's | Pilot Eats
1054,Pilot Travel Center,10700 U.S. Hwy 183 N.,Buda,TX,78610,Hwy 183 & Hwy 21,30.0347448,-97.6869554,(512) 398-3070,28,4,2,Diesel Lanes | Showers | Prime Parking Spaces | Diesel Mobile Fueling | Premium Wifi | ATM | CAT Scale | Cylinder Propane | DEF Lanes | Lottery | Pegasus | Truck Parking Spaces | Bridgestone Tire Monitoring | Mobile Ordering,McDonalds | Pilot Eats EXPRESS
1086,Flying J Travel Center,6255 IN-18,Marion,IN,46952,"I-69/IN-18, Exit 264",40.55436688312811,-85.55450341640427,(765) 673-0059,80,8,7,Diesel Lanes | Showers | Prime Parking Spaces | Diesel Mobile Fueling | Premium Wifi | ATM | CAT Scale | Cylinder Propane | DEF Lanes | Drivers Lounge | Lottery | Pegasus | Public Laundry | Truck Parking Spaces | Mobile Ordering,Cinnabon | Wendy's | Pilot Eats
4562,Pilot Travel Center,2607 Scrubby Bluff Rd,Kingsland,GA,31548,"I-95, Exit 1",30.75989471461253,-81.65574789931874,(912) 576-7858,111,8,8,Diesel Lanes | Showers | Prime Parking Spaces | Diesel Mobile Fueling | Premium Wifi | CAT Scale | Cylinder Propane | DEF Lanes | Pegasus | Truck Parking Spaces | Bridgestone Tire Monitoring | Mobile Ordering,Wendy's | Pilot Eats EXPRESS
4567,ONE9 Travel Center,1155 S Anderson Rd,Rock Hill,SC,29730,"I-77, Exit 77",34.91319420378422,-80.97954384629517,(803) 329-0078,30,8,4,Diesel Lanes | Showers | Prime Parking Spaces | Diesel Mobile Fueling | Premium Wifi | ATM | CAT Scale | Check Cashing | Cylinder Propane | DEF Lanes | Pegasus | Truck Parking Spaces | Mobile Ordering,Pilot Eats EXPRESS
4569,Pilot Travel Center,15976 Whyte Hardee Blvd,Hardeeville,SC,29927,"I-95, Exit 5",32.26878204646999,-81.08101432460634,(843) 784-3350,90,8,6,Diesel Lanes | Showers | Prime Parking Spaces | Diesel Mobile Fueling | Premium Wifi | CAT Scale | Cylinder Propane | DEF Lanes | Pegasus | Truck Parking Spaces | Bridgestone Tire Monitoring | Mobile Ordering,Subway | Taco Bell | Pilot Eats
4598,Pilot Travel Center,507 Hwy 309,Niota,TN,37826,"I-75, Exit 56",35.54529044788867,-84.56525256261311,(423) 597-3719,91,8,7,Diesel Lanes | Showers | Prime Parking Spaces | Diesel Mobile Fueling | Premium Wifi | CAT Scale | Cylinder Propane | DEF Lanes | Pegasus | Truck Parking Spaces | Bridgestone Tire Monitoring | Southern Tire Mart at Pilot / Truck Care | Mobile Ordering,Wendy's | Pilot Eats EXPRESS
4599,Pilot Travel Center,640 Dixie Lee Ave,Monteagle,TN,37356,"I-24, Exit 135",35.23287234838486,-85.82578254469547,(931) 463-1003,79,8,7,Diesel Lanes | Showers | Prime Parking Spaces | Diesel Mobile Fueling | Premium Wifi | CAT Scale | Cylinder Propane | DEF Lanes | Pegasus | Truck Parking Spaces | Electric Vehicle Charging Station | Bridgestone Tire Monitoring | Southern Tire Mart at Pilot / Truck Care | Mobile Ordering,Wendy's | Pilot Eats
1014,Flying J Licensed Location,73 MT-16,Glendive,MT,59330,"I-94, Exit 213",47.11661345471493,-104.73656480754852,(406) 377-7500,200,8,0,Diesel Lanes | Showers | ATM | CAT Scale | DEF Lanes | Game Room | Lottery | Pegasus | Public Laundry,
1200,Flying J Dealer,3806 Highway St,Valleyview,AB,T0H 3Z0,"AB-43, Exit 36/39 Ave",55.05163200823135,-117.28273436878663,(780) 524-4666,10,3,0,Diesel Lanes | ATM | Lottery | Pegasus | Truck Parking Spaces,
1201,Flying J Dealer,13947 Hurontario St,Inglewood,ON,L7C 2C9,ON-10,43.772627973597054,-79.8763214478157,(905) 838-1355,0,2,0,Diesel Lanes | Diesel Mobile Fueling | ATM | Lottery | Pegasus,
1203,Mr. Fuel Travel Center,10580 Old Hwy 80 W,Meridian,MS,39307,"I-20, Exit 129",32.34330003394725,-88.79821347876684,(601) 693-5104,96,12,8,Diesel Lanes | Showers | Diesel Mobile Fueling | ATM | CAT Scale | DEF Lanes | Public Laundry | Truck Parking Spaces | Mobile Ordering,Subway | Pilot Eats
1211,Pilot Travel Center,1103 S Main St,Andrews,TX,79714,"US-385, SE Loop 1910",32.307315792686104,-102.54191470407389,(432) 225-9161,56,6,5,Diesel Lanes | Showers | Diesel Mobile Fueling | ATM | Check Cashing | DEF Lanes | Lottery | Public Laundry | Truck Parking Spaces | Mobile Ordering,Pilot Eats
1212,Pilot Travel Center,48286 Vicksburg Rd,Salome,AZ,85348,"I-10, Exit 45",33.633721329113875,-113.76836530256524,(928) 859-3165,20,8,4,Diesel Lanes | Showers | Diesel Mobile Fueling | ATM | Bulk Propane | DEF Lanes | Truck Parking Spaces | Mobile Ordering,Subway | Pilot Eats EXPRESS
1215,One9 Travel Center,48710 Vicksburg Rd,Salome,AZ,85348,"I-10, Exit 45",33.627656363554415,-113.76779908173792,(928) 288-7611,0,9,6,Diesel Lanes | Showers | Diesel Mobile Fueling | DEF Lanes | Mobile Ordering,Pilot Eats
1235,Pilot Dealer,9250 S Avenue 40 E,Tacna,AZ,85352,"I-8, Exit 42",32.69052428133354,-113.95404036662799,(928) 239-5764,40,6,0,Diesel Lanes | Diesel Mobile Fueling | ATM | Bulk Propane | Cylinder Propane | DEF Lanes | Lottery | Truck Parking Spaces,
4560,Pilot Travel Center,2995 GA-36,Jackson,GA,30233,"I-75, Exit 201",33.21065676418917,-84.05650407738494,(770) 504-9206,160,8,10,Diesel Lanes | Showers | Prime Parking Spaces | Diesel Mobile Fueling | CAT Scale | Cylinder Propane | DEF Lanes | Pegasus | Truck Parking Spaces | Truck Wash | Mobile Ordering,Wendy's | Pilot Eats
814,Shell Cardlock,2525 23 St NE,Calgary,AB,T2E 7M1,AB-1 & Barlow Trail NE,51.07461212155164,-114.00559825378878,,0,7,1,Diesel Lanes | Showers | Diesel Mobile Fueling,
801,Flying J Cardlock,4869 Continental Way,Prince George,BC,V2N 5S5,Cariboo Hwy & Terminal Blvd,53.87648073934114,-122.73524571296691,,5,6,0,Diesel Lanes | Showers | Diesel Mobile Fueling | ATM | Lottery | Truck Parking Spaces,
813,Shell Cardlock,85 East Lake Crescent NE,Airdrie,AB,T4B 2B5,AB-2 & East Lake Crescent NE,51.29242067481927,-113.99810032142638,,10,5,0,Diesel Lanes | Diesel Mobile Fueling | Truck Parking Spaces,
799,Flying J Dealer,7970 Lickman Rd,Chilliwack,BC,V2R 1A9,"BC-1, Exit 116",49.146902149154165,-122.00645135934946,,21,7,0,Diesel Lanes | Diesel Mobile Fueling | Premium Wifi | ATM | Check Cashing | DEF Lanes | Drivers Lounge | Lottery | Public Laundry | Truck Parking Spaces,
818,Shell Cardlock,2520 2 Ave,Edson Motco,AB,T7E 1T9,AB-16 & 25 St,53.588151335461035,-116.38628582333088,,0,7,0,Diesel Lanes | Diesel Mobile Fueling,
821,Shell Cardlock,1005 43 St S,Lethbridge,AB,T1K 7B8,AB-4 & 10 Ave S,49.68285778941967,-112.77841353561081,,0,4,0,Diesel Lanes | Diesel Mobile Fueling,
822,Shell Cardlock,5109 63 Ave,Lloydminster,AB,T9V 3T8,AB-16 & 62nd Ave,53.28588829116708,-110.03630108272571,,0,4,0,Diesel Lanes | Diesel Mobile Fueling,
827,Flying J Cardlock,929 Coutts Way,Abbotsford,BC,V2S 4N2,BC-11,49.01956316952869,-122.26630238639119,,0,7,2,Diesel Lanes | Showers | Diesel Mobile Fueling | ATM,Arby's | Auntie Anne's
828,Flying J Cardlock,2209 Theatre Rd,Cranbrook,BC,V1C 4H4,BC-95 & Theatre Rd,49.53689118126579,-115.75266536211015,(250) 426-3763,0,9,0,Diesel Lanes | Diesel Mobile Fueling | Truck Parking Spaces,
830,Flying J Cardlock,2647 Darcys Rd,Dawson Creek,BC,V0C 2C0,,55.759796052759754,-120.2379261324787,,0,7,2,Diesel Lanes | Showers | Diesel Mobile Fueling,
829,Flying J Cardlock,1411 Northwest Blvd,Creston,BC,V0B 1G6,BC-3 & Payne St,49.11224057440996,-116.52456087500762,,0,6,0,Diesel Lanes | Diesel Mobile Fueling,
832,Flying J Cardlock,24 Braid St,New Westminster,BC,V3L 3P3,BC-1 & Brunette Ave,49.22967551383004,-122.8792144834671,,0,7,1,Diesel Lanes | Showers | Diesel Mobile Fueling | ATM,
844,Flying J Cardlock,191 York Rd W,Yorkton,SK,S3N 3N5,SK-16 & Gladstone Ave N,51.226040975127496,-102.47554967172421,,0,5,2,Diesel Lanes | Showers | Diesel Mobile Fueling,
934,Flying J Travel Center,63276 OR-203,La Grande,OR,97850,"I-84, Exit 265",45.29734952377309,-118.04397742666467,(541) 625-4997,50,7,3,Diesel Lanes | Showers | Diesel Mobile Fueling | Premium Wifi | ATM | CAT Scale | Check Cashing | DEF Lanes | Drivers Lounge | Game Room | Lottery | Public Laundry | Truck Parking Spaces | Southern Tire Mart at Pilot / Truck Care | Mobile Ordering,Subway | Pilot Eats EXPRESS
1145,Pilot Travel Center,11501 TX-191 E,Midland,TX,79706,TX-191 & TX-349,31.967599424046014,-102.25234190810527,(432) 561-8927,40,7,5,Diesel Lanes | Showers | Prime Parking Spaces | Diesel Mobile Fueling | ATM | CAT Scale | Check Cashing | DEF Lanes | Public Laundry | Truck Parking Spaces | Mobile Ordering,Pilot Eats
1174,Pilot Travel Center,104 W Trefz Dr,Marshall,IL,62441,"I-70, Exit 147",39.419042376,-87.695321274,(217) 826-1060,63,8,5,Electric Vehicle Charging Station | Southern Tire Mart at Pilot / Truck Care | Mobile Ordering,Taco Bell | Pilot Eats
1181,Pilot Travel Center,1201 E IL-38,Rochelle,IL,61068,"I-39, Exit 99",41.93554805391559,-89.01751491439755,(815) 677-6189,78,8,5,Diesel Lanes | Electric Vehicle Charging Station | Mobile Ordering,Pilot Eats
1177,Flying J Travel Center,14320 Slover Ave,Fontana,CA,92337,"I-10, Exit 61",34.06359049744368,-117.49366586392784,(909) 574-4866,36,10,7,Diesel Lanes | Showers | Prime Parking Spaces | Diesel Mobile Fueling | DEF Lanes | Truck Parking Spaces | Bridgestone Tire Monitoring | Mobile Ordering,Wendy's | Pilot Eats
1195,Pilot Travel Center,1307 N Dolarway Rd,Ellensburg,WA,98926,"I-90, Exit 106",47.005326580377414,-120.58690079169361,(509) 925-1777,48,8,5,Diesel Lanes | Showers | Prime Parking Spaces | Diesel Mobile Fueling | DEF Lanes | Truck Parking Spaces | Electric Vehicle Charging Station | Mobile Ordering,Arby's | Pilot Eats EXPRESS
1216,Pride Travel Center,5240 S Sunland Gin Rd,Eloy,AZ,85131,"I-10, Exit 200",32.8118421145121,-111.67180282949982,(520) 422-6903,54,7,3,Diesel Lanes | Showers | Diesel Mobile Fueling | DEF Lanes | Mobile Ordering,Subway | Pilot Eats EXPRESS
1245,Mr. Fuel Travel Center,4 Corvette Dr,Litchfield,IL,62056,"I-55, Exit 52",39.17694110759193,-89.67442381225109,(217) 324-7114,40,4,2,Diesel Lanes | Diesel Mobile Fueling | ATM | CAT Scale | Check Cashing | Game Room | Pegasus | Mobile Ordering,Pilot Eats
8603,Pilot Dealer,620 W Mill Road,Artesia,NM,88210,US-285 and Co Rd 114,32.87196623187066,-104.40138348975755,,0,4,0,Diesel Lanes | Diesel Mobile Fueling,
825,Flying J Cardlock,11 Sinclair Blvd,Brantford,ON,N3S 7X6,"ON-403, Exit 41",43.169361,-80.215204,,0,6,0,Diesel Lanes | Diesel Mobile Fueling | DEF Lanes,
835,Flying J Cardlock,131 Warman Rd,Winnipeg,MB,R2J 3R3,MB-20/59 & Warman Rd,49.891468811301,-97.07366892261506,,0,5,0,Diesel Lanes | Diesel Mobile Fueling,
842,Flying J Cardlock,1511 Ross Ave E,Regina,SK,S4R 1J2,Ring Rd & Ross Ave E,50.46422383062712,-104.56224377937832,(306) 789-3502,12,5,3,Diesel Lanes | Showers | Diesel Mobile Fueling | ATM | Public Laundry | Truck Parking Spaces,
1009,Flying J Travel Center,11053 Riverside Dr,Mira Loma,CA,91752,"CA-60, Exit 42",34.01513200422592,-117.5254612290131,(951) 681-1032,107,12,11,Diesel Lanes | Showers | Prime Parking Spaces | Diesel Mobile Fueling | DEF Lanes | Drivers Lounge | Truck Parking Spaces | Bridgestone Tire Monitoring | Mobile Ordering,Wendy's | Pilot Eats
1234,Pilot Licensed Location,12683 White Hills Rd,Willow Beach,AZ,86445,HWY 93,35.70004490524768,-114.4761264139242,(928) 767-3008,25,5,0,Diesel Lanes | Diesel Mobile Fueling | ATM | Bulk Propane | Cylinder Propane | DEF Lanes | Lottery | Truck Parking Spaces,
1244,ONE9 Dealer,942 E Pima St,Gila Bend,AZ,85337,AZ-85,32.94993318,-112.705484524,(928) 683-2992,100,7,0,Diesel Lanes | Diesel Mobile Fueling | ATM | Bulk Propane | Cylinder Propane | DEF Lanes | Truck Parking Spaces,
1225,Pilot Travel Center,9810 Perrin Rd,Mascoutah,IL,62258,"I-64, Exit 23",38.555497,-89.805999,(618) 566-2021,29,6,4,Diesel Lanes | Diesel Mobile Fueling | Truck Parking Spaces | Electric Vehicle Charging Station | Mobile Ordering,Pilot Eats
1260,Pilot Dealer,20404 Taft Hwy,Bakersfield,CA,93311,"I-5, Exit 244",35.26766214721387,-119.22977059391785,(661) 473-0841,40,8,0,Diesel Lanes | Showers | Diesel Mobile Fueling | ATM | DEF Lanes | Lottery | Pegasus | Truck Parking Spaces,
1247,Pilot Dealer,1888 US-82,New Boston,TX,75570,"I-30, Exit 199",33.46965939787216,-94.45360759474886,(903) 628-0000,48,5,0,Diesel Lanes | Showers | Diesel Mobile Fueling | ATM | DEF Lanes | Lottery | Truck Parking Spaces | Southern Tire Mart at Pilot / Truck Care,
1227,Pilot Travel Center,164 FM 1927,Pyote,TX,79777,"I-20, Exit 66",31.5279256,-103.1194983,(432) 389-5200,71,7,5,Diesel Lanes | Showers | Prime Parking Spaces | Diesel Mobile Fueling | DEF Lanes | Truck Parking Spaces | Mobile Ordering,Pilot Eats
1272,Pilot Dealer,35858 Ghost Town Rd,Yermo,CA,92398,"I-15, Exit 191",34.904088,-116.887267,(760) 254-3348,30,4,0,Diesel Lanes | Diesel Mobile Fueling | ATM | Check Cashing | Cylinder Propane | DEF Lanes | Lottery | Pegasus | Truck Parking Spaces,
1269,Pilot Dealer,2500 I-10 BL,San Simon,AZ,85632,"I-10, Exit 378",32.27079302835089,-109.24418760862534,(520) 845-2500,35,4,0,Diesel Lanes | Diesel Mobile Fueling | ATM | Bulk Propane | Check Cashing | DEF Lanes | Lottery | Pegasus | Truck Parking Spaces,
1226,EZ Trip Travel Center,91558 Biggs Rufus Highway,Wasco,OR,97065,I-84 Exit 104,45.669722279032385,-120.83191954329776,(541) 739-2069,20,5,0,Diesel Lanes | Diesel Mobile Fueling | DEF Lanes | Truck Parking Spaces | Mobile Ordering,Subway | Pilot Eats EXPRESS
1262,Xpress Fuel Travel Center,1590 FM1110,Clint,TX,79836,"I-10, Exit 42",31.598011923114207,-106.19699704963048,(915) 851-2137,53,8,8,Diesel Lanes | Showers | Diesel Mobile Fueling | DEF Lanes | Truck Parking Spaces | Bridgestone Tire Monitoring | Mobile Ordering,Pilot Eats EXPRESS
1232,EZ Trip Travel Center,33380 OR-34,Albany,OR,97322,"I-5, Exit 228",44.55542205037545,-123.05758350370482,(458) 246-1037,30,5,3,Diesel Lanes | Diesel Mobile Fueling | Truck Parking Spaces | Mobile Ordering,Pilot Eats
1271,ONE9 Dealer,2084 S Marina Dr,Thermal,CA,92274,CA-86,33.2788476,-115.9656157,(760) 394-1024,20,9,0,,
1281,Pilot Licensed Location,101 W Glen Dr,Page,AZ,86040,US-89 & N Wahweap Dr,36.9954561,-111.5643671,(928) 353-4821,5,3,0,,
1299,Pilot Dealer,101 US-287,Henrietta,TX,76365,US-287 & TX-148,33.80041607924044,-98.19618926198342,(940) 538-0401,26,5,0,Diesel Lanes | Showers | ATM | DEF Lanes,
1284,Pilot Dealer,1955 N Kings Hwy,Nash,TX,75569,"I-30, Exit 218",33.45183387680015,-94.13164160062905,(903) 255-7167,25,5,0,Diesel Lanes | Showers | ATM | DEF Lanes,
1275,EZ Trip Travel Center,28577 Ave 12,Madera,CA,93637,"CA-99, Exit 151",36.9250033,-120.0263035,(559) 975-9001,28,12,7,Diesel Lanes | Showers | Wifi | ATM | Check Cashing | Cylinder Propane | Lottery | Truck Parking Spaces | Mobile Ordering,Cinnabon | Subway | Taco Bell | Pilot Eats EXPRESS
1277,EZ Trip Travel Center,44779 S. Lassen Avenue,Huron,CA,93204,"I-5, Exit 319",36.0749927,-120.1033417,(559) 384-0023,70,8,6,Diesel Lanes | Showers | Diesel Mobile Fueling | Wifi | ATM | CAT Scale | Check Cashing | Cylinder Propane | DEF Lanes | Lottery | Pegasus | Truck Parking Spaces | Mobile Ordering,Cinnabon | Pilot Eats EXPRESS
1270,ONE9 Dealer,1851 State Hwy 77,Holbrook,AZ,86025,"I-40, Exit 292",34.97401983726632,-110.09016005565996,(928) 524-1400,150,8,0,Diesel Lanes | Showers | Diesel Mobile Fueling | Check Cashing | Cylinder Propane | DEF Lanes | Drivers Lounge | Pegasus | Truck Parking Spaces,
1282,ONE9 Dealer,1100 FM 148,Terrell,TX,75160,"I-20, Exit 498",32.72312673912177,-96.31801575422287,(972) 524-0859,12,5,0,,
1304,ONE9 Dealer,1000 NE Loop 820,Fort Worth,TX,76106,"I-820, Exit 15",32.84180360427686,-97.34207265277863,(682) 365-4152,22,4,0,,
1295,ONE9 Dealer,16243 US-271,Tyler,TX,75708,"I-20, Exit 571A",32.4407652,-95.1365288,(903) 877-0800,40,5,0,,
1303,Pilot Dealer,2320 W Oak St,Palestine,TX,75801,TX-256 & US-79,31.74382787761056,-95.6552992105545,(903) 723-1680,50,4,0,Diesel Lanes | Showers | Diesel Mobile Fueling | ATM | Check Cashing | DEF Lanes | Lottery | Pegasus | Public Laundry | Truck Parking Spaces,
1300,ONE9 Dealer,2200 W Lake Bardwell Dr,Ennis,TX,75119,US-287 & TX-34,32.301800913976784,-96.63835690129775,(972) 875-3500,8,2,0,,
1243,Pilot Travel Center,3006 S Butterfield Trl,Gila Bend,AZ,85337,"I-8, Exit 119",32.92996888164204,-112.67279713196321,(928) 580-5987,70,8,7,Diesel Lanes | Showers | Prime Parking Spaces | Diesel Mobile Fueling | Premium Wifi | Wifi | ATM | CAT Scale | Check Cashing | Cylinder Propane | Lottery | Truck Parking Spaces | Bridgestone Tire Monitoring | Mobile Ordering,Subway | Pilot Eats EXPRESS
1297,Pilot Dealer,101 L R Campbell Rd,Italy,TX,76651,"I-35E, Exit 386",32.19716984210153,-96.89998208465576,(972) 483-7600,62,7,0,Diesel Lanes | Showers | ATM | Lottery,
1290,Pilot Dealer,200 S I-35 Service Rd,Red Oak,TX,75154,"I-35E, Exit 410",32.51660134027422,-96.82091222817232,(972) 617-7477,51,5,0,Showers | Wifi | ATM | Check Cashing | Cylinder Propane | Lottery,
1248,ONE9 Dealer,103 S I-45,Wilmer,TX,75172,"I-45, Exit 270",32.59130492647632,-96.68043780489349,(972) 441-3747,21,6,0,,
1258,Arco Travel Center,185 N Riggles Ave,Quartzsite,AZ,85346,"I-10, Exit 19",33.67009843547798,-114.19895895422326,(928) 927-3600,46,9,2,Diesel Lanes | Showers | Diesel Mobile Fueling | Wifi | ATM | Check Cashing | Cylinder Propane | DEF Lanes | Lottery | Public Laundry | Truck Parking Spaces | Mobile Ordering,Pilot Eats
1302,EZ Trip Travel Center,29541 Stockdale Hwy,Bakersfield,CA,93314,"I-5, Exit 253",35.35423704900311,-119.33124504047548,(661) 477-1713,0,7,0,Diesel Lanes | Diesel Mobile Fueling | Wifi | ATM | DEF Lanes | Pegasus | Mobile Ordering,IHOP | Pilot Eats EXPRESS
1288,Pilot Dealer,675 Western Kentucky Pkwy,Beaver Dam,KY,42320,"Western Kentucky Pkwy, Exit Service Area",37.37643325281121,-86.82700664374093,(270) 274-9988,30,8,0,,
1285,ONE9 Dealer,87125 I-20,Santo,TX,76472,"I-20, Exit 386",32.6154694,-98.1085154,(940) 769-2584,13,4,0,,
1264,Xpress Fuel Travel Center,3105 N Toltec Rd,Eloy,AZ,85131,"I-10, Exit 203",32.779546753867265,-111.61792355155943,(520) 709-4058,77,8,8,Mobile Ordering,Pilot Eats EXPRESS
1320,ONE9 Dealer,625 Ovilla Rd,Waxahachie,TX,75167,US-287 & FM 664,32.4285311,-96.8744294,(972) 937-0002,10,3,0,,
1293,ONE9 Dealer,801 E I-30,Garland,TX,75043,"I-30, Exit 61A",32.8548532,-96.56098,(469) 782-0191,0,4,0,Diesel Lanes | ATM | Check Cashing | DEF Lanes | Lottery | Pegasus | Truck Parking Spaces,
1213,Pride Travel Center,12551 S Mohave Center Blvd,Yucca,AZ,86438,"I-40, Exit 25",34.86396432618587,-114.14406582341768,(928) 766-6228,86,8,7,Showers | Prime Parking Spaces | Diesel Mobile Fueling | Wifi | ATM | CAT Scale | Check Cashing | Lottery | Public Laundry | Mobile Ordering,Subway | Pilot Eats EXPRESS
1286,ONE9 Dealer,1530 W Main St,Salem,IL,62881,"I-57, Exit 116",38.62551487669823,-88.96800696561967,(618) 548-8225,0,4,0,Diesel Mobile Fueling | ATM | Bulk Propane | Check Cashing | Lottery,
1334,ONE9 Dealer,13965 I-35 S,Valley View,TX,76272,"I-35, Exit 483",33.436654241618704,-97.16374906032715,(940) 726-5643,10,3,0,,
1194,Pilot Licensed Location,3444 S 40th St,Phoenix,AZ,85040,"I-10, Exit 152",33.414853,-111.995815,(602) 601-4868,2,4,0,,
1192,Pilot Licensed Location,31120 US-60,Wittmann,AZ,85361,US-60 & 211th Ave,33.76534,-112.51389,(623) 388-2900,0,3,0,,
1179,Pilot Licensed Location,330 N Mariposa Rd,Nogales,AZ,85621,AZ-189,31.33876549999999,-110.9668699,(520) 287-4800,10,3,0,,
1193,Pilot Licensed Location,18183 US-93,Wikieup,AZ,85360,US-93,34.69954908217335,-113.61018452430939,(928) 765-2255,40,4,0,,
1343,EZ Trip Dealer,787 Montague Rd,Yreka,CA,96097,"I-5, Exit 776",41.7376105,-122.6237428,(530) 200-8954,84,7,0,,
1338,ONE9 Dealer,13745 N I-35,Jarrell,TX,76537,"I-35, Exit 275",30.83826830961093,-97.59921261764241,(512) 746-2438,40,6,0,,
1344,ONE9 Dealer,1301 Markum Ranch Rd E,Fort Worth,TX,76126,"I-20, Exit 425",32.69244822810395,-97.51800459755327,(817) 560-0000,20,6,0,Diesel Lanes | Diesel Mobile Fueling | ATM | Lottery | Truck Parking Spaces,
1169,Flying J Travel Center,2725 93rd Ave SW,Olympia,WA,98512,"I-5, Exit 99",46.952174638532995,-122.9407566841135,(360) 790-4495,74,8,7,Diesel Lanes | Showers | Prime Parking Spaces | Diesel Mobile Fueling | Wifi | ATM | Bulk Propane | CAT Scale | Check Cashing | Cylinder Propane | DEF Lanes | Lottery | Pegasus | Public Laundry | Truck Parking Spaces | Electric Vehicle Charging Station | Bridgestone Tire Monitoring | Mobile Ordering,Taco Bell | Pilot Eats EXPRESS
1346,Pilot Dealer,200 Manchester Ave,Newton,KS,67114,"I-135, Exit 31",38.0447492,-97.3186004,(316) 282-9200,160,10,0,,
1323,Pilot Travel Center,1307 SE Grand DD Hwy,Faucett,MO,64448,"I-29, Exit 35",39.60081717781385,-94.7910566681331,(816) 558-5011,48,8,7,Diesel Lanes | Showers | Prime Parking Spaces | Diesel Mobile Fueling | Wifi | ATM | Check Cashing | Truck Parking Spaces | Southern Tire Mart at Pilot / Truck Care | Mobile Ordering,Taco Bell | Pilot Eats EXPRESS
1339,ONE9 Dealer,2023 NY-104,Parish,NY,13131,"I-81, Exit 118",43.4583243,-76.1155855,(315) 625-4676,100,4,0,Diesel Mobile Fueling,
1341,ONE9 Dealer,1801 Pioneer Hwy E,Arlington,WA,98223,"I-5, Exit 208",48.18815,-122.2061599,(360) 652-6066,10,4,0,Diesel Lanes | Diesel Mobile Fueling | Truck Parking Spaces,
1318,ONE9 Dealer,325 E Evergreen St,Strafford,MO,65757,"I-44, Exit 88",37.27350577506178,-93.11113652085997,(417) 736-0017,40,7,0,Diesel Lanes | Showers | Diesel Mobile Fueling | ATM | CAT Scale | Check Cashing | DEF Lanes | Lottery | Pegasus | Truck Parking Spaces,
1292,Pilot Dealer,2537 TX-21,Paige,TX,78659,US-290 & TX-21,30.213624940179425,-97.13963348353741,(737) 354-6550,40,6,0,Diesel Lanes | Showers | Diesel Mobile Fueling | ATM | Check Cashing | DEF Lanes | Drivers Lounge | Pegasus | Truck Parking Spaces,
1106,Pilot Travel Center,9220 Broadway Blvd SE,Albuquerque,NM,87105,"I-25, Exit 215",34.96069998634164,-106.6598967116394,(505) 933-1055,69,7,5,Diesel Lanes | Showers | Diesel Mobile Fueling | Wifi | ATM | Truck Parking Spaces | Bridgestone Tire Monitoring | Mobile Ordering,McDonalds | Pilot Eats
1317,Pilot Travel Center,164 Riverside Dr,Fultonville,NY,12072,"I-90, Exit 28",42.946225182140935,-74.35640923896823,(518) 414-0591,55,8,7,Diesel Lanes | Showers | Diesel Mobile Fueling | Wifi | ATM | Truck Parking Spaces | Mobile Ordering,Taco Bell | Pilot Eats
843,Flying J Dealer,5470 Walker Rd,Tecumseh,ON,N0R 1L0,ON-3 & Walker Rd,42.23078844935724,-82.96357219897182,(519) 737-9900,11,7,0,Diesel Lanes | Truck Parking Spaces,
1319,Pilot Dealer,3313 S Burleson Blvd,Alvarado,TX,76009,I-35 Exit 30,32.463908055189876,-97.26449210839203,(817) 783-3917,58,7,0,Diesel Lanes | Diesel Mobile Fueling,
1267,Pilot Travel Center,5231 Pearblossom Hwy,Palmdale,CA,93552,CA-138 & Pearblossom Hwy,34.543445534073825,-118.03599745575028,(661) 569-1720,55,7,5,Diesel Lanes | Showers | Prime Parking Spaces | Diesel Mobile Fueling | Wifi | ATM | CAT Scale | Check Cashing | DEF Lanes | Lottery | Pegasus | Public Laundry | Truck Parking Spaces | Mobile Ordering,Cinnabon | Subway | Pilot Eats
1315,Pilot Licensed Location,2601 US-130,Cinnaminson,NJ,08077,US-130 & Union Landing Rd,40.00695898554763,-74.97471429722918,(856) 389-5382,66,6,4,Diesel Lanes | Truck Parking Spaces,
1361,ONE9 Dealer,14749 Thornton Rd,Lodi,CA,95242,"I-5, Exit 485",38.114120039603634,-121.39405689433369,(209) 368-8100,30,6,0,Diesel Lanes | Diesel Mobile Fueling | Wifi | ATM | CAT Scale | DEF Lanes | Pegasus | Truck Parking Spaces,
1330,ONE9 Travel Center,2101 US-49,Brinkley,AR,72021,"I-40, Exit 216",34.912544273597874,-91.19621866623427,(870) 638-4135,42,7,4,Diesel Lanes | Showers | Prime Parking Spaces | Diesel Mobile Fueling | Wifi | ATM | CAT Scale | Check Cashing | DEF Lanes | Pegasus | Truck Parking Spaces | Southern Tire Mart at Pilot / Truck Care | Mobile Ordering,Pilot Eats
1347,Pilot Dealer,65583 Pump Slough Rd,Pearl River,LA,70452,"I-59, Exit 5A",30.37549245517949,-89.74023847352106,(985) 262-2820,103,7,0,Diesel Lanes | Diesel Mobile Fueling | ATM | CAT Scale | Check Cashing | Lottery | Pegasus,
1289,Pilot Dealer,4300 TX-91,Denison,TX,75020,"US-75, Exit 72",33.793467035603186,-96.55477168734558,(903) 462-1415,51,5,0,Diesel Lanes | Showers | Diesel Mobile Fueling | Wifi | CAT Scale | Check Cashing | Lottery | Pegasus | Public Laundry | Truck Parking Spaces,
1328,Pilot Travel Center,2325 Sierra Lakes Pkwy,Rialto,CA,92377,"CA-210, Exit 68",34.13775098776255,-117.41972522080961,(909) 903-3641,91,8,7,Diesel Lanes | Showers | Prime Parking Spaces | Diesel Mobile Fueling | Premium Wifi | Wifi | ATM | CAT Scale | Check Cashing | DEF Lanes | Drivers Lounge | Lottery | Pegasus | Public Laundry | Truck Parking Spaces | Mobile Ordering,Arby's | Cinnabon | Pilot Eats
1384,Pilot Dealer,90480 66th Ave,Mecca,CA,92254,CA-86 & 66th Ave,33.570227302201324,-116.0903453406246,(760) 396-5243,20,8,0,Diesel Lanes | Showers | Diesel Mobile Fueling | ATM | CAT Scale | Check Cashing | DEF Lanes | Lottery | Pegasus | Truck Parking Spaces,
1385,Pilot Dealer,10951 Cedar Ave,Bloomington,CA,92316,"I-10, Exit 66",34.05533502317105,-117.39552785681742,(909) 237-8085,20,8,0,Diesel Lanes | Diesel Mobile Fueling | ATM | Check Cashing | DEF Lanes | Lottery | Pegasus | Truck Parking Spaces,
1383,Pilot Dealer,5750 Commerce Sq,Jonesboro,AR,72401,"I-555, Exit 39",35.805202071721986,-90.62508793544738,(870) 938-0016,25,5,0,Diesel Lanes | Showers | Diesel Mobile Fueling | Wifi | ATM | DEF Lanes | Lottery | Pegasus | Truck Parking Spaces,
1349,Xpress Fuel Travel Center,900 Frontage Rd,Van Horn,TX,79855,"I-10, Exit 140B",31.039088635332803,-104.81544557080248,(915) 335-8044,50,7,4,Diesel Lanes | Diesel Mobile Fueling | ATM | DEF Lanes | Lottery | Pegasus | Truck Parking Spaces | Electric Vehicle Charging Station | Mobile Ordering,Pilot Eats
1362,ONE9 Dealer,2201 N Park Dr,Winslow,AZ,86047,"I-40, Exit 253",35.04306806223185,-110.69934999336411,(928) 248-2070,120,8,0,Diesel Lanes | Showers | Diesel Mobile Fueling | DEF Lanes,
1366,ONE9 Travel Center,15060 US-641 S,Holladay,TN,38341,"I-40, Exit 126",35.843010167500815,-88.08471945506712,(731) 734-0060,118,8,6,Diesel Lanes | Showers | Diesel Mobile Fueling | Wifi | ATM | CAT Scale | Check Cashing | DEF Lanes | Drivers Lounge | Lottery | Pegasus | Public Laundry | Truck Parking Spaces | Mobile Ordering,Pilot Eats
1326,Pilot Travel Center,2300 E Steel Rd,Colton,CA,92324,"I-10, Exit 73A East or 72 West",34.062357318491614,-117.28874150905894,(909) 780-1019,50,6,0,Diesel Lanes | Prime Parking Spaces | Diesel Mobile Fueling | Check Cashing | Cylinder Propane | DEF Lanes | Public Laundry | Truck Parking Spaces | Mobile Ordering,Pilot Eats EXPRESS
1354,Pilot Travel Center,6001 US-385,Odessa,TX,79766,US-385 & TX-338,31.780062723758853,-102.36863673067111,(432) 617-0028,31,6,4,Diesel Lanes | Showers | Prime Parking Spaces | Diesel Mobile Fueling | ATM | Pegasus | Public Laundry | Truck Parking Spaces | Electric Vehicle Charging Station | Mobile Ordering,Pilot Eats
1395,ONE9 Dealer,22535 S Las Vegas Blvd,Jean,NV,89019,"I-15, Exit 12",35.77979502890963,-115.32468313892348,(702) 874-1515,0,7,0,Diesel Lanes | Diesel Mobile Fueling | ATM | Check Cashing | Cylinder Propane | Game Room | Pegasus,
484,ONE9 Travel Center,43 W Park Ave,Ash Fork,AZ,86320,"I-40, Exit 146",35.222338,-112.478669,(928) 754-1285,40,7,4,Electric Vehicle Charging Station | Mobile Ordering,Pilot Eats
1358,ONE9 Travel Center,3303 W Historic Hwy 66,Gallup,NM,87301,"I-40, Exit 16",35.50590819635636,-108.82681016700363,(505) 356-7565,63,7,4,Mobile Ordering,Pilot Eats
1401,ONE9 Dealer,14170 US-441,Lake City,FL,32024,"I-75, Exit 414",29.995820045267745,-82.59841576994059,(386) 754-6511,12,5,0,Diesel Lanes | Diesel Mobile Fueling | Wifi | ATM | Check Cashing | Cylinder Propane | DEF Lanes | Lottery | Pegasus | Truck Parking Spaces,
1379,ONE9 Dealer,3004 I-30,Greenville,TX,75402,"I-30, Exit 97",33.1340515,-96.0545726,(430) 242-1134,80,7,0,Diesel Lanes | Showers | Diesel Mobile Fueling | ATM | Check Cashing | DEF Lanes | Drivers Lounge | Lottery | Pegasus | Truck Parking Spaces,
1402,ONE9 Dealer,2091 FL-71,Marianna,FL,32448,"I-10, Exit 142",30.71693456070478,-85.18617136326903,(850) 633-2467,0,4,0,Diesel Lanes | Diesel Mobile Fueling | ATM | Check Cashing | DEF Lanes | Lottery | Pegasus | Truck Parking Spaces,
1403,ONE9 Dealer,6723 US-129,Jasper,FL,32052,"I-75, Exit 451",30.4461191431738,-82.93426457053313,(386) 792-1898,10,4,0,Diesel Lanes | Diesel Mobile Fueling | Wifi | ATM | Bulk Propane | Check Cashing | Cylinder Propane | Lottery | Pegasus | Truck Parking Spaces,
1359,ONE9 Travel Center,400 USA Parkway (Hwy 439),Sparks,NV,89437,"I-80, Exit 32",39.559014533092466,-119.4898624297425,(775) 316-7002,40,7,0,Game Room | Mobile Ordering,Pilot Eats
1251,ONE9 Travel Center,399 McCormick St,Wamsutter,WY,82336,"I-80, Exit 173",41.674144,-107.978979,(307) 372-9196,58,8,4,Electric Vehicle Charging Station | Mobile Ordering,Pilot Eats
1393,ONE9 Dealer,904 W Barbours Cut Blvd,La Porte,TX,77571,,29.673774,-95.0286691,(281) 842-7200,55,7,0,Diesel Lanes | Showers | Diesel Mobile Fueling | ATM | CAT Scale | Check Cashing | DEF Lanes | Lottery | Pegasus | Truck Parking Spaces,
1372,Flying J Travel Center,10835 S Double R Dr,Yucca,AZ,86438,"I-40, Exit 28",34.91403046436292,-114.15550017569021,(928) 754-0852,141,10,9,Electric Vehicle Charging Station | Mobile Ordering,Cinnabon | Pilot Eats
1056,Flying J Travel Center,14896 OH-49,Edon,OH,43518,"I-90, Exit OH-49",41.633628429360535,-84.76529981286129,(419) 688-5005,143,9,9,Diesel Lanes | Showers | Prime Parking Spaces | Diesel Mobile Fueling | ATM | CAT Scale | Check Cashing | DEF Lanes | Drivers Lounge | Lottery | Pegasus | Public Laundry | Truck Parking Spaces | Electric Vehicle Charging Station | Mobile Ordering,Pilot Eats
1208,Pilot Travel Center,3075 Gila Ridge Rd,Yuma,AZ,85365,"I-8, Exit 3",32.685999491151826,-114.5792705512746,(928) 857-2036,88,8,9,Electric Vehicle Charging Station | Mobile Ordering,Cinnabon | Pilot Eats
1380,Pilot Dealer,8001 E Expressway 83,Mercedes,TX,78570,,26.16026181491087,-97.8772471110557,(956) 903-4443,60,5,0,Diesel Lanes | Showers | Diesel Mobile Fueling | ATM | CAT Scale | Check Cashing | DEF Lanes | Lottery | Pegasus | Public Laundry | Truck Parking Spaces,
1411,ONE9 Dealer,1275 E Business Loop,Bowie,AZ,85605,"I-10, Exit 366",32.319016904595756,-109.45230432869778,(520) 847-2511,50,4,0,Diesel Lanes,
1360,Pilot Dealer,297 Treeland Dr,Mayfield,KY,42066,"I-69, Exit 25",36.76588074408191,-88.64202568883982,(270) 356-1361,23,6,0,Diesel Lanes | Diesel Mobile Fueling,
1291,ONE9 Dealer,2606 FM 174,Bowie,TX,76230,US-287 & FM174,33.57565393796246,-97.89710323725156,(940) 872-8804,23,4,0,,
1413,ONE9 Dealer,5150 State Park Rd,Dublin,VA,24084,"I-81, Exit 101",37.086292070578594,-80.64982793684005,(540) 674-4552,75,12,0,,
1414,ONE9 Dealer,5151 N Fork Rd,Elliston,VA,24087,"I-81, Exit 128",37.232816409131146,-80.23973724713414,(540) 268-9500,50,6,0,Diesel Lanes | Showers | Diesel Mobile Fueling,
1415,ONE9 Dealer,293 County Rd 470,Lake Panasoffkee,FL,33538,"I-75, Exit 321",28.753679634554356,-82.09900276160978,(352) 793-1233,21,6,0,,
1416,ONE9 Dealer,4880 Mountain Creek Pkwy,Dallas,TX,75236,"I-20, Exit 458",32.67244796951816,-96.96822497056961,(972) 709-7560,12,3,0,,
1412,Pilot Dealer,16452 W Russell Rd,Zion,IL,60083,"I-94, Exit 1 / I-41 1A",42.48790053472149,-87.95103862077652,(847) 395-5000,80,6,0,,
1429,ONE9 Dealer,2001 Hwy 30 W,Fruitland,ID,83619,,43.973959085762075,-116.9128283504463,(208) 452-5105,42,6,0,,
1432,ONE9 Dealer,2129 Barr Pl,Brighton,CO,80603,"I-76, Exit 21",39.95612928283018,-104.76904761201322,(720) 743-2568,0,8,0,,
1424,ONE9 Dealer,7051 McCracken Rd,Westley,CA,95387,"I-5, Exit 441",37.544293440341846,-121.27049127392522,(209) 343-5010,80,6,0,,
1365,ONE9 Dealer,5495 Co Rd 388,Cusseta,AL,36852,"I-85, Exit 70",32.74473838618367,-85.27912307767909,(334) 476-4505,60,4,0,Diesel Lanes | Showers | Diesel Mobile Fueling | ATM | CAT Scale | Check Cashing | DEF Lanes | Drivers Lounge | Lottery | Public Laundry | Truck Parking Spaces,
7996,Pilot Dealer,2700 Chamber Dr,Monroe,NC,28110,US-74 & Chamber Dr,35.051223176713535,-80.61890950342502,(980) 315-4010,50,8,0,Diesel Lanes | Showers | Wifi | ATM | DEF Lanes | Lottery | Pegasus,
1399,Pilot Dealer,15112 West Camelback Road,Litchfield Park,AZ,85340,Hwy 303 & Camelback Road,33.509186212220335,-112.38513132945616,(480) 261-4674,18,5,0,Diesel Lanes | Diesel Mobile Fueling | ATM | Bulk Propane | CAT Scale | Check Cashing | DEF Lanes | Lottery | Pegasus | Truck Parking Spaces,
1287,Pilot Dealer,133 FM 314,Van,TX,75790,"I-20, Exit 540",32.50451696529046,-95.64247510185241,(903) 963-2300,106,10,0,,
1419,ONE9 Dealer,20204 I-35,Lytle,TX,78052,"I-35, Exit 131",29.22039904923907,-98.79481529413793,(830) 209-5544,67,6,0,Diesel Lanes | Showers | Diesel Mobile Fueling | DEF Lanes | Truck Parking Spaces,
1381,Pilot Dealer,1656 S Market St,Hearne,TX,77859,US-190,30.863026345219208,-96.58208007507358,(979) 500-3554,46,7,0,Diesel Lanes | Showers | Diesel Mobile Fueling | ATM | DEF Lanes | Lottery | Pegasus | Truck Parking Spaces,
1417,ONE9 Dealer,12016 I-35,Lorena,TX,76655,"I-35, Exit 323",31.3951335,-97.2069101,(254) 655-5165,20,6,0,Diesel Lanes | Showers | Diesel Mobile Fueling | Wifi | ATM | Cylinder Propane | DEF Lanes | Drivers Lounge | Lottery | Pegasus | Public Laundry | Truck Parking Spaces,
1283,Pilot Dealer,4750 I-45 S,Corsicana,TX,75110,I-45 & TX-31,32.040705320157464,-96.44792369173126,(903) 386-0125,0,8,0,Diesel Lanes | Showers | Prime Parking Spaces | Diesel Mobile Fueling | ATM | CAT Scale | Check Cashing | Cylinder Propane | DEF Lanes | Game Room | Lottery | Pegasus | Public Laundry | Truck Parking Spaces,
1390,Pilot Travel Center,130 Interstate Exchange Way,Ellabell,GA,31308,"I-16, Exit 143",32.18222432575096,-81.45693547703247,(912) 937-0954,72,8,11,Electric Vehicle Charging Station | Mobile Ordering,Pilot Eats
136,One9 Travel Center,3022 S 1st St,Tucumcari,NM,88401,"I-40, Exit 332",35.14967816989508,-103.7241872906685,(575) 247-6296,29,7,4,Diesel Lanes | Showers | Diesel Mobile Fueling | Premium Wifi | Wifi | ATM | Check Cashing | Cylinder Propane | DEF Lanes | Pegasus | Public Laundry | Truck Parking Spaces | Mobile Ordering,Pilot Eats
1370,Pilot Travel Center,14070 Mines Rd,Laredo,TX,78045,,27.620348976512386,-99.52463603439331,(956) 646-9315,53,10,9,Diesel Lanes | Showers | Prime Parking Spaces | Diesel Mobile Fueling | Premium Wifi | Wifi | ATM | CAT Scale | Check Cashing | Cylinder Propane | DEF Lanes | Drivers Lounge | Lottery | Pegasus | Public Laundry | Truck Parking Spaces | Mobile Ordering,Pilot Eats
1433,Pilot Dealer,17405 S 40th St,Phoenix,AZ,85048,"TX-202, Exit 56",33.28876465878624,-111.99658385483873,(623) 777-8712,10,4,0,Diesel Lanes | Showers | Diesel Mobile Fueling | Wifi | ATM | Bulk Propane | Cylinder Propane | DEF Lanes | Lottery | Pegasus | Public Laundry | Truck Parking Spaces,
1440,Pilot Dealer,115 US-167,Bald Knob,AR,72010,"US-67, Exit 55",35.321672970909596,-91.56232428217432,(870) 292-7020,80,6,0,Diesel Lanes | Showers | Diesel Mobile Fueling | ATM | CAT Scale | Check Cashing | Cylinder Propane | DEF Lanes | Public Laundry | Truck Parking Spaces,
851,Flying J Travel Center,1255 Dallas Dr,Monte Creek,BC,V0E 2M0,"Hwy 1, Exit 397 W/396 E",50.6473756145033,-119.98179865142613,(778) 244-4055,30,7,4,Diesel Lanes | Showers | Diesel Mobile Fueling | ATM | Check Cashing | Lottery | Pegasus | Public Laundry | Truck Parking Spaces,Pilot Eats
1463,ONE9 Dealer,18889 S Frontage Rd,Welsh,LA,70591,"I-10, Exit 48",30.244014223046314,-92.92774374042487,(337) 358-4030,60,5,0,Diesel Lanes | Showers | Diesel Mobile Fueling | Wifi | ATM | Bulk Propane | DEF Lanes | Lottery | Pegasus | Public Laundry | Truck Parking Spaces,
1436,Pilot Travel Center,3680 AL-81,Tuskegee,AL,36083,"I-85, Exit 38",32.4715685,-85.6903832,(334) 226-4071,93,7,7,Diesel Lanes | Prime Parking Spaces | Diesel Mobile Fueling | ATM | CAT Scale | Pegasus | Public Laundry | Electric Vehicle Charging Station | Mobile Ordering,Pilot Eats
1439,Pilot Travel Center,420 N Lobdell Hwy,Port Allen,LA,70767,"I-10, Exit 151",30.454249269882123,-91.24652667055226,(225) 263-1366,50,6,5,Mobile Ordering,Pilot Eats
1336,Pilot Dealer,802 Ave G,Kentwood,LA,70444,"I-55, Exit 61",30.936167086615757,-90.52201866047389,(985) 614-5020,94,7,0,Diesel Lanes | Showers | Diesel Mobile Fueling | Wifi | ATM | CAT Scale | Check Cashing | DEF Lanes | Drivers Lounge | Lottery | Pegasus | Public Laundry | Truck Parking Spaces,
1490,Pilot Travel Center,7530 TN-222,Mason,TN,38049,"I-40, Exit 42",35.38851435538351,-89.41083766403199,(901) 352-6561,83,11,11,Diesel Lanes | Showers | Prime Parking Spaces | Diesel Mobile Fueling | ATM | CAT Scale | Check Cashing | Drivers Lounge | Lottery | Pegasus | Public Laundry | Truck Parking Spaces | Mobile Ordering,Cinnabon | Subway | Pilot Eats
1452,Pilot Travel Center,159 Michael Spann Dr,Winfield,AL,35594,"I-22, Exit 30",33.992100937190386,-87.77821140975952,(659) 265-0547,77,8,9,Diesel Lanes | Showers | Prime Parking Spaces | Diesel Mobile Fueling | ATM | CAT Scale | Check Cashing | DEF Lanes | Drivers Lounge | Pegasus | Public Laundry | Truck Parking Spaces | Southern Tire Mart at Pilot / Truck Care | Mobile Ordering,Pilot Eats
1470,Pilot Dealer,2360 US-59,Carthage,TX,75633,US-59 SW Loop & Klondike St,32.14755571601289,-94.32588784234524,(903) 263-0586,49,5,0,Diesel Lanes | Showers | Diesel Mobile Fueling | ATM | Check Cashing | DEF Lanes | Game Room | Lottery | Pegasus | Truck Parking Spaces,
1428,ONE9 Dealer,122 W Simplot Blvd,Caldwell,ID,83605,I-84BL & W Simplot Blvd,43.670313127254886,-116.69924988699886,(208) 459-0027,12,6,0,Diesel Lanes | Diesel Mobile Fueling | ATM | Bulk Propane | CAT Scale | Cylinder Propane | DEF Lanes | Lottery | Pegasus | Truck Parking Spaces,
1434,ONE9 Dealer,14416 Slover Ave,Fontana,CA,92337,"I-10, Exit 48",34.063147895525574,-117.49131085868837,(909) 822-4415,183,7,0,Diesel Lanes | Showers | Diesel Mobile Fueling | ATM | DEF Lanes | IdleAir | Pegasus | Public Laundry | Truck Parking Spaces | Truck Wash,
1447,ONE9 Dealer,550 Wake Ave,El Centro,CA,92243,"I-8, Exit 115",32.771732600258886,-115.55497775930186,(760) 352-0044,120,6,0,,
1458,Pilot Dealer,23261 Cajalco Expressway,Perris,CA,92570,"I-215, Cajalco Expressway",33.84032187699722,-117.25539763748645,(951) 742-8060,36,9,0,Diesel Lanes | Diesel Mobile Fueling | Wifi | ATM | CAT Scale | Check Cashing | Cylinder Propane | DEF Lanes | Lottery | Pegasus | Truck Parking Spaces,
1459,ONE9 Dealer,6162 US-51,DeForest,WI,53532,"I-90, Exit 132",43.18325110470052,-89.32250547393217,(608) 246-3040,100,6,0,Diesel Lanes | Diesel Mobile Fueling,
1460,Pilot Dealer,1 Cieten Plaza,Barry,IL,62312,"I-72, Exit 20",39.702068017336266,-91.03805095812758,(217) 335-2594,35,5,0,,
1461,Pilot Dealer,905 Sauk Trail Rd,Cedar Grove,WI,53013,"I-43, Exit 113",43.57237092947087,-87.7994622736454,(920) 668-6403,20,6,0,,
1462,ONE9 Dealer,5000 I-10 W,Orange,TX,77632,"I-10, Exit 874",30.117584944575682,-93.79552091033483,(281) 676-5532,120,9,0,Diesel Lanes | Showers | Diesel Mobile Fueling | ATM | Check Cashing | DEF Lanes | Drivers Lounge | Lottery | Pegasus | Public Laundry | Truck Parking Spaces,
1467,Pilot Dealer,1445 E Sauk Trail,Chicago Heights,IL,60487,Hwy 394 & Sauk Trail,41.48818406271673,-87.57934957332297,(708) 898-9040,73,6,0,Diesel Lanes | Showers | Diesel Mobile Fueling | Wifi | ATM | Bulk Propane | CAT Scale | DEF Lanes | Game Room | Lottery | Pegasus | Truck Parking Spaces,
1471,ONE9 Dealer,510 S Bolingbrook Dr,Bolingbrook,IL,60440,"I-55, Exit 267",41.682418414075926,-88.0665912828207,(630) 739-7006,200,10,0,,
1382,Pilot Travel Center,7044 County Rd 49,Hudson,CO,80642,"I-76, Exit 34",40.1043,-104.603,(720) 773-8351,117,8,9,Electric Vehicle Charging Station | Mobile Ordering,Cinnabon | Pilot Eats
1312,Xpress Fuel Travel Center,581 Vinton Rd,Vinton,TX,79821,"I-10, Exit 2",31.9582,-106.586,(915) 306-1319,35,8,4,Diesel Lanes | Showers | ATM | Check Cashing | Pegasus | Truck Parking Spaces | Mobile Ordering,Pilot Eats
1473,ONE9 Dealer,8075 S Access Rd W,Clyde,TX,79510,"I-20, Exit 299",32.41741469434175,-99.5271523975706,(325) 893-4760,30,7,0,Diesel Lanes | Showers | Diesel Mobile Fueling | ATM | DEF Lanes | Lottery | Pegasus | Truck Parking Spaces | Truck Wash,
1396,ONE9 Dealer,21251 US-322,Strattanville,PA,16258,"I-80, Exit 70",41.18399509723943,-79.246270612944,(814) 351-5000,116,8,0,Diesel Lanes,Dunkin Express | Jimmy John's
1450,Pilot Travel Center,4392 El Indio Hwy,Eagle Pass,TX,78852,TX-480 Loop & FM 1021,28.6696,-100.455,(830) 302-2113,85,8,9,,Pilot Eats
1477,ONE9 Dealer,900 Lewis Ranch Road,Moapa,NV,89025,"I-15, Exit 91",36.664053,-114.560722,(725) 239-7500,15,5,0,Diesel Lanes | Diesel Mobile Fueling | ATM | DEF Lanes | Game Room | Pegasus | Truck Parking Spaces,
1335,ONE9 Dealer,110 U.S. 67,Venus,TX,76084,US-67 & FM 157,32.43665,-97.10582,(469) 409-5125,6,4,0,,
1418,ONE9 Dealer,1120 FM 775,Seguin,TX,78155,"I-10, Exit 601",29.5390524,-98.0728941,(830) 415-0901,52,6,0,,
1422,ONE9 Dealer,820 Central Ave,Moriarty,NM,87035,"I-40, Exit 197",35.003907569789874,-106.02891324293562,(505) 832-4455,85,5,0,,
1426,ONE9 Dealer,612 Northside Blvd,Nampa,ID,83687,,43.598673067871815,-116.57232919853695,(208) 466-0802,61,4,0,,
1478,Pilot Dealer,3011 Lawe St,Kaukauna,WI,54130,"I-41, Exit 150",44.307740040629255,-88.25068111191823,(920) 766-4747,50,5,0,,
1446,Pilot Travel Center,2923 Hwy 81,Ponce de Leon,FL,32455,"I-10, Exit 96",30.716138014060412,-85.93498925893314,(850) 719-5867,87,8,9,Diesel Lanes | Showers | Electric Vehicle Charging Station,McDonalds | Pilot Eats
1476,Pilot Dealer,1890 Crystal Pkwy,Belvidere,IL,61008,I-90 & Genoa Rd.,42.2353046,-88.818726,(779) 552-7895,63,5,0,,
1481,ONE9 Dealer,3934 US-231,Ozark,AL,36360,US-Hwy 231,31.424771661480836,-85.6180382381209,(334) 432-7027,60,8,0,,
1482,ONE9 Dealer,1420 Main St S,Sauk Centre,MN,56378,"I-94, Exit 127",45.71728296134687,-94.95518002140335,(320) 352-5241,180,14,0,,
1480,ONE9 Dealer,30 W 800 North,Parowan,UT,84761,"I-15, Exit 78",37.855965524577165,-112.82912707828058,(435) 264-3340,15,5,0,,
1488,ONE9 Dealer,720 E Cheyenne Ave,North Las Vegas,NV,89030,"I-15, Exit 46/Morton Site",36.218321579992505,-115.13108505642745,(425) 337-0240,10,5,0,,
1327,Pilot Travel Center,357 Burnett Rd,Chicopee,MA,01020,"I-90, Exit 51 to I-291",42.1651464,-72.5451751,(413) 435-4244,25,7,6,Electric Vehicle Charging Station,Pilot Eats
1483,Pilot Dealer,2209 E Court St,Kankakee,IL,60901,,41.11991684808617,-87.83376071435436,(779) 701-5158,100,5,0,Showers | Diesel Mobile Fueling | Wifi | ATM | CAT Scale | Cylinder Propane | Drivers Lounge | Game Room | Lottery,
1479,ONE9 Dealer,1155 N Cedar Mountain Rd,Fillmore,UT,84631,"I-15, Exit 167",38.99429542389143,-112.32444707908115,(435) 743-6508,30,9,0,,
1492,ONE9 Dealer,10150 Clark R. Petersen Blvd,Nellis AFB,NV,89191,"I-15, Exit 58",36.309060630194494,-114.95145903745804,(702) 356-9570,30,3,0,,
1501,ONE9 Dealer,3555 W Winnemucca Blvd,Winnemucca,NV,89445,"I-80, Exit 176",40.95166,-117.75938,(775) 245-7656,36,6,0,,
1503,ONE9 Dealer,2055 S State St,Salina,UT,84654,"I-70, Exit 56",38.930028972016295,-111.85378200148583,(435) 287-0546,67,3,0,,
1504,ONE9 Dealer,670 U.S. 95,Searchlight,NV,89046,Hwy 95,35.460961744417084,-114.91834359753915,(702) 297-1080,50,3,0,,
1497,Pilot Dealer,1910 W Reynolds St,Pontiac,IL,61764,"I-55, Exit 197",40.87284572851308,-88.66571975491084,(815) 844-4917,11,3,0,,
1489,ONE9 Dealer,1310 W Spruce St,Deming,NM,88030,"I-10, Exit 81",32.26590355340174,-107.77442923630605,(575) 544-7373,50,4,0,,
1495,Pilot Dealer,14640 S Cicero Ave,Midlothian,IL,60445,"I-294, Exit 12A",41.62597444228993,-87.73812511441628,(708) 377-6688,12,3,0,,
1505,Pilot Dealer,102 Empire St,Atlanta,IL,61723,"I-55, Old Rte 66 E, Exit 133",40.25769747713462,-89.22564465745953,(217) 308-1088,40,5,0,,
1494,Pilot Dealer,1221 N Rohlwing Rd,Itasca,IL,60143,"I-290, Exit 5",41.990060698755414,-88.03051723834324,(847) 250-5484,0,3,0,,
1512,ONE9 Dealer,3302 S Eastman Rd,Longview,TX,75602,I-20/Eastman,32.452382124048064,-94.70715801163631,(903) 248-4300,15,4,0,,