source_ref,official_name,brand_family,name,address,city,state,zip,lat,lng,interstate,exit_number,interstate_raw,parking_spaces,fuel_lanes,showers,overnight_parking,parking_restrictions,cat_scale,amenities,has_parking
30,Pilot Travel Center,Pilot,Pilot Travel Center #30,2640 N 600 W,Greenfield,IN,46140,39.82150283618834,-85.91623097168883,I-70,96,"I-70, Exit 96",90,9,9,,,true,Diesel Lanes | Showers | Prime Parking Spaces | Diesel Mobile Fueling | Premium Wifi | ATM | CAT Scale | Check Cashing | Cylinder Propane | DEF Lanes | Game Room | Lottery | Pegasus | Truck Parking Spaces | Electric Vehicle Charging Station | Bridgestone Tire Monitoring | Mobile Ordering,true
3,Pilot Travel Center,Pilot,Pilot Travel Center #3,1150 North Canfield Niles Road,Youngstown,OH,44515,41.12874281677272,-80.76935871831589,I-80,223,"I-80, Exit 223",200,13,8,,,true,Diesel Lanes | Showers | Prime Parking Spaces | Diesel Mobile Fueling | Premium Wifi | ATM | CAT Scale | Check Cashing | Cylinder Propane | DEF Lanes | Game Room | Lottery | Pegasus | Public Laundry | Truck Parking Spaces | Bridgestone Tire Monitoring | Mobile Ordering,true
61,ONE9 Travel Center,ONE9,ONE9 Travel Center #61,12818 SC-56,Clinton,SC,29325,34.509127,-81.858031,I-26,52,"I-26, Exit 52",21,6,3,,,true,Diesel Lanes | Showers | Diesel Mobile Fueling | Premium Wifi | ATM | CAT Scale | Check Cashing | Cylinder Propane | DEF Lanes | Lottery | Pegasus | Truck Parking Spaces | Mobile Ordering,true
118,Pilot Travel Center,Pilot,Pilot Travel Center #118,7801 Alcoa Rd,Benton,AR,72019,34.6083708,-92.5334365,I-30,121,"I-30, Exit 121",76,8,8,,,true,Diesel Lanes | Showers | Prime Parking Spaces | Diesel Mobile Fueling | Premium Wifi | ATM | CAT Scale | Check Cashing | DEF Lanes | Game Room | Lottery | Pegasus | Public Laundry | Truck Parking Spaces | Electric Vehicle Charging Station | Bridgestone Tire Monitoring | Southern Tire Mart at Pilot / Truck Care | Mobile Ordering,true
146,Pilot Travel Center,Pilot,Pilot Travel Center #146,995 US-9,Castleton-On-Hudson,NY,12033,42.497923883051094,-73.67463536119345,I-90,12,"I-90, Exit 12",35,7,4,,,true,Diesel Lanes | Showers | Prime Parking Spaces | Diesel Mobile Fueling | Premium Wifi | ATM | CAT Scale | Check Cashing | DEF Lanes | Game Room | Lottery | Pegasus | Truck Parking Spaces | Electric Vehicle Charging Station | Mobile Ordering,true
154,Pilot Travel Center,Pilot,Pilot Travel Center #154,14808 Warren St,Lost Hills,CA,93249,35.615131,-119.658782,I-5,278,"I-5/CA-46, Exit 278",60,7,7,,,true,Diesel Lanes | Showers | Prime Parking Spaces | Diesel Mobile Fueling | ATM | CAT Scale | Check Cashing | Cylinder Propane | DEF Lanes | Game Room | Live Parking | Lottery | Pegasus | Public Laundry | Truck Parking Spaces | Bridgestone Tire Monitoring | Mobile Ordering,true
275,Pilot Travel Center,Pilot,Pilot Travel Center #275,3807 Statesville Ave,Charlotte,NC,28206,35.2704815,-80.8381034,I-85,39,"I-85/77, Exit 39",32,7,5,,,true,Diesel Lanes | Showers | Prime Parking Spaces | Diesel Mobile Fueling | Premium Wifi | ATM | CAT Scale | Check Cashing | DEF Lanes | Game Room | Lottery | Pegasus | Truck Parking Spaces | Mobile Ordering,true
279,Pilot Travel Center,Pilot,Pilot Travel Center #279,769 E Frontage Rd,Rio Rico,AZ,85648,31.430933704281088,-110.96196054038465,I-19,12,"I-19/AZ-289, Exit 12",90,7,11,,,false,Electric Vehicle Charging Station | Mobile Ordering,true
309,Pilot Travel Center,Pilot,Pilot Travel Center #309,44133 Fairground Rd,Caldwell,OH,43724,39.7375172,-81.5276703,I-77,25,"I-77, Exit 25",32,5,5,,,true,Diesel Lanes | Showers | Diesel Mobile Fueling | Premium Wifi | ATM | CAT Scale | Check Cashing | Cylinder Propane | DEF Lanes | Game Room | Lottery | Pegasus | Truck Parking Spaces | Electric Vehicle Charging Station | Bridgestone Tire Monitoring | Mobile Ordering,true
368,Pilot Travel Center,Pilot,Pilot Travel Center #368,4030 E Boyd Rd,Decatur,IL,62521,39.907519,-88.895694,I-72,144,"I-72, Exit 144",70,9,7,,,true,Diesel Lanes | Showers | Prime Parking Spaces | Diesel Mobile Fueling | Premium Wifi | ATM | CAT Scale | Check Cashing | DEF Lanes | Game Room | Lottery | Pegasus | Public Laundry | Truck Parking Spaces | Electric Vehicle Charging Station | Mobile Ordering,true
386,Pilot Travel Center,Pilot,Pilot Travel Center #386,4220 Brooklake Rd NE,Salem,OR,97305,45.04875945286386,-122.974879362258,I-5,263,"I-5, Exit 263",88,8,7,,,true,Diesel Lanes | Showers | Prime Parking Spaces | Diesel Mobile Fueling | Premium Wifi | ATM | CAT Scale | Check Cashing | DEF Lanes | Live Parking | Lottery | Pegasus | Public Laundry | Truck Parking Spaces | Electric Vehicle Charging Station | Bridgestone Tire Monitoring | Mobile Ordering,true
390,Pilot Travel Center,Pilot,Pilot Travel Center #390,2115 S Hwy 395,Stanfield,OR,97875,45.765959885274036,-119.20570871753203,I-84,188,"I-84, Exit 188",112,7,0,,,true,Diesel Lanes | Showers | Prime Parking Spaces | Diesel Mobile Fueling | Premium Wifi | ATM | Bulk Propane | CAT Scale | Check Cashing | Cylinder Propane | DEF Lanes | Live Parking | Lottery | Pegasus | Public Laundry | Truck Parking Spaces | Mobile Ordering,true
412,Pilot Travel Center,Pilot,Pilot Travel Center #412,3624 Roy Messer Hwy,White Pine,TN,37890,36.108963277219395,-83.33399695833587,I-81,4,"I-81, Exit 4",130,9,10,,,true,Diesel Lanes | Showers | Prime Parking Spaces | Diesel Mobile Fueling | Premium Wifi | ATM | CAT Scale | Check Cashing | Cylinder Propane | DEF Lanes | Game Room | IdleAir | Lottery | Pegasus | Public Laundry | Truck Parking Spaces | Electric Vehicle Charging Station | Bridgestone Tire Monitoring | Mobile Ordering,true
434,Pilot Travel Center,Pilot,Pilot Travel Center #434,2400 Alliance Gateway Fwy,Fort Worth,TX,76177,32.95772056313138,-97.307540815907,I-35,65,"I-35, Exit 65",181,9,12,,,true,Diesel Lanes | Showers | Prime Parking Spaces | Diesel Mobile Fueling | Premium Wifi | ATM | CAT Scale | Check Cashing | Cylinder Propane | DEF Lanes | Game Room | IdleAir | Lottery | Pegasus | Public Laundry | Truck Parking Spaces | Electric Vehicle Charging Station | Bridgestone Tire Monitoring | Southern Tire Mart at Pilot / Truck Care | Mobile Ordering,true
435,Pilot Travel Center,Pilot,Pilot Travel Center #435,2015 Antonio St,Anthony,TX,79821,31.99669374724544,-106.58611026983642,I-10,0,"I-10, Exit 0",79,9,8,,,true,Diesel Lanes | Showers | Prime Parking Spaces | Diesel Mobile Fueling | Premium Wifi | ATM | CAT Scale | Check Cashing | Cylinder Propane | DEF Lanes | Game Room | Lottery | Pegasus | Public Laundry | Truck Parking Spaces | Bridgestone Tire Monitoring | Southern Tire Mart at Pilot / Truck Care | Mobile Ordering,true
473,Pilot Travel Center,Pilot,Pilot Travel Center #473,23841 W Eames St,Channahon,IL,60410,41.457419491275054,-88.19226205158996,I-55,248,"I-55, Exit 248",25,4,0,,,false,Diesel Lanes | Diesel Mobile Fueling | Premium Wifi | ATM | Check Cashing | Cylinder Propane | DEF Lanes | Game Room | Lottery | Pegasus | Truck Parking Spaces | Bridgestone Tire Monitoring | Mobile Ordering,true
514,Pilot Dealer,Pilot,Pilot Dealer #514,2903 Woodlawn Rd,Lincoln,IL,62656,40.15749940823152,-89.41270526994057,I-55,126,"I-55, Exit 126",100,10,0,,,true,Diesel Lanes | Showers | Diesel Mobile Fueling | ATM | CAT Scale | Check Cashing | DEF Lanes | Game Room | Lottery | Pegasus | Public Laundry | Truck Parking Spaces,true
601,Flying J Travel Center,Flying J,Flying J Travel Center #601,6098 McAshan Dr,McCalla,AL,35111,33.32187149007702,-87.04713296574555,I-20,104,"I-20/59, Exit 104",150,12,15,,,true,Diesel Lanes | Showers | Prime Parking Spaces | Diesel Mobile Fueling | Premium Wifi | ATM | Barber Shop | CAT Scale | Check Cashing | DEF Lanes | Drivers Lounge | Game Room | Pegasus | Public Laundry | Truck Parking Spaces | Electric Vehicle Charging Station | Bridgestone Tire Monitoring | Mobile Ordering,true
663,Flying J Travel Center,Flying J,Flying J Travel Center #663,1670 Waddy Rd,Waddy,KY,40076,38.156100172730525,-85.0671514662502,I-64,43,"I-64/KY-395, Exit 43",110,8,9,,,true,Diesel Lanes | Showers | Prime Parking Spaces | Diesel Mobile Fueling | Premium Wifi | ATM | CAT Scale | Check Cashing | Cylinder Propane | DEF Lanes | Game Room | Lottery | Pegasus | Public Laundry | Truck Parking Spaces | Electric Vehicle Charging Station | Mobile Ordering,true
677,Flying J Travel Center,Flying J,Flying J Travel Center #677,4740 Bethel Rd,Olive Branch,MS,38654,34.928495097566206,-89.79375319153878,,6,"US-78, Exit 6",72,7,9,,,true,Diesel Lanes | Showers | Prime Parking Spaces | Diesel Mobile Fueling | Premium Wifi | ATM | Bulk Propane | CAT Scale | Check Cashing | Cylinder Propane | DEF Lanes | Drivers Lounge | Game Room | Pegasus | Public Laundry | Truck Parking Spaces | Electric Vehicle Charging Station | Mobile Ordering,true
708,Flying J Travel Center,Flying J,Flying J Travel Center #708,1501 Harrisburg Pike,Carlisle,PA,17015,40.23502919205681,-77.12300440873719,I-81,"52 & I-76, Exit 226","I-81, Exit 52 & I-76, Exit 226",252,13,22,,,false,Electric Vehicle Charging Station | Mobile Ordering,true
717,Mr. Fuel Travel Center,Mr. Fuel Travel Center,Mr. Fuel Travel Center #717,3324 MO-100,Villa Ridge,MO,63089,38.47573552261796,-90.85136636107242,I-44,251,"I-44, Exit 251",11,7,4,,,true,Diesel Lanes | Showers | Diesel Mobile Fueling | Premium Wifi | ATM | CAT Scale | Check Cashing | DEF Lanes | Lottery | Pegasus | Mobile Ordering,true
734,Flying J Travel Center,Flying J,Flying J Travel Center #734,23412 TX-242,New Caney,TX,77357,30.192631343463216,-95.19280440799402,I-69,161,"I-69/US-59, Exit 161",150,8,9,,,true,Diesel Lanes | Showers | Prime Parking Spaces | Diesel Mobile Fueling | Premium Wifi | ATM | Bulk Propane | CAT Scale | Check Cashing | Cylinder Propane | DEF Lanes | Drivers Lounge | Game Room | Lottery | Pegasus | Public Laundry | Truck Parking Spaces | Electric Vehicle Charging Station | Southern Tire Mart at Pilot / Truck Care | Mobile Ordering,true
892,Pilot Dealer,Pilot,Pilot Dealer #892,1085 E Main St,Green River,UT,84525,38.995543006688784,-110.14848228991583,I-70,164,"I-70, Exit 164",100,5,0,,,true,Diesel Lanes | Showers | Diesel Mobile Fueling | Premium Wifi | ATM | CAT Scale | Check Cashing | DEF Lanes | Drivers Lounge | Game Room | Pegasus | Public Laundry | Truck Parking Spaces,true
1013,Pilot Licensed Location,Pilot,Pilot Licensed Location #1013,561 Business Hub Dr,Belgrade,MT,59714,45.773855,-111.199,I-90,298,"I-90, Exit 298",120,5,0,,,true,Diesel Lanes | Showers | Premium Wifi | ATM | CAT Scale | DEF Lanes | Drivers Lounge | Public Laundry | Truck Parking Spaces,true
1023,Pilot Travel Center,Pilot,Pilot Travel Center #1023,1920 E Denman Ave,Lufkin,TX,75901,31.317649847340558,-94.69881432944776,,,US-69 & Loop 287,47,7,4,,,false,Diesel Lanes | Showers | Prime Parking Spaces | Diesel Mobile Fueling | Premium Wifi | ATM | Check Cashing | Cylinder Propane | DEF Lanes | Lottery | Pegasus | Public Laundry | Truck Parking Spaces | Electric Vehicle Charging Station | Mobile Ordering,true
1030,Pilot Travel Center,Pilot,Pilot Travel Center #1030,12680 S Kedzie Ave,Alsip,IL,60803,41.66295476646664,-87.70057692142639,I-57,"353/I-294, Exit 12A","I-57, Exit 353/I-294, Exit 12A",76,7,4,,,true,Diesel Lanes | Showers | Prime Parking Spaces | Diesel Mobile Fueling | Premium Wifi | ATM | CAT Scale | Check Cashing | Cylinder Propane | DEF Lanes | Game Room | Lottery | Pegasus | Truck Parking Spaces | Bridgestone Tire Monitoring | Mobile Ordering,true
1058,Pilot Dealer,Pilot,Pilot Dealer #1058,17276 NE US Hwy 301,Waldo,FL,32694,29.81425446967623,-82.16885905772416,,,Hwy 301,50,5,0,,,true,Diesel Lanes | Showers | Diesel Mobile Fueling | ATM | CAT Scale | Check Cashing | DEF Lanes | Game Room | Lottery | Pegasus | Public Laundry | Truck Parking Spaces,true
4563,Flying J Travel Center,Flying J,Flying J Travel Center #4563,7833 Linglestown Rd,Harrisburg,PA,17112,40.35247188551114,-76.72698970428182,I-81,77,"I-81, Exit 77",115,9,10,,,true,Diesel Lanes | Showers | Prime Parking Spaces | Diesel Mobile Fueling | Premium Wifi | CAT Scale | Cylinder Propane | DEF Lanes | Pegasus | Truck Parking Spaces | Truck Wash | Bridgestone Tire Monitoring | Mobile Ordering,true
4566,Pilot Travel Center,Pilot,Pilot Travel Center #4566,2768 E Cherokee St,Blacksburg,SC,29702,35.16609438580472,-81.45147499183216,I-85,106,"I-85, Exit 106",114,9,7,,,true,Diesel Lanes | Showers | Prime Parking Spaces | Diesel Mobile Fueling | Premium Wifi | ATM | CAT Scale | Check Cashing | Cylinder Propane | DEF Lanes | Lottery | Pegasus | Truck Parking Spaces | Bridgestone Tire Monitoring | Mobile Ordering,true
4568,Pilot Travel Center,Pilot,Pilot Travel Center #4568,574 Bettis Academy Rd,Graniteville,SC,29829,33.60434790107278,-81.84092747668649,I-20,11,"I-20, Exit 11",56,8,6,,,true,Diesel Lanes | Showers | Prime Parking Spaces | Diesel Mobile Fueling | Premium Wifi | CAT Scale | Cylinder Propane | DEF Lanes | Pegasus | Truck Parking Spaces | Bridgestone Tire Monitoring | Mobile Ordering,true
237,Pilot Travel Center,Pilot,Pilot Travel Center #237,951 Work St,Salinas,CA,93901,36.66519154582201,-121.63015090798662,,326B,"US-101, Exit 326B",62,6,7,,,true,Diesel Lanes | Showers | Prime Parking Spaces | Diesel Mobile Fueling | Premium Wifi | ATM | CAT Scale | Check Cashing | DEF Lanes | Game Room | Live Parking | Lottery | Pegasus | Truck Parking Spaces | Bridgestone Tire Monitoring | Mobile Ordering,true
76,Pilot Travel Center,Pilot,Pilot Travel Center #76,4416 Skyland Blvd E,Tuscaloosa,AL,35405,33.17315449929658,-87.47864689131801,I-20,76,"I-20/59, Exit 76",71,8,8,,,true,Diesel Lanes | Showers | Prime Parking Spaces | Diesel Mobile Fueling | Premium Wifi | ATM | CAT Scale | Check Cashing | Cylinder Propane | DEF Lanes | Game Room | Pegasus | Public Laundry | Truck Parking Spaces | Electric Vehicle Charging Station | Bridgestone Tire Monitoring | Southern Tire Mart at Pilot / Truck Care | Mobile Ordering,true
163,Pilot Travel Center,Pilot,Pilot Travel Center #163,1124 E Motel Dr,Lordsburg,NM,88045,32.3425833,-108.6810972,I-10,24,"I-10, Exit 24",95,8,7,,,true,Diesel Lanes | Showers | Prime Parking Spaces | Diesel Mobile Fueling | Premium Wifi | ATM | CAT Scale | Check Cashing | DEF Lanes | Game Room | Lottery | Pegasus | Public Laundry | Truck Parking Spaces | Mobile Ordering,true
242,Pilot Travel Center,Pilot,Pilot Travel Center #242,1851 W 400 N,Shelbyville,IN,46176,39.5835087313222,-85.81814804458672,I-74,109,"I-74, Exit 109",68,8,7,,,false,Electric Vehicle Charging Station | Mobile Ordering,true
335,Pilot Travel Center,Pilot,Pilot Travel Center #335,103 Grimshaw St,Rayville,LA,71269,32.45940758197811,-91.7593958134918,I-20,138,"I-20/US-425, Exit 138",85,7,5,,,true,Diesel Lanes | Showers | Prime Parking Spaces | Diesel Mobile Fueling | Premium Wifi | ATM | CAT Scale | Check Cashing | Cylinder Propane | DEF Lanes | Game Room | Lottery | Pegasus | Truck Parking Spaces | Bridgestone Tire Monitoring | Mobile Ordering,true
365,Pilot Travel Center,Pilot,Pilot Travel Center #365,22717 Ave 18 1/2,Madera,CA,93637,37.018868769700454,-120.13309610344751,,159,"CA-99, Exit 159",81,12,11,,,true,Diesel Lanes | Showers | Prime Parking Spaces | Diesel Mobile Fueling | Premium Wifi | ATM | Bulk Propane | CAT Scale | Check Cashing | DEF Lanes | IdleAir | Live Parking | Lottery | Pegasus | Public Laundry | Truck Parking Spaces | Bridgestone Tire Monitoring | Southern Tire Mart at Pilot / Truck Care | Mobile Ordering,true
372,Pilot Travel Center,Pilot,Pilot Travel Center #372,31642 Castiac Rd,Castaic,CA,91384,34.49454436998097,-118.61992535714718,I-5,176,"I-5, Exit 176",54,8,7,,,true,Diesel Lanes | Showers | Prime Parking Spaces | Diesel Mobile Fueling | Premium Wifi | ATM | CAT Scale | Check Cashing | Cylinder Propane | DEF Lanes | Live Parking | Lottery | Pegasus | Public Laundry | Truck Parking Spaces | Bridgestone Tire Monitoring | Mobile Ordering,true
454,Pilot Travel Center,Pilot,Pilot Travel Center #454,1365 US-42,London,OH,43140,39.95909639570451,-83.36973511772156,I-70,79,"I-70, Exit 79",72,9,9,,,true,Diesel Lanes | Showers | Prime Parking Spaces | Diesel Mobile Fueling | Premium Wifi | ATM | CAT Scale | Check Cashing | Cylinder Propane | DEF Lanes | Game Room | Lottery | Pegasus | Public Laundry | Truck Parking Spaces | Electric Vehicle Charging Station | Bridgestone Tire Monitoring | Mobile Ordering,true
492,Pilot Travel Center,Pilot,Pilot Travel Center #492,170 Valley Street,Arkadelphia,AR,71923,34.18667113294739,-93.07017095887814,I-30,78 & Hwy 7,"I-30, Exit 78 & Hwy 7",78,8,7,,,true,Diesel Lanes | Showers | Prime Parking Spaces | Diesel Mobile Fueling | Premium Wifi | ATM | CAT Scale | Check Cashing | Cylinder Propane | DEF Lanes | Lottery | Pegasus | Public Laundry | Truck Parking Spaces | Bridgestone Tire Monitoring | Mobile Ordering,true
495,Pilot Travel Center,Pilot,Pilot Travel Center #495,4126 IA-21,Brooklyn,IA,52211,41.697904615668605,-92.35908192846355,I-80,201,"I-80, Exit 201",90,7,0,,,true,Diesel Lanes | Showers | Prime Parking Spaces | Diesel Mobile Fueling | Premium Wifi | ATM | CAT Scale | Check Cashing | Cylinder Propane | DEF Lanes | Game Room | Lottery | Pegasus | Public Laundry | Truck Parking Spaces | Electric Vehicle Charging Station | Mobile Ordering,true
498,Pilot Travel Center,Pilot,Pilot Travel Center #498,1954 S Mississippi Ave,Atoka,OK,74525,34.36463852185388,-96.14065662570454,,,US-69 & Redbud Ln,63,8,5,,,true,Diesel Lanes | Showers | Prime Parking Spaces | Diesel Mobile Fueling | Premium Wifi | ATM | CAT Scale | Check Cashing | Cylinder Propane | DEF Lanes | Lottery | Pegasus | Public Laundry | Truck Parking Spaces | Electric Vehicle Charging Station | Mobile Ordering,true
559,Pilot Travel Center,Pilot,Pilot Travel Center #559,706 E I-20 Frontage Rd,Big Spring,TX,79720,32.265696375745854,-101.47432580585442,I-20,178,"I-20, Exit 178",71,8,7,,,false,Electric Vehicle Charging Station | Mobile Ordering,true
596,Pilot Travel Center,Pilot,Pilot Travel Center #596,2424 Wadhams Rd,Smiths Creek,MI,48074,42.9767061,-82.5421841,I-69,196,"I-69, Exit 196",65,8,5,,,true,Diesel Lanes | Showers | Prime Parking Spaces | Diesel Mobile Fueling | Premium Wifi | Wifi | ATM | CAT Scale | Cylinder Propane | DEF Lanes | Game Room | Lottery | Pegasus | Public Laundry | Truck Parking Spaces | Electric Vehicle Charging Station | Mobile Ordering,true
633,Flying J Travel Center,Flying J,Flying J Travel Center #633,3600 GA-77,Greensboro,GA,30642,33.547337634902306,-83.07739674662704,I-20,138,"I-20, Exit 138",189,8,9,,,true,Diesel Lanes | Showers | Prime Parking Spaces | Diesel Mobile Fueling | Premium Wifi | ATM | Bulk Propane | CAT Scale | Check Cashing | Cylinder Propane | DEF Lanes | Drivers Lounge | Game Room | Lottery | Pegasus | Public Laundry | Truck Parking Spaces | Electric Vehicle Charging Station | Bridgestone Tire Monitoring | Mobile Ordering,true
689,Flying J Travel Center,Flying J,Flying J Travel Center #689,9911 Avalon Rd NW,Albuquerque,NM,87105,35.07946822134596,-106.745739167984,I-40,153,"I-40, Exit 153",165,12,15,,,false,Electric Vehicle Charging Station | Southern Tire Mart at Pilot / Truck Care | Mobile Ordering,true
696,Flying J Travel Center,Flying J,Flying J Travel Center #696,7735 E OH-37,Sunbury,OH,43074,40.2677136,-82.9246924,I-71,131,"I-71, Exit 131",150,12,15,,,true,Diesel Lanes | Showers | Prime Parking Spaces | Diesel Mobile Fueling | Premium Wifi | ATM | Bulk Propane | CAT Scale | Check Cashing | Cylinder Propane | DEF Lanes | Game Room | Lottery | Pegasus | Public Laundry | Truck Parking Spaces | Mobile Ordering,true
709,Flying J Travel Center,Flying J,Flying J Travel Center #709,5609 Nittany Valley Dr,Mill Hall,PA,17751,41.028628022237584,-77.52295059947508,I-80,173,"I-80, Exit 173",147,12,15,,,false,Electric Vehicle Charging Station | Mobile Ordering,true
772,Flying J Travel Center,Flying J,Flying J Travel Center #772,885 North Pointe Cir,North Salt Lake,UT,84054,40.836157790506405,-111.93407773859408,I-215,27,"I-215, Exit 27",42,5,4,,,false,Diesel Lanes | Showers | Diesel Mobile Fueling | Premium Wifi | ATM | Bulk Propane | Check Cashing | Cylinder Propane | DEF Lanes | Drivers Lounge | Game Room | Pegasus | Truck Parking Spaces | Bridgestone Tire Monitoring | Mobile Ordering,true
1019,Pilot Travel Center,Pilot,Pilot Travel Center #1019,4444 Commerce Ln,Orland,CA,95963,39.750681664872374,-122.20806174603271,I-5,619,"I-5, Exit 619",73,9,9,,,false,Electric Vehicle Charging Station | Mobile Ordering,true
1042,Pilot Travel Center,Pilot,Pilot Travel Center #1042,7501 S Harlem Ave,Bridgeview,IL,60455,41.754440151742756,-87.79920720370484,I-294,17A,"I-294, Exit 17A",36,7,3,,,true,Diesel Lanes | Showers | Prime Parking Spaces | Diesel Mobile Fueling | Premium Wifi | ATM | CAT Scale | Cylinder Propane | DEF Lanes | Game Room | Lottery | Pegasus | Truck Parking Spaces | Bridgestone Tire Monitoring | Mobile Ordering,true
1128,Pilot Travel Center,Pilot,Pilot Travel Center #1128,7990 SR-60,Bartow,FL,33830,27.91741095438938,-81.71891836779099,,,FL-60 & Alturas Rd,38,6,2,,,true,Diesel Lanes | Showers | Prime Parking Spaces | Diesel Mobile Fueling | Premium Wifi | ATM | CAT Scale | Check Cashing | Cylinder Propane | DEF Lanes | Game Room | Lottery | Pegasus | Truck Parking Spaces | Electric Vehicle Charging Station | Mobile Ordering,true
1132,Pilot Travel Center,Pilot,Pilot Travel Center #1132,234 Ben Hulse Hwy,Brawley,CA,92227,32.97789920126262,-115.5039061306282,,,CA-111 & CA-78,29,6,2,,,true,Diesel Lanes | Showers | Diesel Mobile Fueling | ATM | CAT Scale | Check Cashing | DEF Lanes | Lottery | Pegasus | Public Laundry | Truck Parking Spaces | Mobile Ordering,true
1149,Mr. Fuel Travel Center,Mr. Fuel Travel Center,Mr. Fuel Travel Center #1149,3515 Zoo Pkwy,Jacksonville,FL,32226,30.4128833,-81.5716908,I-295,41,"I-295, Exit 41",27,5,0,,,true,Diesel Lanes | Diesel Mobile Fueling | ATM | CAT Scale | Cylinder Propane | DEF Lanes | Lottery | Truck Parking Spaces | Electric Vehicle Charging Station | Mobile Ordering,true
1165,Pilot Travel Center,Pilot,Pilot Travel Center #1165,410 E Kansas Ave,Jal,NM,88252,32.1204474,-103.1886447,,,AZ-18 & AZ-128,43,6,5,,,true,Diesel Lanes | Showers | Diesel Mobile Fueling | ATM | CAT Scale | Check Cashing | Cylinder Propane | DEF Lanes | Lottery | Pegasus | Public Laundry | Truck Parking Spaces | Mobile Ordering,true
4579,Pilot Travel Center,Pilot,Pilot Travel Center #4579,1300 Burke Rd,Saint Matthews,SC,29135,33.63281453494813,-80.87924841045074,I-26,139,"I-26, Exit 139",25,8,3,,,true,Diesel Lanes | Showers | Diesel Mobile Fueling | Premium Wifi | ATM | CAT Scale | Check Cashing | Cylinder Propane | DEF Lanes | Lottery | Pegasus | Truck Parking Spaces | Mobile Ordering,true
4576,Pilot Travel Center,Pilot,Pilot Travel Center #4576,9587 Charleston Hwy,Saint George,SC,29477,33.26943274810456,-80.56702323068848,I-95,82,"I-95, Exit 82",114,9,6,,,true,Diesel Lanes | Showers | Prime Parking Spaces | Diesel Mobile Fueling | ATM | CAT Scale | Check Cashing | Cylinder Propane | DEF Lanes | Lottery | Pegasus | Truck Parking Spaces | Bridgestone Tire Monitoring | Mobile Ordering,true
4580,Pilot Travel Center,Pilot,Pilot Travel Center #4580,2221 SC-773,Prosperity,SC,29127,34.2403862,-81.4592138,I-26,82,"I-26, Exit 82",58,6,6,,,false,Electric Vehicle Charging Station | Mobile Ordering,true
4581,Pilot Travel Center,Pilot,Pilot Travel Center #4581,1340 Sumter Hwy,Bishopville,SC,29010,34.1925073816518,-80.28327117672119,I-20,116,"I-20, Exit 116",50,7,8,,,true,Diesel Lanes | Showers | Prime Parking Spaces | Diesel Mobile Fueling | ATM | CAT Scale | Check Cashing | Cylinder Propane | DEF Lanes | Lottery | Pegasus | Truck Parking Spaces | Mobile Ordering,true
4596,Pilot Travel Center,Pilot,Pilot Travel Center #4596,3663 Roy Messer Hwy,White Pine,TN,37890,36.10882184804739,-83.33863161104506,I-81,4,"I-81, Exit 4",106,8,8,,,true,Diesel Lanes | Showers | Prime Parking Spaces | Diesel Mobile Fueling | Premium Wifi | CAT Scale | Cylinder Propane | DEF Lanes | Pegasus | Truck Parking Spaces | Bridgestone Tire Monitoring | Mobile Ordering,true
28,ONE9 Travel Center,ONE9,ONE9 Travel Center #28,15151 W Commerce Rd,Daleville,IN,47334,40.112722,-85.565895,I-69,234,"I-69, Exit 234",35,5,3,,,true,Diesel Lanes | Showers | Prime Parking Spaces | Diesel Mobile Fueling | Premium Wifi | ATM | CAT Scale | Check Cashing | Cylinder Propane | DEF Lanes | Game Room | Lottery | Pegasus | Truck Parking Spaces | Bridgestone Tire Monitoring | Mobile Ordering,true
130,Pilot Travel Center,Pilot,Pilot Travel Center #130,5219 Brecksville Rd,Richfield,OH,44286,41.2762303,-81.6263703,I-77,"146/I-80, Exit 173","I-77, Exit 146/I-80, Exit 173",40,7,7,,,true,Diesel Lanes | Showers | Prime Parking Spaces | Diesel Mobile Fueling | Premium Wifi | ATM | CAT Scale | Check Cashing | Cylinder Propane | DEF Lanes | Game Room | Lottery | Pegasus | Public Laundry | Truck Parking Spaces | Mobile Ordering,true
50,Pilot Travel Center,Pilot,Pilot Travel Center #50,489 Pendleton Road,Pendleton,KY,40055,38.457546358365555,-85.29936836995793,I-71,28,"I-71, Exit 28",175,11,8,,,true,Diesel Lanes | Showers | Prime Parking Spaces | Diesel Mobile Fueling | Premium Wifi | ATM | CAT Scale | Check Cashing | Cylinder Propane | DEF Lanes | Game Room | Lottery | Pegasus | Public Laundry | Truck Parking Spaces | Southern Tire Mart at Pilot / Truck Care | Mobile Ordering,true
134,Pilot Travel Center,Pilot,Pilot Travel Center #134,4231 Clearwater Rd,Saint Cloud,MN,56301,45.49616589491213,-94.14860762880134,I-94,171,"I-94, Exit 171",44,6,4,,,true,Diesel Lanes | Showers | Prime Parking Spaces | Diesel Mobile Fueling | Premium Wifi | ATM | CAT Scale | Check Cashing | Cylinder Propane | DEF Lanes | Game Room | Lottery | Pegasus | Truck Parking Spaces | Mobile Ordering,true
159,Pilot Travel Center,Pilot,Pilot Travel Center #159,6721 Emmaus Church Rd,Providence Forge,VA,23140,37.499802,-77.089187,I-64,211,"I-64, Exit 211",30,6,5,,,false,Electric Vehicle Charging Station | Mobile Ordering,true
168,Pilot Travel Center,Pilot,Pilot Travel Center #168,30035 County Road 8,Dunnigan,CA,95937,38.862278685073136,-121.95067933135222,I-5,554,"I-5, Exit 554",143,9,10,,,true,Diesel Lanes | Showers | Prime Parking Spaces | Diesel Mobile Fueling | ATM | Bulk Propane | CAT Scale | Check Cashing | Cylinder Propane | DEF Lanes | Live Parking | Lottery | Pegasus | Public Laundry | Truck Parking Spaces | Electric Vehicle Charging Station | Bridgestone Tire Monitoring | Southern Tire Mart at Pilot / Truck Care | Mobile Ordering,true
198,Pilot Travel Center,Pilot,Pilot Travel Center #198,10619 9A Rd,Plymouth,IN,46563,41.34192173560341,-86.26426154846212,,,US Hwy 30 & 31,110,8,7,,,true,Diesel Lanes | Showers | Prime Parking Spaces | Diesel Mobile Fueling | Premium Wifi | ATM | CAT Scale | Check Cashing | Cylinder Propane | DEF Lanes | Game Room | Lottery | Pegasus | Public Laundry | Truck Parking Spaces | Electric Vehicle Charging Station | Southern Tire Mart at Pilot / Truck Care | Mobile Ordering,true
171,Pilot Travel Center,Pilot,Pilot Travel Center #171,503 N Oakwood St,Oakwood,IL,61858,40.12375,-87.779499,I-74,206,"I-74, Exit 206",99,7,7,,,false,Electric Vehicle Charging Station | Southern Tire Mart at Pilot / Truck Care | Mobile Ordering,true
257,Pilot Travel Center,Pilot,Pilot Travel Center #257,4015 S FM 1788,Midland,TX,79706,31.91480865050656,-102.21552542460633,I-20,128 E/126 W,"I-20, Exit 128 E/126 W",99,9,7,,,true,Diesel Lanes | Showers | Prime Parking Spaces | Diesel Mobile Fueling | Premium Wifi | ATM | CAT Scale | Check Cashing | Cylinder Propane | DEF Lanes | Lottery | Pegasus | Public Laundry | Truck Parking Spaces | Southern Tire Mart at Pilot / Truck Care | Mobile Ordering,true
259,Pilot Travel Center,Pilot,Pilot Travel Center #259,3000 N 32nd St,Muskogee,OK,74401,35.784450979641605,-95.40160427116395,,,US-69 & Harris Rd,125,9,7,,,true,Diesel Lanes | Showers | Prime Parking Spaces | Diesel Mobile Fueling | Premium Wifi | ATM | CAT Scale | Check Cashing | Cylinder Propane | DEF Lanes | Game Room | Lottery | Pegasus | Public Laundry | Truck Parking Spaces | Mobile Ordering,true
391,Pilot Travel Center,Pilot,Pilot Travel Center #391,1600 E Pine St,Central Point,OR,97502,42.377970555721724,-122.89909159260763,I-5,33,"I-5, Exit 33",93,8,7,,,true,Diesel Lanes | Showers | Prime Parking Spaces | Diesel Mobile Fueling | Premium Wifi | ATM | CAT Scale | Check Cashing | Cylinder Propane | DEF Lanes | Game Room | Live Parking | Lottery | Pegasus | Public Laundry | Truck Parking Spaces | Electric Vehicle Charging Station | Bridgestone Tire Monitoring | Mobile Ordering,true
380,Pilot Travel Center,Pilot,Pilot Travel Center #380,107 7th North St,Liverpool,NY,13088,43.086718,-76.165752,I-81,25,"I-81/90, Exit 25",81,8,5,,,true,Diesel Lanes | Showers | Prime Parking Spaces | Diesel Mobile Fueling | Premium Wifi | ATM | CAT Scale | Check Cashing | DEF Lanes | Game Room | Lottery | Pegasus | Truck Parking Spaces | Mobile Ordering,true
396,Pilot Travel Center,Pilot,Pilot Travel Center #396,3541 Lee Jackson Hwy,Staunton,VA,24401,38.01992541993689,-79.14098694841003,I-81,213,"I-81/64, Exit 213",100,9,11,,,true,Diesel Lanes | Showers | Prime Parking Spaces | Diesel Mobile Fueling | Premium Wifi | ATM | CAT Scale | Check Cashing | Cylinder Propane | DEF Lanes | Game Room | Lottery | Pegasus | Public Laundry | Truck Parking Spaces | Bridgestone Tire Monitoring | Mobile Ordering,true
399,Pilot Travel Center,Pilot,Pilot Travel Center #399,150 Plaza Park Rd,Lebanon Junction,KY,40150,37.82721890518839,-85.72364733729552,I-65,105,"I-65, Exit 105",100,8,7,,,true,Diesel Lanes | Showers | Prime Parking Spaces | Diesel Mobile Fueling | Premium Wifi | ATM | CAT Scale | Check Cashing | Cylinder Propane | DEF Lanes | Game Room | Lottery | Pegasus | Public Laundry | Truck Parking Spaces | Southern Tire Mart at Pilot / Truck Care | Mobile Ordering,true
439,Pilot Travel Center,Pilot,Pilot Travel Center #439,12900 Fort Campbell Blvd,Oak Grove,KY,42262,36.692240116720214,-87.45177692527008,I-24,86,"I-24, Exit 86",125,9,5,,,true,Diesel Lanes | Showers | Prime Parking Spaces | Diesel Mobile Fueling | Premium Wifi | ATM | CAT Scale | Check Cashing | Cylinder Propane | DEF Lanes | Game Room | Lottery | Pegasus | Public Laundry | Truck Parking Spaces | Mobile Ordering,true
459,Pilot Travel Center,Pilot,Pilot Travel Center #459,900 N 99th Ave,Avondale,AZ,85323,33.45642834826031,-112.27364506333598,I-10,133,"I-10, Exit 133",154,9,13,,,true,Diesel Lanes | Showers | Prime Parking Spaces | Diesel Mobile Fueling | Premium Wifi | ATM | CAT Scale | Check Cashing | Cylinder Propane | DEF Lanes | Lottery | Pegasus | Public Laundry | Truck Parking Spaces | Bridgestone Tire Monitoring | Mobile Ordering,true
478,Pilot Travel Center,Pilot,Pilot Travel Center #478,6921 IN-66,Leavenworth,IN,47137,38.23897920186528,-86.36225761773193,I-64,92,"I-64, Exit 92",75,7,5,,,true,Diesel Lanes | Showers | Prime Parking Spaces | Diesel Mobile Fueling | Premium Wifi | ATM | CAT Scale | Check Cashing | Cylinder Propane | DEF Lanes | Game Room | Lottery | Pegasus | Public Laundry | Truck Parking Spaces | Mobile Ordering,true
503,Pilot Travel Center,Pilot,Pilot Travel Center #503,2309 Smithtown Rd,Morgantown,WV,26508,39.5385940598806,-79.99450669901536,I-79,146,"I-79, Exit 146",44,7,5,,,true,Diesel Lanes | Showers | Diesel Mobile Fueling | Premium Wifi | ATM | CAT Scale | Check Cashing | Cylinder Propane | DEF Lanes | Game Room | Lottery | Pegasus | Public Laundry | Truck Parking Spaces | Mobile Ordering,true
507,Flying J Dealer,Flying J,Flying J Dealer #507,11710 N I-35,Jarrell,TX,76537,30.811491139658038,-97.61138557280242,I-35,275,"I-35, Exit 275",140,7,0,,,false,Diesel Lanes | Showers | Diesel Mobile Fueling | Premium Wifi | ATM | DEF Lanes | Game Room | Pegasus | Public Laundry | Truck Parking Spaces,true
597,Pilot Travel Center,Pilot,Pilot Travel Center #597,1111 E Main St,Chillicothe,OH,45601,39.33863714640421,-82.95148015948463,I-77,48,"I-77, Exit 48",66,7,5,,,true,Diesel Lanes | Showers | Prime Parking Spaces | Diesel Mobile Fueling | Premium Wifi | ATM | CAT Scale | Cylinder Propane | DEF Lanes | Drivers Lounge | Game Room | Lottery | Pegasus | Public Laundry | Truck Parking Spaces | Mobile Ordering,true
646,Flying J Travel Center,Flying J,Flying J Travel Center #646,16049 Willowbrook Rd,South Beloit,IL,61080,42.49339050352096,-88.99865961634501,I-90,1,"I-90/39, Exit 1",186,12,13,,,false,Electric Vehicle Charging Station | Mobile Ordering,true
667,Flying J Travel Center,Flying J,Flying J Travel Center #667,7800 W Grand River Ave,Grand Ledge,MI,48837,42.78762423626461,-84.67757262481254,I-96,"90/I-69, Exit 81","I-96, Exit 90/I-69, Exit 81",145,8,9,,,true,Diesel Lanes | Showers | Prime Parking Spaces | Diesel Mobile Fueling | Premium Wifi | ATM | Bulk Propane | CAT Scale | Check Cashing | Cylinder Propane | DEF Lanes | Drivers Lounge | Game Room | Lottery | Pegasus | Public Laundry | Truck Parking Spaces | Electric Vehicle Charging Station | Mobile Ordering,true
676,Flying J Travel Center,Flying J,Flying J Travel Center #676,9351 Canal Rd,Gulfport,MS,39503,30.42134135806972,-89.13787811904908,I-10,31,"I-10, Exit 31",165,12,15,,,false,Electric Vehicle Charging Station | Mobile Ordering,true
723,Flying J Travel Center,Flying J,Flying J Travel Center #723,9601 E I-40,Amarillo,TX,79118,35.19378639630226,-101.72343898070584,I-40,76,"I-40, Exit 76",200,10,13,,,true,Diesel Lanes | Showers | Prime Parking Spaces | Diesel Mobile Fueling | Premium Wifi | ATM | Barber Shop | Bulk Propane | CAT Scale | Check Cashing | Cylinder Propane | DEF Lanes | Drivers Lounge | Game Room | Lottery | Pegasus | Public Laundry | Truck Parking Spaces | Electric Vehicle Charging Station | Bridgestone Tire Monitoring | Mobile Ordering,true
743,Flying J Travel Center,Flying J,Flying J Travel Center #743,1597 S Main St,Nephi,UT,84648,39.685231094083576,-111.83638155216694,I-15,222,"I-15, Exit 222",110,8,9,,,true,Diesel Lanes | Showers | Prime Parking Spaces | Diesel Mobile Fueling | Premium Wifi | ATM | Bulk Propane | CAT Scale | Check Cashing | Cylinder Propane | DEF Lanes | Drivers Lounge | Pegasus | Public Laundry | Truck Parking Spaces | Bridgestone Tire Monitoring | Mobile Ordering,true
737,Flying J Travel Center,Flying J,Flying J Travel Center #737,1815 N Foster Rd,San Antonio,TX,78244,29.44609005982627,-98.3612750062766,I-10,583,"I-10, Exit 583",190,12,12,,,false,Electric Vehicle Charging Station | Southern Tire Mart at Pilot / Truck Care | Mobile Ordering,true
748,Flying J Travel Center,Flying J,Flying J Travel Center #748,600 W 750 N,Willard,UT,84340,41.423985,-112.051637,I-15,357,"I-15, Exit 357",48,5,4,,,false,Diesel Lanes | Showers | Prime Parking Spaces | Diesel Mobile Fueling | Premium Wifi | ATM | Bulk Propane | Check Cashing | Cylinder Propane | DEF Lanes | Drivers Lounge | Pegasus | Public Laundry | Truck Parking Spaces | Electric Vehicle Charging Station | Bridgestone Tire Monitoring | Mobile Ordering,true
750,Flying J Travel Center,Flying J,Flying J Travel Center #750,139 Factory Outlet Dr,Max Meadows,VA,24360,36.944556358625825,-80.94568369546722,I-81,80,"I-81/77, Exit 80",265,10,14,,,true,Diesel Lanes | Showers | Prime Parking Spaces | Diesel Mobile Fueling | Premium Wifi | ATM | CAT Scale | Check Cashing | Cylinder Propane | DEF Lanes | Drivers Lounge | Game Room | Lottery | Pegasus | Public Laundry | Truck Parking Spaces | Truck Wash | Electric Vehicle Charging Station | Bridgestone Tire Monitoring | Mobile Ordering,true
883,Pilot Dealer,Pilot,Pilot Dealer #883,9800 I-20 Frontage Rd,Canton,TX,75103,32.542895939717454,-95.75518315372217,I-20,533,"I-20, Exit 533",100,5,0,,,true,Diesel Lanes | Showers | Diesel Mobile Fueling | ATM | CAT Scale | Check Cashing | DEF Lanes | Game Room | Lottery | Pegasus | Public Laundry | Truck Parking Spaces,true
917,Pilot Dealer,Pilot,Pilot Dealer #917,3700 31st St SW,Great Falls,MT,59404,47.469981097367366,-111.3610040381676,I-15,277,"I-15, Exit 277",110,5,0,,,true,Diesel Lanes | Showers | ATM | CAT Scale | Check Cashing | DEF Lanes | Drivers Lounge | Public Laundry | Truck Parking Spaces,true
920,Pilot Travel Center,Pilot,Pilot Travel Center #920,1110 E Willow Ave,Colby,KS,67701,39.364622411090004,-101.03250595706614,I-70,54,"I-70, Exit 54",90,8,5,,,true,Diesel Lanes | Showers | Prime Parking Spaces | Diesel Mobile Fueling | Premium Wifi | ATM | CAT Scale | Check Cashing | DEF Lanes | Game Room | Lottery | Pegasus | Public Laundry | Truck Parking Spaces | Mobile Ordering,true
1057,Flying J Travel Center,Flying J,Flying J Travel Center #1057,1305 Pasadena Fwy,Pasadena,TX,77506,29.714222599058022,-95.19650771253666,,,TX-225 & Red Bluff Rd,80,8,7,,,true,Diesel Lanes | Showers | Prime Parking Spaces | Diesel Mobile Fueling | Premium Wifi | ATM | CAT Scale | Cylinder Propane | DEF Lanes | Drivers Lounge | Game Room | Lottery | Pegasus | Public Laundry | Truck Parking Spaces | Bridgestone Tire Monitoring | Mobile Ordering,true
4578,Pilot Travel Center,Pilot,Pilot Travel Center #4578,10959 SC-200,Winnsboro,SC,29180,34.50807148422639,-81.00115951349183,I-77,48,"I-77, Exit 48",100,7,8,,,true,Diesel Lanes | Showers | Prime Parking Spaces | Diesel Mobile Fueling | ATM | CAT Scale | Check Cashing | Cylinder Propane | DEF Lanes | Lottery | Pegasus | Truck Parking Spaces | Bridgestone Tire Monitoring | Mobile Ordering,true
2,Pilot Travel Center,Pilot,Pilot Travel Center #2,2246 OH-45,Austinburg,OH,44010,41.7855178,-80.8536977,I-90,223,"I-90, Exit 223",150,8,7,,,true,Diesel Lanes | Showers | Prime Parking Spaces | Diesel Mobile Fueling | Premium Wifi | ATM | CAT Scale | Check Cashing | Cylinder Propane | DEF Lanes | Game Room | Lottery | Pegasus | Public Laundry | Truck Parking Spaces | Southern Tire Mart at Pilot / Truck Care | Mobile Ordering,true
21,Pilot Travel Center,Pilot,Pilot Travel Center #21,750 Baker Rd,Dexter,MI,48130,42.30171762475405,-83.87721526025771,I-94,167,"I-94, Exit 167",80,5,3,,,true,Diesel Lanes | Showers | Prime Parking Spaces | Diesel Mobile Fueling | Premium Wifi | ATM | CAT Scale | Check Cashing | Cylinder Propane | DEF Lanes | Lottery | Pegasus | Truck Parking Spaces | Mobile Ordering,true
66,Pilot Travel Center,Pilot,Pilot Travel Center #66,5888 Hwy 53,Braselton,GA,30517,34.1194936,-83.7619905,I-85,129,"I-85, Exit 129",70,7,6,,,true,Diesel Lanes | Showers | Prime Parking Spaces | Diesel Mobile Fueling | Premium Wifi | ATM | CAT Scale | Check Cashing | DEF Lanes | Game Room | Lottery | Pegasus | Public Laundry | Truck Parking Spaces | Electric Vehicle Charging Station | Bridgestone Tire Monitoring | Mobile Ordering,true
196,Pilot Travel Center,Pilot,Pilot Travel Center #196,302 W Ray Fine Blvd,Roland,OK,74954,35.40460263855868,-94.52166165330061,I-40,325,"I-40, Exit 325",125,8,7,,,true,Diesel Lanes | Showers | Prime Parking Spaces | Diesel Mobile Fueling | Premium Wifi | ATM | CAT Scale | Check Cashing | DEF Lanes | Game Room | Lottery | Pegasus | Public Laundry | Truck Parking Spaces | Electric Vehicle Charging Station | Bridgestone Tire Monitoring | Mobile Ordering,true
301,ONE9 Travel Center,ONE9,ONE9 Travel Center #301,917 E Elm St,Marston,MO,63866,36.51823272159483,-89.59792952277141,I-55,40,"I-55, Exit 40",70,7,5,,,true,Diesel Lanes | Showers | Prime Parking Spaces | Diesel Mobile Fueling | Premium Wifi | ATM | CAT Scale | Check Cashing | Cylinder Propane | DEF Lanes | Drivers Lounge | Game Room | Lottery | Pegasus | Public Laundry | Truck Parking Spaces | Truck Wash | Mobile Ordering,true
141,Pilot Travel Center,Pilot,Pilot Travel Center #141,289 Bear River Dr,Evanston,WY,82930,41.26892241557879,-110.94074761094092,I-80,6,"I-80, Exit 6",75,7,6,,,true,Diesel Lanes | Showers | Prime Parking Spaces | Diesel Mobile Fueling | Premium Wifi | ATM | CAT Scale | Check Cashing | Cylinder Propane | DEF Lanes | Game Room | Pegasus | Public Laundry | Truck Parking Spaces | Southern Tire Mart at Pilot / Truck Care | Mobile Ordering,true
311,Pilot Travel Center,Pilot,Pilot Travel Center #311,8035 Perry Hwy,Erie,PA,16509,42.06951851491608,-80.03856261858165,I-90,27,"I-90/PA-97, Exit 27",45,7,5,,,false,Electric Vehicle Charging Station | Mobile Ordering,true
356,Pilot Travel Center,Pilot,Pilot Travel Center #356,2050 E Blue Lick Rd,Shepherdsville,KY,40165,38.06087344786319,-85.70308640244674,I-65,121,"I-65, Exit 121",57,11,7,,,true,Diesel Lanes | Showers | Prime Parking Spaces | Diesel Mobile Fueling | Premium Wifi | ATM | CAT Scale | Check Cashing | Cylinder Propane | DEF Lanes | Game Room | Lottery | Pegasus | Truck Parking Spaces | Mobile Ordering,true
367,Pilot Travel Center,Pilot,Pilot Travel Center #367,2226 FM 1903,Caddo Mills,TX,75135,33.04362810400574,-96.17789356448746,I-30,87 W/85 E,"I-30, Exit 87 W/85 E",80,8,6,,,true,Diesel Lanes | Showers | Prime Parking Spaces | Diesel Mobile Fueling | ATM | CAT Scale | Check Cashing | DEF Lanes | Game Room | Lottery | Pegasus | Public Laundry | Truck Parking Spaces | Electric Vehicle Charging Station | Bridgestone Tire Monitoring | Mobile Ordering,true
339,ONE9 Travel Center,ONE9,ONE9 Travel Center #339,16502 IN-63,Covington,IN,47932,40.12298024344279,-87.45067123809814,I-74,4,"I-74 & IN-63, Exit 4",50,6,6,,,true,Diesel Lanes | Showers | Prime Parking Spaces | Diesel Mobile Fueling | Premium Wifi | ATM | CAT Scale | Check Cashing | Cylinder Propane | DEF Lanes | Game Room | Lottery | Pegasus | Truck Parking Spaces | Mobile Ordering,true
444,Pilot Travel Center,Pilot,Pilot Travel Center #444,4376 IN-59,Brazil,IN,47834,39.45156771560114,-87.12506001852418,I-70,23,"I-70, Exit 23",55,8,10,,,true,Diesel Lanes | Showers | Prime Parking Spaces | Diesel Mobile Fueling | Premium Wifi | ATM | CAT Scale | Check Cashing | Cylinder Propane | DEF Lanes | Game Room | Lottery | Pegasus | Public Laundry | Truck Parking Spaces | Electric Vehicle Charging Station | Bridgestone Tire Monitoring | Southern Tire Mart at Pilot / Truck Care | Mobile Ordering,true
474,Pilot Travel Center,Pilot,Pilot Travel Center #474,270 Scott Fork Rd,Sutton,WV,26601,38.70527447538132,-80.6637912358965,I-79,67,"I-79, Exit 67",56,7,5,,,false,Diesel Lanes | Truck Parking Spaces | Electric Vehicle Charging Station | Mobile Ordering,true
477,Flying J Travel Center,Flying J,Flying J Travel Center #477,1700 N US Hwy 75,Anna,TX,75409,33.344924364654375,-96.58900091534424,,48A,"US-75, Exit 48A",110,8,8,,,true,Diesel Lanes | Showers | Prime Parking Spaces | Diesel Mobile Fueling | Premium Wifi | ATM | CAT Scale | Check Cashing | Cylinder Propane | DEF Lanes | Drivers Lounge | Game Room | Lottery | Pegasus | Public Laundry | Truck Parking Spaces | Truck Wash | Mobile Ordering,true
497,Pilot Travel Center,Pilot,Pilot Travel Center #497,130 Honda Dr,Lincoln,AL,35096,33.593009227625366,-86.15923952546312,I-20,165,"I-20, Exit 165",80,8,7,,,true,Diesel Lanes | Showers | Prime Parking Spaces | Diesel Mobile Fueling | Premium Wifi | ATM | CAT Scale | Cylinder Propane | DEF Lanes | Game Room | Pegasus | Public Laundry | Truck Parking Spaces | Electric Vehicle Charging Station | Bridgestone Tire Monitoring | Mobile Ordering,true
510,Flying J Dealer,Flying J,Flying J Dealer #510,810 N 800 W St,Scipio,UT,84656,39.25560846866678,-112.11739867835146,I-15,188,"I-15, Exit 188",35,5,0,,,false,Diesel Lanes | Showers | Diesel Mobile Fueling | ATM | DEF Lanes | Pegasus | Truck Parking Spaces,true
549,Flying J Travel Center,Flying J,Flying J Travel Center #549,125 Plaza Ln,Mount Airy,NC,27030,36.48649057404054,-80.74656385152053,I-77,100,"I-77, Exit 100",150,10,10,,,false,Diesel Lanes | Showers | Diesel Mobile Fueling | ATM | Check Cashing | DEF Lanes | Game Room | Lottery | Pegasus | Public Laundry | Truck Parking Spaces | Electric Vehicle Charging Station | Bridgestone Tire Monitoring | Southern Tire Mart at Pilot / Truck Care | Mobile Ordering,true
613,Pilot Travel Center,Pilot,Pilot Travel Center #613,17047 Zachary Ave,Bakersfield,CA,93308,35.53128281920143,-119.18796423254089,,39,"CA-99, Exit 39",218,10,14,,,false,Electric Vehicle Charging Station | Southern Tire Mart at Pilot / Truck Care | Mobile Ordering,true
621,Flying J Travel Center,Flying J,Flying J Travel Center #621,2495 Williams Ave,Limon,CO,80828,39.27500849612974,-103.70907589682007,I-70,359,"I-70, Exit 359",162,8,9,,,false,Diesel Lanes | Drivers Lounge | Public Laundry | Electric Vehicle Charging Station | Southern Tire Mart at Pilot / Truck Care | Mobile Ordering,true
637,Flying J Travel Center,Flying J,Flying J Travel Center #637,445 Evansdale Dr,Evansdale,IA,50707,42.4596979,-92.252271,I-380,68,"I-380, Exit 68",80,7,7,,,true,Diesel Lanes | Showers | Prime Parking Spaces | Diesel Mobile Fueling | Premium Wifi | ATM | Bulk Propane | CAT Scale | Check Cashing | Cylinder Propane | DEF Lanes | Drivers Lounge | Lottery | Pegasus | Public Laundry | Truck Parking Spaces | Mobile Ordering,true
643,Flying J Travel Center,Flying J,Flying J Travel Center #643,1701 W Evergreen Ave,Effingham,IL,62401,39.13399558012432,-88.56593821957398,I-57,160,"I-57/70, Exit 160",180,12,15,,,true,Diesel Lanes | Showers | Prime Parking Spaces | Diesel Mobile Fueling | Premium Wifi | ATM | Bulk Propane | CAT Scale | Check Cashing | Cylinder Propane | DEF Lanes | Drivers Lounge | Game Room | Lottery | Pegasus | Public Laundry | Truck Parking Spaces | Electric Vehicle Charging Station | Bridgestone Tire Monitoring | Mobile Ordering,true
687,Flying J Travel Center,Flying J,Flying J Travel Center #687,3400 S Newberry Rd,North Platte,NE,69101,41.10142501497879,-100.72697941600799,I-80,179,"I-80, Exit 179",123,10,9,,,true,Diesel Lanes | Showers | Prime Parking Spaces | Diesel Mobile Fueling | Premium Wifi | ATM | Bulk Propane | CAT Scale | Check Cashing | Cylinder Propane | DEF Lanes | Drivers Lounge | Game Room | Lottery | Pegasus | Public Laundry | Truck Parking Spaces | Electric Vehicle Charging Station | Mobile Ordering,true
692,Flying J Travel Center,Flying J,Flying J Travel Center #692,156 US-93,Wells,NV,89835,41.09761253132391,-114.95757710185244,I-80,352,"I-80/US-93, Exit 352",91,10,9,,,false,Electric Vehicle Charging Station | Mobile Ordering,true
699,Flying J Travel Center,Flying J,Flying J Travel Center #699,10480 Baltimore Rd SW,Millersport,OH,43046,39.94234866881875,-82.59919418882703,I-70,122,"I-70, Exit 122",152,12,15,,,true,Diesel Lanes | Showers | Prime Parking Spaces | Diesel Mobile Fueling | Premium Wifi | ATM | Barber Shop | Bulk Propane | CAT Scale | Cylinder Propane | DEF Lanes | Game Room | Pegasus | Public Laundry | Truck Parking Spaces | Electric Vehicle Charging Station | Bridgestone Tire Monitoring | Mobile Ordering,true
715,Mr. Fuel Travel Center,Mr. Fuel Travel Center,Mr. Fuel Travel Center #715,11 State Hwy W,Foristell,MO,63348,38.81843491338225,-90.95300057804869,I-70,203,"I-70, Exit 203",20,7,4,,,true,Diesel Lanes | Showers | Diesel Mobile Fueling | Premium Wifi | ATM | CAT Scale | Check Cashing | DEF Lanes | Lottery | Pegasus | Truck Parking Spaces | Mobile Ordering,true
702,Flying J Travel Center,Flying J,Flying J Travel Center #702,1255 W Gentry Ave,Checotah,OK,74426,35.475430579213715,-95.53889085344238,,,US-69 & US-266,150,8,9,,,true,Diesel Lanes | Showers | Prime Parking Spaces | Diesel Mobile Fueling | Premium Wifi | ATM | Bulk Propane | CAT Scale | Check Cashing | Cylinder Propane | DEF Lanes | Drivers Lounge | Game Room | Lottery | Pegasus | Public Laundry | Truck Parking Spaces | Electric Vehicle Charging Station | Bridgestone Tire Monitoring | Mobile Ordering,true
740,Flying J Travel Center,Flying J,Flying J Travel Center #740,204 Waller Ave,Brookshire,TX,77423,29.779966787565538,-95.9521512883606,I-10,732,"I-10, Exit 732",117,8,9,,,true,Diesel Lanes | Showers | Prime Parking Spaces | Diesel Mobile Fueling | Premium Wifi | ATM | Bulk Propane | CAT Scale | Check Cashing | Cylinder Propane | DEF Lanes | Drivers Lounge | Game Room | Lottery | Pegasus | Public Laundry | Truck Parking Spaces | Electric Vehicle Charging Station | Mobile Ordering,true
777,ONE9 Dealer,ONE9,ONE9 Dealer #777,3353 Federal Way,Boise,ID,83705,43.57146836406124,-116.18910300583707,I-84,,I-84 Exit 54 (Federal Way),75,3,0,,,false,Diesel Lanes | Showers | Prime Parking Spaces | Diesel Mobile Fueling | Premium Wifi | ATM | Bulk Propane | Check Cashing | Cylinder Propane | DEF Lanes | Drivers Lounge | Lottery | Pegasus | Public Laundry | Truck Parking Spaces | Truck Wash | Bridgestone Tire Monitoring,true
888,Pilot Dealer,Pilot,Pilot Dealer #888,2901 TX-86,Tulia,TX,79088,34.52886206963798,-101.79779579267222,I-27,74,"I-27, Exit 74",71,6,0,,,false,Diesel Lanes | Showers | Diesel Mobile Fueling | ATM | Check Cashing | DEF Lanes | Game Room | Lottery | Pegasus | Public Laundry | Truck Parking Spaces,true
916,Pilot Licensed Location,Pilot,Pilot Licensed Location #916,11882 US-93,Lolo,MT,59847,46.75734937314649,-114.08151218395525,,,US-93 & US-12,30,6,0,,,false,Diesel Lanes | Showers | ATM | Check Cashing | DEF Lanes | Lottery | Truck Parking Spaces,true
1020,Mr. Fuel Travel Center,Mr. Fuel Travel Center,Mr. Fuel Travel Center #1020,1235 Ripley St,Lake Station,IN,46405,41.58833740961262,-87.23947943543345,I-94,15B,"I-94/90, Exit 15B",6,8,2,,,true,Diesel Lanes | Showers | Diesel Mobile Fueling | CAT Scale | Cylinder Propane | DEF Lanes | Pegasus | Truck Parking Spaces | Truck Wash | Mobile Ordering,true
4656,Pilot Travel Center,Pilot,Pilot Travel Center #4656,4610 County Dr,Disputanta,VA,23842,37.18460273353782,-77.31828421376625,I-295,3A,"I-295/US-460, Exit 3A",103,7,7,,,false,Electric Vehicle Charging Station | Mobile Ordering,true
164,Pilot Travel Center,Pilot,Pilot Travel Center #164,1101 Gateway Ave,Mauston,WI,53948,43.7971573236146,-90.05089207874519,I-90,69,"I-90/94, Exit 69",95,7,7,,,true,Diesel Lanes | Showers | Prime Parking Spaces | Diesel Mobile Fueling | Premium Wifi | ATM | CAT Scale | Check Cashing | Cylinder Propane | DEF Lanes | Game Room | Lottery | Pegasus | Public Laundry | Truck Parking Spaces | Electric Vehicle Charging Station | Mobile Ordering,true
68,Pilot Travel Center,Pilot,Pilot Travel Center #68,2185 US-441,Dublin,GA,31021,32.490501860087164,-82.93440021354445,I-16,51,"I-16, Exit 51",5,4,4,,,true,Diesel Lanes | Showers | Diesel Mobile Fueling | Premium Wifi | ATM | CAT Scale | Check Cashing | Cylinder Propane | DEF Lanes | Game Room | Lottery | Pegasus | Truck Parking Spaces | Bridgestone Tire Monitoring | Mobile Ordering,true
210,Pilot Travel Center,Pilot,Pilot Travel Center #210,230 NJ-17 S,Mahwah,NJ,07430,41.0921859362894,-74.15589530192184,,,NJ-17 S,8,6,0,,,true,Diesel Lanes | Diesel Mobile Fueling | Premium Wifi | ATM | CAT Scale | Check Cashing | DEF Lanes | Lottery | Pegasus | Truck Parking Spaces | Bridgestone Tire Monitoring | Mobile Ordering,true
46,ONE9 Travel Center,ONE9,ONE9 Travel Center #46,2929 Scottsville Rd,Franklin,KY,42134,36.716046,-86.525849,I-65,6,"I-65, Exit 6",35,8,4,,,true,Diesel Lanes | Showers | Prime Parking Spaces | Diesel Mobile Fueling | Premium Wifi | ATM | CAT Scale | Check Cashing | Cylinder Propane | DEF Lanes | Lottery | Pegasus | Truck Parking Spaces | Mobile Ordering,true
249,Pilot Travel Center,Pilot,Pilot Travel Center #249,820 Edwardsville Rd,Troy,IL,62294,38.73177182365101,-89.90855673956662,I-55,18,"I-55/70/270, Exit 18",135,10,7,,,true,Diesel Lanes | Showers | Prime Parking Spaces | Diesel Mobile Fueling | Premium Wifi | ATM | CAT Scale | Check Cashing | DEF Lanes | Game Room | Lottery | Pegasus | Public Laundry | Truck Parking Spaces | Electric Vehicle Charging Station | Bridgestone Tire Monitoring | Mobile Ordering,true
258,ONE9 Travel Center,ONE9,ONE9 Travel Center #258,2966 Lee Hwy,Troutville,VA,24175,37.388778719821936,-79.90077749206543,I-81,150A/B,"I-81, Exit 150A/B",11,6,3,,,true,Diesel Lanes | Showers | Diesel Mobile Fueling | Premium Wifi | ATM | CAT Scale | Check Cashing | DEF Lanes | Lottery | Pegasus | Truck Parking Spaces | Mobile Ordering,true
331,Pilot Travel Center,Pilot,Pilot Travel Center #331,2605 Bouldercrest Rd,Atlanta,GA,30316,33.68527986504485,-84.31148729686672,I-285,51,"I-285, Exit 51",85,8,7,,,true,Diesel Lanes | Showers | Prime Parking Spaces | Diesel Mobile Fueling | Premium Wifi | ATM | CAT Scale | Check Cashing | Cylinder Propane | DEF Lanes | Game Room | Lottery | Pegasus | Public Laundry | Truck Parking Spaces | Bridgestone Tire Monitoring | Mobile Ordering,true
377,Pilot Travel Center,Pilot,Pilot Travel Center #377,1101 Uniroyal Dr,Laredo,TX,78045,27.68405977487452,-99.46147054232789,I-35,12B/13,"I-35, Exit 12B/13",125,9,11,,,true,Diesel Lanes | Showers | Prime Parking Spaces | Diesel Mobile Fueling | Premium Wifi | ATM | CAT Scale | Check Cashing | DEF Lanes | Game Room | IdleAir | Lottery | Pegasus | Public Laundry | Truck Parking Spaces | Southern Tire Mart at Pilot / Truck Care | Mobile Ordering,true
394,Pilot Travel Center,Pilot,Pilot Travel Center #394,239 Route 17K,Newburgh,NY,12550,41.521248,-74.112935,I-84,34,"I-84, Exit 34",106,7,6,,,true,Diesel Lanes | Showers | Prime Parking Spaces | Diesel Mobile Fueling | Premium Wifi | ATM | CAT Scale | Check Cashing | Cylinder Propane | DEF Lanes | Game Room | Lottery | Pegasus | Public Laundry | Truck Parking Spaces | Bridgestone Tire Monitoring | Mobile Ordering,true
404,Pilot Travel Center,Pilot,Pilot Travel Center #404,2441 S Church St,Murfreesboro,TN,37127,35.8076745,-86.3965548,I-24,81,"I-24, Exit 81",65,8,7,,,true,Diesel Lanes | Showers | Prime Parking Spaces | Diesel Mobile Fueling | Premium Wifi | ATM | CAT Scale | Check Cashing | Cylinder Propane | DEF Lanes | Game Room | Lottery | Pegasus | Public Laundry | Truck Parking Spaces | Mobile Ordering,true
445,Pilot Travel Center,Pilot,Pilot Travel Center #445,243 Melton Road,Chesterton,IN,46304,41.60458104099451,-87.11536487973233,I-94,22,"I-94, Exit 22",115,9,9,,,true,Diesel Lanes | Showers | Prime Parking Spaces | Diesel Mobile Fueling | Premium Wifi | ATM | CAT Scale | Check Cashing | Cylinder Propane | DEF Lanes | Game Room | Lottery | Pegasus | Truck Parking Spaces | Bridgestone Tire Monitoring | Mobile Ordering,true
446,Pilot Travel Center,Pilot,Pilot Travel Center #446,15876 W Commerce Rd,Daleville,IN,47334,40.11481381972504,-85.57320354100037,I-69,234,"I-69, Exit 234",125,8,5,,,true,Diesel Lanes | Showers | Prime Parking Spaces | Diesel Mobile Fueling | Premium Wifi | ATM | CAT Scale | Check Cashing | Cylinder Propane | DEF Lanes | Game Room | Lottery | Pegasus | Public Laundry | Truck Parking Spaces | Mobile Ordering,true
482,Pilot Travel Center,Pilot,Pilot Travel Center #482,4610 Broadway St,Mount Vernon,IL,62864,38.31266083319751,-88.96102649073791,I-57,95,"I-57/64, Exit 95",100,8,7,,,false,Electric Vehicle Charging Station | Mobile Ordering,true
511,Flying J Dealer,Flying J,Flying J Dealer #511,3825 Business Loop I-94,Mandan,ND,58554,46.86099008237861,-101.01017801719665,I-94,147,"I-94, Exit 147",125,14,0,,,true,Diesel Lanes | Showers | Diesel Mobile Fueling | Premium Wifi | ATM | CAT Scale | Check Cashing | DEF Lanes | Drivers Lounge | Game Room | Pegasus | Public Laundry | Truck Parking Spaces,true
553,Flying J Travel Center,Flying J,Flying J Travel Center #553,2571 N Front St,Fort Stockton,TX,79735,30.90558482350075,-102.88516627976227,I-10,259,"I-10, Exit 259",109,8,9,,,true,Diesel Lanes | Showers | Diesel Mobile Fueling | ATM | Bulk Propane | CAT Scale | Check Cashing | DEF Lanes | Drivers Lounge | Game Room | Lottery | Pegasus | Public Laundry | Truck Parking Spaces | Mobile Ordering,true
590,Pilot Travel Center,Pilot,Pilot Travel Center #590,3181 Evergreen Ln SW,Alexandria,MN,56308,45.861433721774304,-95.422836568623,I-94,100,"I-94, Exit 100",50,7,6,,,true,Diesel Lanes | Showers | Prime Parking Spaces | Diesel Mobile Fueling | Premium Wifi | ATM | CAT Scale | Check Cashing | Cylinder Propane | DEF Lanes | Lottery | Pegasus | Public Laundry | Truck Parking Spaces | Mobile Ordering,true
612,Flying J Travel Center,Flying J,Flying J Travel Center #612,400 Transcon Ln,Winslow,AZ,86047,35.01536302912001,-110.67412327733564,I-40,255,"I-40, Exit 255",146,12,15,,,true,Diesel Lanes | Showers | Prime Parking Spaces | Diesel Mobile Fueling | Premium Wifi | ATM | Bulk Propane | CAT Scale | Check Cashing | Cylinder Propane | DEF Lanes | Drivers Lounge | Game Room | Lottery | Pegasus | Public Laundry | Truck Parking Spaces | Electric Vehicle Charging Station | Bridgestone Tire Monitoring | Mobile Ordering,true
619,Flying J Travel Center,Flying J,Flying J Travel Center #619,16751 E 32nd Ave,Aurora,CO,80011,39.76282570874187,-104.79290923544312,I-70,285,"I-70, Exit 285",149,12,15,,,true,Diesel Lanes | Showers | Prime Parking Spaces | Diesel Mobile Fueling | Premium Wifi | ATM | Bulk Propane | CAT Scale | Check Cashing | Cylinder Propane | DEF Lanes | Drivers Lounge | Game Room | Lottery | Pegasus | Public Laundry | Truck Parking Spaces | Bridgestone Tire Monitoring | Mobile Ordering,true
616,Flying J Travel Center,Flying J,Flying J Travel Center #616,42810 Frazier Mountain Park Rd,Lebec,CA,93243,34.816644089437794,-118.88688511772156,I-5,205,"I-5, Exit 205",277,12,12,,,true,Diesel Lanes | Showers | Prime Parking Spaces | Diesel Mobile Fueling | Premium Wifi | ATM | Bulk Propane | CAT Scale | Check Cashing | Cylinder Propane | DEF Lanes | Drivers Lounge | Game Room | Lottery | Pegasus | Public Laundry | Truck Parking Spaces | Bridgestone Tire Monitoring | Mobile Ordering,true
675,Flying J Travel Center,Flying J,Flying J Travel Center #675,102 Fore Dr,Wayland,MO,63472,40.3955652,-91.5693226,,,US-136 & MO-27,99,5,4,,,true,Diesel Lanes | Showers | Prime Parking Spaces | Diesel Mobile Fueling | Premium Wifi | ATM | Bulk Propane | CAT Scale | Check Cashing | Cylinder Propane | DEF Lanes | Drivers Lounge | Game Room | Lottery | Pegasus | Public Laundry | Truck Parking Spaces | Mobile Ordering,true
725,Flying J Travel Center,Flying J,Flying J Travel Center #725,1876 East Fwy,Baytown,TX,77521,29.794241997740443,-95.03281249434899,I-10,789,"I-10, Exit 789",200,12,15,,,true,Diesel Lanes | Showers | Prime Parking Spaces | Diesel Mobile Fueling | Premium Wifi | ATM | Bulk Propane | CAT Scale | Check Cashing | Cylinder Propane | DEF Lanes | Drivers Lounge | Game Room | Lottery | Pegasus | Public Laundry | Truck Parking Spaces | Electric Vehicle Charging Station | Bridgestone Tire Monitoring | Mobile Ordering,true
729,Flying J Travel Center,Flying J,Flying J Travel Center #729,15919 North Fwy,Houston,TX,77090,29.999039434522608,-95.42719789079,I-45,64,"I-45, Exit 64",183,10,15,,,true,Diesel Lanes | Showers | Prime Parking Spaces | Diesel Mobile Fueling | Premium Wifi | ATM | Bulk Propane | CAT Scale | Check Cashing | DEF Lanes | Drivers Lounge | Game Room | Lottery | Pegasus | Public Laundry | Truck Parking Spaces | Electric Vehicle Charging Station | Bridgestone Tire Monitoring | Southern Tire Mart at Pilot / Truck Care | Mobile Ordering,true
738,Flying J Travel Center,Flying J,Flying J Travel Center #738,I-20 Exit 277 101 N Fm 707,Abilene,TX,79563,32.461115082036734,-99.87209590555338,I-20,,I-20 & FM 707 Exit 277,200,12,15,,,true,Diesel Lanes | Showers | Prime Parking Spaces | Diesel Mobile Fueling | Premium Wifi | ATM | CAT Scale | Check Cashing | Cylinder Propane | DEF Lanes | Drivers Lounge | Game Room | Lottery | Pegasus | Public Laundry | Truck Parking Spaces | Electric Vehicle Charging Station | Bridgestone Tire Monitoring | Southern Tire Mart at Pilot / Truck Care | Mobile Ordering,true
754,Flying J Travel Center,Flying J,Flying J Travel Center #754,3249 Chapman Rd,Wytheville,VA,24382,36.93554456076103,-80.99275373790623,I-81,77,"I-81/77, Exit 77",177,10,15,,,true,Diesel Lanes | Showers | Prime Parking Spaces | Diesel Mobile Fueling | Premium Wifi | ATM | Barber Shop | CAT Scale | Check Cashing | Cylinder Propane | DEF Lanes | Drivers Lounge | Game Room | Lottery | Pegasus | Public Laundry | Truck Parking Spaces | Mobile Ordering,true
764,Flying J Travel Center,Flying J,Flying J Travel Center #764,650 Stagecoach Blvd,Rock Springs,WY,82901,41.60903076847261,-109.23056692665176,I-80,104,"I-80, Exit 104",84,7,6,,,false,Electric Vehicle Charging Station | Mobile Ordering,true
765,Flying J Travel Center,Flying J,Flying J Travel Center #765,72235 Varner Rd,Thousand Palms,CA,92276,33.81784562807549,-116.40338069444276,I-10,130,"I-10, Exit 130",44,10,8,,,true,Diesel Lanes | Showers | Diesel Mobile Fueling | Premium Wifi | ATM | Bulk Propane | CAT Scale | Check Cashing | Cylinder Propane | DEF Lanes | Drivers Lounge | Game Room | Live Parking | Lottery | Pegasus | Public Laundry | Truck Parking Spaces | Mobile Ordering,true
4,Pilot Travel Center,Pilot,Pilot Travel Center #4,39115 Colorado Ave,Avon,OH,44011,41.46542685866315,-82.06033914723615,I-90,151,"I-90, Exit 151",55,6,3,,,true,Diesel Lanes | Showers | Prime Parking Spaces | Diesel Mobile Fueling | Premium Wifi | ATM | CAT Scale | Check Cashing | Cylinder Propane | DEF Lanes | Game Room | Lottery | Truck Parking Spaces | Electric Vehicle Charging Station | Mobile Ordering,true
1027,Pilot Travel Center,Pilot,Pilot Travel Center #1027,6555 US-385,Vega,TX,79092,35.235887066510934,-102.42900324669645,I-40,36,"I-40/US-385, Exit 36",76,8,7,,,true,Diesel Lanes | Showers | Prime Parking Spaces | Diesel Mobile Fueling | Premium Wifi | ATM | CAT Scale | Check Cashing | Cylinder Propane | DEF Lanes | Drivers Lounge | Game Room | Lottery | Pegasus | Public Laundry | Truck Parking Spaces | Electric Vehicle Charging Station | Bridgestone Tire Monitoring | Mobile Ordering,true
1061,Flying J Travel Center,Flying J,Flying J Travel Center #1061,4939 W Chestnut Expy,Springfield,MO,65802,37.21361052421073,-93.3815448,I-44,72,"I-44, Exit 72",94,9,0,,,true,Diesel Lanes | Showers | Prime Parking Spaces | Diesel Mobile Fueling | Premium Wifi | ATM | CAT Scale | Cylinder Propane | DEF Lanes | Drivers Lounge | Lottery | Pegasus | Truck Parking Spaces | Electric Vehicle Charging Station | Bridgestone Tire Monitoring | Mobile Ordering,true
1024,Pilot Travel Center,Pilot,Pilot Travel Center #1024,40 E Laraway Rd,Joliet,IL,60433,41.48018346329369,-88.07921846074638,,,IL-53 & Laraway Rd,52,7,4,,,true,Diesel Lanes | Showers | Prime Parking Spaces | Diesel Mobile Fueling | Premium Wifi | ATM | CAT Scale | Check Cashing | Cylinder Propane | DEF Lanes | Game Room | Lottery | Pegasus | Public Laundry | Truck Parking Spaces | Electric Vehicle Charging Station | Bridgestone Tire Monitoring | Mobile Ordering,true
1173,Pilot Express,Pilot,Pilot Express #1173,1440 Puyallup Ave,Tacoma,WA,98421,47.24173242949355,-122.41214941719666,I-5,134,"I-5, Exit 134",0,7,0,,,true,Diesel Lanes | CAT Scale | Cylinder Propane | Bridgestone Tire Monitoring | Mobile Ordering,false
4622,Pilot Travel Center,Pilot,Pilot Travel Center #4622,2190 Philpott Rd #58,South Boston,VA,24592,36.67527779023144,-78.92703689682007,,,US-360/US-58,55,7,2,,,true,Diesel Lanes | Showers | Prime Parking Spaces | ATM | CAT Scale | Check Cashing | Cylinder Propane | DEF Lanes | Pegasus | Truck Parking Spaces | Mobile Ordering,true
52,Pilot Travel Center,Pilot,Pilot Travel Center #52,535 Waldron Rd,La Vergne,TN,37086,35.99777918141003,-86.59516507340413,I-24,64,"I-24, Exit 64",15,8,4,,,true,Diesel Lanes | Showers | Diesel Mobile Fueling | Premium Wifi | ATM | CAT Scale | Check Cashing | DEF Lanes | Game Room | Lottery | Pegasus | Truck Parking Spaces | Mobile Ordering,true
43,Pilot Travel Center,Pilot,Pilot Travel Center #43,3500 N Plainview Rd,Walcott,IA,52773,41.619597,-90.784545,I-80,284,"I-80, Exit 284",160,11,10,,,false,Electric Vehicle Charging Station | Southern Tire Mart at Pilot / Truck Care | Mobile Ordering,true
151,Pilot Travel Center,Pilot,Pilot Travel Center #151,2430 93rd Avenue SW,Olympia,WA,98512,46.9534283,-122.9349005,I-5,99 NE,"I-5, Exit 99 NE",86,8,7,,,true,Diesel Lanes | Showers | Prime Parking Spaces | Diesel Mobile Fueling | Premium Wifi | ATM | CAT Scale | Check Cashing | Cylinder Propane | DEF Lanes | Live Parking | Lottery | Pegasus | Public Laundry | Truck Parking Spaces | Mobile Ordering,true
199,Pilot Travel Center,Pilot,Pilot Travel Center #199,490 N Elm St,Haughton,LA,71037,32.544996,-93.516474,I-20,33,"I-20/LA-157, Exit 33",90,7,7,,,true,Diesel Lanes | Showers | Prime Parking Spaces | Diesel Mobile Fueling | Premium Wifi | ATM | CAT Scale | Check Cashing | Cylinder Propane | DEF Lanes | Game Room | Lottery | Pegasus | Public Laundry | Truck Parking Spaces | Electric Vehicle Charging Station | Bridgestone Tire Monitoring | Mobile Ordering,true
247,Pilot Travel Center,Pilot,Pilot Travel Center #247,4403 IN-32,Crawfordsville,IN,47933,40.04605164467593,-86.82107910256731,I-74,39,"I-74, Exit 39",70,7,5,,,true,Diesel Lanes | Showers | Prime Parking Spaces | Diesel Mobile Fueling | Premium Wifi | ATM | CAT Scale | Check Cashing | Cylinder Propane | DEF Lanes | Game Room | Lottery | Pegasus | Truck Parking Spaces | Bridgestone Tire Monitoring | Mobile Ordering,true
266,Pilot Travel Center,Pilot,Pilot Travel Center #266,2681 W Amador Ave,Las Cruces,NM,88005,32.296515098320114,-106.8102598392868,I-10,139,"I-10, Exit 139",28,8,5,,,true,Diesel Lanes | Showers | Prime Parking Spaces | Diesel Mobile Fueling | Premium Wifi | ATM | CAT Scale | Check Cashing | DEF Lanes | Lottery | Pegasus | Public Laundry | Truck Parking Spaces | Mobile Ordering,true
282,Pilot Travel Center,Pilot,Pilot Travel Center #282,2591 Commerce Pkwy,Barstow,CA,92311,34.8549172,-117.0874803,I-15,178,"I-15/40, Exit 178",18,7,7,,,true,Diesel Lanes | Showers | Prime Parking Spaces | Diesel Mobile Fueling | Premium Wifi | ATM | CAT Scale | Check Cashing | Cylinder Propane | DEF Lanes | Game Room | Live Parking | Lottery | Pegasus | Public Laundry | Truck Parking Spaces | Mobile Ordering,true
294,ONE9 Travel Center,ONE9,ONE9 Travel Center #294,1670 W 12th St,Ogden,UT,84404,41.245305720861744,-112.01938527116394,I-15,344,"I-15 & UT-39, Exit 344",60,7,5,,,true,Diesel Lanes | Showers | Prime Parking Spaces | Diesel Mobile Fueling | Premium Wifi | ATM | CAT Scale | Check Cashing | DEF Lanes | Game Room | Pegasus | Truck Parking Spaces | Bridgestone Tire Monitoring | Mobile Ordering,true
303,Pilot Travel Center,Pilot,Pilot Travel Center #303,905 American Rd,Napoleon,OH,43545,41.416480909036544,-84.10480444773451,,41,"US-6/24, Exit 41",75,7,5,,,false,Electric Vehicle Charging Station | Mobile Ordering,true
402,Pilot Travel Center,Pilot,Pilot Travel Center #402,8020 Campstool Rd,Cheyenne,WY,82007,41.13633064808771,-104.70673474470519,I-80,367,"I-80, Exit 367",90,10,6,,,true,Diesel Lanes | Showers | Prime Parking Spaces | Diesel Mobile Fueling | Premium Wifi | ATM | Bulk Propane | CAT Scale | Check Cashing | DEF Lanes | Game Room | Pegasus | Public Laundry | Truck Parking Spaces | Mobile Ordering,true
417,Pilot Travel Center,Pilot,Pilot Travel Center #417,625 Carrollton St,Temple,GA,30179,33.718810717221714,-85.02963888095093,I-20,19,"I-20, Exit 19",86,8,14,,,true,Diesel Lanes | Showers | Prime Parking Spaces | Diesel Mobile Fueling | Premium Wifi | ATM | CAT Scale | Check Cashing | Cylinder Propane | DEF Lanes | Game Room | Lottery | Pegasus | Public Laundry | Truck Parking Spaces | Electric Vehicle Charging Station | Bridgestone Tire Monitoring | Mobile Ordering,true
447,Pilot Travel Center,Pilot,Pilot Travel Center #447,1042 E Warrenton Rd,Haubstadt,IN,47639,38.17445122298883,-87.54915905770683,I-64,25B,"I-64, Exit 25B",98,8,8,,,true,Diesel Lanes | Showers | Prime Parking Spaces | Diesel Mobile Fueling | Premium Wifi | ATM | CAT Scale | Check Cashing | Cylinder Propane | DEF Lanes | Lottery | Pegasus | Public Laundry | Truck Parking Spaces | Mobile Ordering,true
471,Pilot Travel Center,Pilot,Pilot Travel Center #471,35647 US-27,Haines City,FL,33844,28.118135261911668,-81.63873781190185,,,US-27 & Commerce Ave,87,7,7,,,true,Diesel Lanes | Showers | Prime Parking Spaces | Diesel Mobile Fueling | Premium Wifi | ATM | Bulk Propane | CAT Scale | Check Cashing | Cylinder Propane | DEF Lanes | Game Room | Lottery | Pegasus | Public Laundry | Truck Parking Spaces | Mobile Ordering,true
472,Pilot Travel Center,Pilot,Pilot Travel Center #472,525 S 1st St,Beasley,TX,77417,29.49550671168256,-95.9113181386404,,,US-59 & Isleib Rd,56,8,7,,,false,Electric Vehicle Charging Station | Mobile Ordering,true
580,Flying J Travel Center,Flying J,Flying J Travel Center #580,5900 E I-20,Odessa,TX,79766,31.8647144,-102.3020479,I-20,121,"I-20, Exit 121",101,11,10,,,true,Diesel Lanes | Showers | Prime Parking Spaces | Diesel Mobile Fueling | Premium Wifi | ATM | CAT Scale | Check Cashing | Cylinder Propane | DEF Lanes | Drivers Lounge | Game Room | Lottery | Pegasus | Public Laundry | Truck Parking Spaces | Mobile Ordering,true
586,Pilot Travel Center,Pilot,Pilot Travel Center #586,6705 MS-63,Moss Point,MS,39563,30.43834086750137,-88.5287859398117,I-10,69,"I-10, Exit 69",73,10,7,,,true,Diesel Lanes | Showers | Prime Parking Spaces | Diesel Mobile Fueling | Premium Wifi | ATM | Bulk Propane | CAT Scale | Cylinder Propane | DEF Lanes | Game Room | Lottery | Pegasus | Public Laundry | Truck Parking Spaces | Electric Vehicle Charging Station | Bridgestone Tire Monitoring | Mobile Ordering,true
594,Pilot Travel Center,Pilot,Pilot Travel Center #594,2815 Singing Hills Blvd,Sioux City,IA,51111,42.43553384203598,-96.3733973558197,I-29,143,"I-29, Exit 143",90,8,7,,,true,Diesel Lanes | Showers | Prime Parking Spaces | Diesel Mobile Fueling | Premium Wifi | ATM | CAT Scale | Check Cashing | Cylinder Propane | DEF Lanes | Game Room | Lottery | Pegasus | Public Laundry | Truck Parking Spaces | Mobile Ordering,true
704,Flying J Travel Center,Flying J,Flying J Travel Center #704,4801 NE 122nd St,Edmond,OK,73013,35.596136,-97.43662,I-35,137,"I-35/44/344, Exit 137",73,8,8,,,true,Diesel Lanes | Showers | Prime Parking Spaces | Diesel Mobile Fueling | Premium Wifi | ATM | Bulk Propane | CAT Scale | Check Cashing | Cylinder Propane | DEF Lanes | Drivers Lounge | Lottery | Pegasus | Public Laundry | Truck Parking Spaces | Electric Vehicle Charging Station | Bridgestone Tire Monitoring | Mobile Ordering,true
760,Flying J Travel Center,Flying J,Flying J Travel Center #760,10501 US-30,Cokeville,WY,83114,42.086774271368405,-110.94798590311048,,,US-30 & WY-232,90,5,4,,,true,Diesel Lanes | Showers | Prime Parking Spaces | Diesel Mobile Fueling | Premium Wifi | ATM | CAT Scale | Check Cashing | Cylinder Propane | DEF Lanes | Drivers Lounge | Pegasus | Public Laundry | Truck Parking Spaces | Mobile Ordering,true
759,Flying J Travel Center,Flying J,Flying J Travel Center #759,2250 Etchepare Dr,Cheyenne,WY,82007,41.09874285318394,-104.85338723009414,I-25,7,"I-25, Exit 7",180,10,12,,,true,Diesel Lanes | Showers | Prime Parking Spaces | Diesel Mobile Fueling | Premium Wifi | ATM | Bulk Propane | CAT Scale | Check Cashing | Cylinder Propane | DEF Lanes | Drivers Lounge | Game Room | Pegasus | Public Laundry | Truck Parking Spaces | Electric Vehicle Charging Station | Southern Tire Mart at Pilot / Truck Care | Mobile Ordering,true
887,Pilot Dealer,Pilot,Pilot Dealer #887,1100 US-180,Snyder,TX,79549,32.70521692897363,-100.86561173488059,,,US-84 & US-180,40,4,0,,,false,Diesel Lanes | Showers | Diesel Mobile Fueling | ATM | Check Cashing | DEF Lanes | Lottery | Pegasus,true
894,Pilot Dealer,Pilot,Pilot Dealer #894,3002 US-57,Eagle Pass,TX,78852,28.709887451703505,-100.46406576034705,,,US-277 & US-57,100,6,0,,,true,Diesel Lanes | Showers | Prime Parking Spaces | Diesel Mobile Fueling | ATM | CAT Scale | Check Cashing | DEF Lanes | Lottery | Pegasus | Public Laundry | Truck Parking Spaces | Truck Wash,true
967,Pilot Dealer,Pilot,Pilot Dealer #967,6606 E Broadway Ave,Spokane,WA,99212,47.663286703580404,-117.3160041620407,I-90,286,"I-90, Exit 286",40,5,0,,,true,Diesel Lanes | Showers | Diesel Mobile Fueling | Premium Wifi | ATM | CAT Scale | Check Cashing | Drivers Lounge | Game Room | Lottery | Truck Parking Spaces,true
1001,Pilot Travel Center,Pilot,Pilot Travel Center #1001,1310 US-67,Big Lake,TX,76932,31.1904977,-101.4497547,,,US-67,40,6,6,,,true,Diesel Lanes | Showers | Diesel Mobile Fueling | Premium Wifi | ATM | CAT Scale | Check Cashing | Cylinder Propane | DEF Lanes | Game Room | Lottery | Pegasus | Public Laundry | Truck Parking Spaces | Mobile Ordering,true
1003,Pilot Travel Center,Pilot,Pilot Travel Center #1003,2301 Avenue F NW,Childress,TX,79201,34.43542535042794,-100.23050008465576,,,Hwy 83/62 & Hwy 287,81,7,7,,,true,Diesel Lanes | Showers | Prime Parking Spaces | Diesel Mobile Fueling | Premium Wifi | ATM | CAT Scale | Check Cashing | Cylinder Propane | DEF Lanes | Drivers Lounge | Game Room | Lottery | Pegasus | Public Laundry | Truck Parking Spaces | Mobile Ordering,true
1163,Pilot Dealer,Pilot,Pilot Dealer #1163,6406 Emlenton Clintonville Rd,Emlenton,PA,16373,41.17533063091578,-79.7400044558197,I-80,42,"I-80, Exit 42",65,6,0,,,true,Diesel Lanes | Showers | Diesel Mobile Fueling | ATM | CAT Scale | Check Cashing | DEF Lanes | Game Room | Lottery | Public Laundry | Truck Parking Spaces,true
1171,Flying J Dealer,Flying J,Flying J Dealer #1171,1057 S. Lower Flat Top Drive,Mesquite,NV,89027,36.78403001681751,-114.14060375714723,I-15,118,"I-15, Exit 118",69,8,6,,,false,Diesel Lanes | Showers | Prime Parking Spaces | Diesel Mobile Fueling | ATM | DEF Lanes | Truck Parking Spaces,true
1175,Pilot Travel Center,Pilot,Pilot Travel Center #1175,14905 Cordes Lake Road,Mayer,AZ,86333,34.32741874206012,-112.11799225871981,I-17,262,"I-17, Exit 262",25,6,0,,,true,Diesel Lanes | ATM | Bulk Propane | CAT Scale | DEF Lanes | Lottery | Truck Parking Spaces | Mobile Ordering,true
1178,Pilot Express,Pilot,Pilot Express #1178,9255 S Rita Rd,Tucson,AZ,85747,32.084413897201586,-110.8033038914695,I-10,273,"I-10, Exit 273",9,4,0,,,true,Diesel Lanes | Diesel Mobile Fueling | Premium Wifi | ATM | Bulk Propane | CAT Scale | DEF Lanes | Lottery | Truck Parking Spaces | Mobile Ordering,true
1180,Pilot Travel Center,Pilot,Pilot Travel Center #1180,41112 W Indian School Rd,Tonopah,AZ,85354,33.494105604895424,-112.93789823619366,I-10,94,"I-10, Exit 94",66,6,3,,,true,Diesel Lanes | Showers | Diesel Mobile Fueling | ATM | Bulk Propane | CAT Scale | Check Cashing | Cylinder Propane | DEF Lanes | Lottery | Pegasus | Truck Parking Spaces | Bridgestone Tire Monitoring | Mobile Ordering,true
4619,Pilot Travel Center,Pilot,Pilot Travel Center #4619,1318 E Lee Hwy,Wytheville,VA,24382,36.93871415442906,-80.99264008756388,I-81,77,"I-81/77, Exit 77",150,8,11,,,true,Diesel Lanes | Showers | Prime Parking Spaces | Diesel Mobile Fueling | Premium Wifi | CAT Scale | Cylinder Propane | DEF Lanes | Game Room | Lottery | Pegasus | Truck Parking Spaces | Bridgestone Tire Monitoring | Mobile Ordering,true
4642,Pilot Travel Center,Pilot,Pilot Travel Center #4642,1014 Mt Olive Rd,Toms Brook,VA,22660,38.96670393993694,-78.43830410491084,I-81,291,"I-81, Exit 291",145,10,8,,,true,Diesel Lanes | Showers | Prime Parking Spaces | Diesel Mobile Fueling | Premium Wifi | ATM | CAT Scale | Check Cashing | Cylinder Propane | DEF Lanes | Game Room | Pegasus | Truck Parking Spaces | Bridgestone Tire Monitoring | Mobile Ordering,true
4649,Pilot Travel Center,Pilot,Pilot Travel Center #4649,713 Oakland Cir,Raphine,VA,24472,37.93192394411583,-79.23164687209017,I-81,205,"I-81/64, Exit 205",129,12,8,,,true,Diesel Lanes | Showers | Prime Parking Spaces | Diesel Mobile Fueling | Premium Wifi | ATM | CAT Scale | Cylinder Propane | DEF Lanes | Lottery | Pegasus | Truck Parking Spaces | Electric Vehicle Charging Station | Bridgestone Tire Monitoring | Southern Tire Mart at Pilot / Truck Care | Mobile Ordering,true
23,ONE9 Travel Center,ONE9,ONE9 Travel Center #23,7205 S State Rd,Ionia,MI,48846,42.88296566287978,-85.07382574117912,I-96,67,"I-96, Exit 67",20,6,4,,,true,Diesel Lanes | Showers | Diesel Mobile Fueling | Premium Wifi | ATM | CAT Scale | Check Cashing | Cylinder Propane | DEF Lanes | Pegasus | Truck Parking Spaces | Mobile Ordering,true
36,ONE9 Travel Center,ONE9,ONE9 Travel Center #36,4105 US-30 E,Valparaiso,IN,46383,41.448527,-87.010376,,,US-30 & IN-49,25,4,3,,,true,Diesel Lanes | Showers | Diesel Mobile Fueling | ATM | CAT Scale | Check Cashing | Cylinder Propane | DEF Lanes | Lottery | Pegasus | Truck Parking Spaces | Bridgestone Tire Monitoring | Mobile Ordering,true
64,Mr. Fuel Travel Center,Mr. Fuel Travel Center,Mr. Fuel Travel Center #64,1521 N Main St,Summerville,SC,29486,33.03891850148002,-80.14231133007678,I-26,199B,"I-26, Exit 199B",15,5,3,,,true,Diesel Lanes | Showers | Diesel Mobile Fueling | Premium Wifi | ATM | CAT Scale | Check Cashing | DEF Lanes | Lottery | Pegasus | Truck Parking Spaces | Mobile Ordering,true
48,Pilot Travel Center,Pilot,Pilot Travel Center #48,58 Glendale Hodgenville Rd W,Glendale,KY,42740,37.5955972832017,-85.86489468978714,I-65,86,"I-65, Exit 86",125,11,8,,,true,Diesel Lanes | Showers | Prime Parking Spaces | Diesel Mobile Fueling | Premium Wifi | ATM | CAT Scale | Check Cashing | Cylinder Propane | DEF Lanes | Game Room | Lottery | Pegasus | Public Laundry | Truck Parking Spaces | Southern Tire Mart at Pilot / Truck Care | Mobile Ordering,true
167,Pilot Travel Center,Pilot,Pilot Travel Center #167,2424 E Austin Blvd,Nevada,MO,64772,37.83528342614755,-94.32478784136941,I-49,101,"I-49, Exit 101",37,5,3,,,true,Diesel Lanes | Showers | Prime Parking Spaces | Diesel Mobile Fueling | Premium Wifi | ATM | CAT Scale | Check Cashing | Cylinder Propane | DEF Lanes | Game Room | Lottery | Pegasus | Truck Parking Spaces | Mobile Ordering,true
268,Pilot Travel Center,Pilot,Pilot Travel Center #268,2975 N Plainview Rd,Walcott,IA,52773,41.614354353305885,-90.78216472023773,I-80,284,"I-80, Exit 284",25,6,3,,,false,Diesel Lanes | Showers | Diesel Mobile Fueling | Premium Wifi | ATM | Check Cashing | Cylinder Propane | DEF Lanes | Game Room | Lottery | Pegasus | Truck Parking Spaces | Mobile Ordering,true
274,Pilot Travel Center,Pilot,Pilot Travel Center #274,2112 Rees St,Breaux Bridge,LA,70517,30.293935019709682,-91.9144897043686,I-10,109,"I-10, Exit 109",105,7,7,,,false,Electric Vehicle Charging Station | Southern Tire Mart at Pilot / Truck Care | Mobile Ordering,true
489,Flying J Travel Center,Flying J,Flying J Travel Center #489,4401 32nd Ave S,Grand Forks,ND,58201,47.88845382016879,-97.09251515767211,I-29,138,"I-29, Exit 138",65,10,10,,,true,Diesel Lanes | Showers | Prime Parking Spaces | Diesel Mobile Fueling | Premium Wifi | ATM | Bulk Propane | CAT Scale | Check Cashing | Cylinder Propane | DEF Lanes | Drivers Lounge | Game Room | Lottery | Pegasus | Public Laundry | Truck Parking Spaces | Electric Vehicle Charging Station | Mobile Ordering,true
576,Flying J Travel Center,Flying J,Flying J Travel Center #576,8051 Bagley Ave,Northfield,MN,55057,44.47066678033858,-93.29479698147583,I-35,69,"I-35, Exit 69",80,7,5,,,true,Diesel Lanes | Showers | Prime Parking Spaces | Diesel Mobile Fueling | Premium Wifi | ATM | Bulk Propane | CAT Scale | Check Cashing | Cylinder Propane | DEF Lanes | Game Room | Lottery | Pegasus | Public Laundry | Truck Parking Spaces | Electric Vehicle Charging Station | Mobile Ordering,true
650,Flying J Travel Center,Flying J,Flying J Travel Center #650,1401 Ripley St,Lake Station,IN,46405,41.58643338442599,-87.23953477937202,I-94,15B,"I-94/90, Exit 15B",375,12,17,,,true,Diesel Lanes | Showers | Prime Parking Spaces | Diesel Mobile Fueling | Premium Wifi | ATM | Bulk Propane | CAT Scale | Check Cashing | Cylinder Propane | DEF Lanes | Drivers Lounge | Game Room | Lottery | Pegasus | Public Laundry | Truck Parking Spaces | Truck Wash | Bridgestone Tire Monitoring | Mobile Ordering,true
666,Pilot Travel Center,Pilot,Pilot Travel Center #666,1860 E Napier Ave,Benton Harbor,MI,49022,42.090035567751514,-86.4123753558197,I-94,30,"I-94, Exit 30",135,10,6,,,true,Diesel Lanes | Showers | Prime Parking Spaces | Diesel Mobile Fueling | Premium Wifi | ATM | CAT Scale | Check Cashing | Cylinder Propane | DEF Lanes | Game Room | Lottery | Pegasus | Public Laundry | Truck Parking Spaces | Truck Wash | Mobile Ordering,true
688,Flying J Travel Center,Flying J,Flying J Travel Center #688,326 Slapes Corner Rd,Carneys Point,NJ,08069,39.68406448291671,-75.48522055644875,I-295,2C,"I-295, Exit 2C",213,12,16,,,true,Diesel Lanes | Showers | Prime Parking Spaces | Diesel Mobile Fueling | Premium Wifi | ATM | Bulk Propane | CAT Scale | Check Cashing | Cylinder Propane | DEF Lanes | Drivers Lounge | Game Room | IdleAir | Lottery | Pegasus | Public Laundry | Truck Parking Spaces | Bridgestone Tire Monitoring | Southern Tire Mart at Pilot / Truck Care | Mobile Ordering,true
718,Mr. Fuel Travel Center,Mr. Fuel Travel Center,Mr. Fuel Travel Center #718,8915 Weier Rd,Pevely,MO,63070,38.285981,-90.405087,I-55,180,"I-55, Exit 180",15,5,2,,,false,Diesel Lanes | Showers | Diesel Mobile Fueling | Premium Wifi | ATM | Check Cashing | DEF Lanes | Lottery | Pegasus | Mobile Ordering,true
728,Flying J Travel Center,Flying J,Flying J Travel Center #728,1301 Horizon Blvd,El Paso,TX,79928,31.66205260095058,-106.23808794708252,I-10,37,"I-10, Exit 37",120,12,11,,,true,Diesel Lanes | Showers | Prime Parking Spaces | Diesel Mobile Fueling | Premium Wifi | ATM | Bulk Propane | CAT Scale | Check Cashing | Cylinder Propane | DEF Lanes | Drivers Lounge | Game Room | IdleAir | Lottery | Pegasus | Public Laundry | Truck Parking Spaces | Bridgestone Tire Monitoring | Southern Tire Mart at Pilot / Truck Care | Mobile Ordering,true
732,Mr. Fuel Travel Center,Mr. Fuel Travel Center,Mr. Fuel Travel Center #732,2840 Salt Springs Rd,Girard,OH,44420,41.1391107292473,-80.71790146670246,I-80,226,"I-80, Exit 226",60,14,10,,,true,Diesel Lanes | Showers | Prime Parking Spaces | Diesel Mobile Fueling | ATM | CAT Scale | Check Cashing | DEF Lanes | Lottery | Pegasus | Truck Parking Spaces | Mobile Ordering,true
746,Flying J Travel Center,Flying J,Flying J Travel Center #746,2025 S 900 W,Salt Lake City,UT,84104,40.72664906240593,-111.91559221804722,I-15,17,"I-15 & I-80 SR201, Exit 17",110,8,9,,,true,Diesel Lanes | Showers | Prime Parking Spaces | Diesel Mobile Fueling | Premium Wifi | ATM | Bulk Propane | CAT Scale | Check Cashing | Cylinder Propane | DEF Lanes | Drivers Lounge | Game Room | Pegasus | Public Laundry | Truck Parking Spaces | Electric Vehicle Charging Station | Bridgestone Tire Monitoring | Mobile Ordering,true
874,Pilot Dealer,Pilot,Pilot Dealer #874,17696 SW 8th St,Miami,FL,33194,25.760367914776484,-80.48067181349181,,,US-41 & FL-997,26,6,0,,,true,Diesel Lanes | Showers | Diesel Mobile Fueling | ATM | CAT Scale | Check Cashing | Pegasus | Truck Parking Spaces | Truck Wash,true
876,Flying J Travel Center,Flying J,Flying J Travel Center #876,23866 Rogers Clark Blvd,Ruther Glen,VA,22546,37.94051969909014,-77.46853838227842,I-95,104,"I-95, Exit 104",250,10,22,,,true,Diesel Lanes | Showers | Prime Parking Spaces | Diesel Mobile Fueling | Premium Wifi | ATM | Bulk Propane | CAT Scale | Check Cashing | Cylinder Propane | DEF Lanes | Game Room | Lottery | Pegasus | Public Laundry | Truck Parking Spaces | Truck Wash | Electric Vehicle Charging Station | Bridgestone Tire Monitoring | Mobile Ordering,true
889,Flying J Dealer,Flying J,Flying J Dealer #889,101 S 45th St,Mount Vernon,IL,62864,38.311428503288255,-88.95743122090148,I-64,95,"I-64/57, Exit 95",200,8,0,,,true,Diesel Lanes | Showers | Prime Parking Spaces | Diesel Mobile Fueling | ATM | CAT Scale | Check Cashing | DEF Lanes | Drivers Lounge | Lottery | Pegasus | Public Laundry | Truck Parking Spaces,true
891,Pilot Dealer,Pilot,Pilot Dealer #891,1470 Route 46 East,Ledgewood,NJ,07852,40.89213026508659,-74.68616187368013,I-80,,I-80 Exit 27B/Exit 27 A&B,15,4,0,,,false,Diesel Lanes | Diesel Mobile Fueling | ATM | Check Cashing | Lottery | Pegasus | Truck Wash,true
893,Flying J Dealer,Flying J,Flying J Dealer #893,7005 N Chestnut St,Avoca,IA,51521,41.49949089379883,-95.33456159196967,I-80,40,"I-80, Exit 40",200,11,0,,,true,Diesel Lanes | Showers | Diesel Mobile Fueling | ATM | CAT Scale | Check Cashing | DEF Lanes | Drivers Lounge | Pegasus | Truck Parking Spaces,true
897,Pilot Dealer,Pilot,Pilot Dealer #897,16650 NW 27th Ave,Opa Locka,FL,33054,25.925588263065816,-80.2452391643486,,FL-817,"FL-826, Exit FL-817",20,10,0,,,false,Diesel Lanes | Showers | Diesel Mobile Fueling | ATM | Check Cashing | Game Room | Lottery | Pegasus | Truck Parking Spaces,true
899,Pilot Dealer,Pilot,Pilot Dealer #899,1011 E Atlantic St,South Hill,VA,23970,36.71082206313788,-78.10879096693422,I-85,12A/B,"I-85, Exit 12A/B",20,4,0,,,false,Diesel Lanes | Showers | Diesel Mobile Fueling | ATM | Check Cashing | DEF Lanes | Lottery | Pegasus | Truck Parking Spaces,true
902,Pilot Licensee,Pilot,Pilot Licensee #902,3335 W Wood River Rd,Grand Island,NE,68801,40.83061305659963,-98.38060815938569,I-80,312,"I-80, Exit 312",400,22,22,,,true,Diesel Lanes | Showers | Diesel Mobile Fueling | Premium Wifi | ATM | CAT Scale | Check Cashing | DEF Lanes | Drivers Lounge | Game Room | Lottery | Public Laundry | Truck Parking Spaces,true
1032,Mr. Fuel Travel Center,Mr. Fuel Travel Center,Mr. Fuel Travel Center #1032,435 S 3rd St,Steubenville,OH,43952,40.3531905,-80.6164316,,Third St,"OH-7, Exit Third St",10,5,0,,,false,Diesel Lanes | Diesel Mobile Fueling | Premium Wifi | ATM | Cylinder Propane | DEF Lanes | Lottery | Truck Parking Spaces | Mobile Ordering,true
1041,Pilot Travel Center,Pilot,Pilot Travel Center #1041,170 W North Ave,Carol Stream,IL,60188,41.90365011786776,-88.12281056669599,,,IL-64 & Gary Ave,20,6,0,,,false,Diesel Lanes | Diesel Mobile Fueling | Premium Wifi | ATM | Check Cashing | Cylinder Propane | DEF Lanes | Lottery | Pegasus | Truck Parking Spaces | Bridgestone Tire Monitoring | Mobile Ordering,true
1094,Pilot Travel Center,Pilot,Pilot Travel Center #1094,1668 E Tehachapi Blvd,Tehachapi,CA,93561,35.12712197641601,-118.41531796752854,,151,"CA-58, Exit 151",99,9,9,,,false,Electric Vehicle Charging Station | Mobile Ordering,true
1096,Flying J Travel Center,Flying J,Flying J Travel Center #1096,1101 Friday Rd,Cocoa,FL,32926,28.374809,-80.802044,I-95,202,"I-95, Exit 202",89,8,7,,,false,Electric Vehicle Charging Station | Mobile Ordering,true
1108,Mr. Fuel Travel Center,Mr. Fuel Travel Center,Mr. Fuel Travel Center #1108,3206 W Trinity Blvd,Grand Prairie,TX,75050,32.8018794,-97.030391,,,TX-161 & Trinity Blvd,8,4,0,,,true,Diesel Lanes | Diesel Mobile Fueling | Premium Wifi | ATM | CAT Scale | DEF Lanes | Lottery | Truck Parking Spaces | Electric Vehicle Charging Station | Mobile Ordering,true
1117,Pilot Travel Center,Pilot,Pilot Travel Center #1117,389 Rochester Crossing Dr,Rochester,IN,46975,41.048488212006916,-86.21787939828644,,,US-31 & IN-25,33,5,3,,,true,Diesel Lanes | Showers | Diesel Mobile Fueling | Premium Wifi | ATM | CAT Scale | Check Cashing | Cylinder Propane | DEF Lanes | Lottery | Pegasus | Truck Parking Spaces | Electric Vehicle Charging Station | Mobile Ordering,true
1126,Pilot Travel Center,Pilot,Pilot Travel Center #1126,8801 NE Birmingham Rd,Kansas City,MO,64161,39.1564147,-94.4763072,I-435,55,"I-435, Exit 55",15,6,2,,,true,Diesel Lanes | Showers | Diesel Mobile Fueling | Premium Wifi | ATM | CAT Scale | Check Cashing | Cylinder Propane | DEF Lanes | Lottery | Pegasus | Truck Parking Spaces | Electric Vehicle Charging Station | Mobile Ordering,true
56,Pilot Travel Center,Pilot,Pilot Travel Center #56,2825 Lane St,Kannapolis,NC,28083,35.49845563266019,-80.56096263558197,I-85,63,"I-85, Exit 63",55,7,5,,,false,Electric Vehicle Charging Station | Mobile Ordering,true
147,Pilot Travel Center,Pilot,Pilot Travel Center #147,1200 Wendover Blvd,West Wendover,NV,89883,40.73943964521697,-114.06642221966075,I-80,410,"I-80, Exit 410",125,7,10,,,false,Electric Vehicle Charging Station,true
145,Pilot Travel Center,Pilot,Pilot Travel Center #145,5660 W Sunset Ave,Springdale,AR,72762,36.176497,-94.19317,I-49,72,"I-49, Exit 72",30,5,4,,,true,Diesel Lanes | Showers | Prime Parking Spaces | Diesel Mobile Fueling | Premium Wifi | ATM | CAT Scale | Check Cashing | Cylinder Propane | DEF Lanes | Game Room | Lottery | Pegasus | Public Laundry | Truck Parking Spaces | Electric Vehicle Charging Station | Mobile Ordering,true
13,Pilot Travel Center,Pilot,Pilot Travel Center #13,8924 Lake Rd,Seville,OH,44273,41.02966364720154,-81.90729066118905,I-71,209B,"I-71, Exit 209B",190,11,10,,,true,Diesel Lanes | Showers | Prime Parking Spaces | Diesel Mobile Fueling | Premium Wifi | ATM | CAT Scale | Check Cashing | Cylinder Propane | DEF Lanes | Drivers Lounge | Game Room | IdleAir | Lottery | Pegasus | Public Laundry | Truck Parking Spaces | Mobile Ordering,true
195,Pilot Travel Center,Pilot,Pilot Travel Center #195,91485 Biggs Rufus Hwy,Wasco,OR,97065,45.66943893332095,-120.83494981828119,I-84,104,"I-84, Exit 104",37,6,5,,,true,Diesel Lanes | Showers | Prime Parking Spaces | Diesel Mobile Fueling | Premium Wifi | ATM | CAT Scale | Check Cashing | Cylinder Propane | DEF Lanes | Live Parking | Lottery | Pegasus | Truck Parking Spaces | Mobile Ordering,true
209,Pilot Travel Center,Pilot,Pilot Travel Center #209,501 Van Horn Dr,Van Horn,TX,79855,31.03594379073825,-104.82998702100255,I-10,140A,"I-10, Exit 140A",75,8,7,,,true,Diesel Lanes | Showers | Prime Parking Spaces | Diesel Mobile Fueling | Premium Wifi | ATM | CAT Scale | Check Cashing | Cylinder Propane | DEF Lanes | Lottery | Pegasus | Public Laundry | Truck Parking Spaces | Mobile Ordering,true
306,Pilot Travel Center,Pilot,Pilot Travel Center #306,5619 I-10 E,San Antonio,TX,78219,29.43984530499176,-98.38058858237048,I-10,582,"I-10, Exit 582",50,7,5,,,true,Diesel Lanes | Showers | Prime Parking Spaces | Diesel Mobile Fueling | ATM | CAT Scale | Check Cashing | Cylinder Propane | DEF Lanes | Game Room | Lottery | Pegasus | Truck Parking Spaces | Bridgestone Tire Monitoring | Mobile Ordering,true
313,Pilot Travel Center,Pilot,Pilot Travel Center #313,699 IL-203,East Saint Louis,IL,62201,38.6521180055513,-90.13190753733092,I-55,4,"I-55/70/64, Exit 4",200,9,11,,,false,Electric Vehicle Charging Station | Mobile Ordering,true
358,Pilot Travel Center,Pilot,Pilot Travel Center #358,5353 Cairo Rd,Paducah,KY,42001,37.09749515428461,-88.69117281349182,I-24,3,"I-24/KY-305, Exit 3",52,8,5,,,true,Diesel Lanes | Showers | Prime Parking Spaces | Diesel Mobile Fueling | Premium Wifi | ATM | CAT Scale | Check Cashing | Cylinder Propane | DEF Lanes | Game Room | Lottery | Pegasus | Truck Parking Spaces | Electric Vehicle Charging Station | Southern Tire Mart at Pilot / Truck Care | Mobile Ordering,true
373,Pilot Travel Center,Pilot,Pilot Travel Center #373,11957 Douglas Avenue,Urbandale,IA,50322,41.63025206734957,-93.77945434456635,I-35,,"I-35/80, Ext 126",140,15,17,,,true,Diesel Lanes | Showers | Prime Parking Spaces | Diesel Mobile Fueling | Premium Wifi | ATM | CAT Scale | Check Cashing | DEF Lanes | Drivers Lounge | Game Room | Lottery | Pegasus | Public Laundry | Truck Parking Spaces | Truck Wash | Mobile Ordering,true
381,Pilot Travel Center,Pilot,Pilot Travel Center #381,8701 US-395,Hesperia,CA,92344,34.408487241982954,-117.3986286766691,I-15,141,"I-15/US-395, Exit 141",217,8,10,,,true,Diesel Lanes | Showers | Prime Parking Spaces | Diesel Mobile Fueling | Premium Wifi | ATM | CAT Scale | Check Cashing | DEF Lanes | Game Room | Live Parking | Lottery | Pegasus | Public Laundry | Truck Parking Spaces | Mobile Ordering,true
422,Pilot Travel Center,Pilot,Pilot Travel Center #422,1645 S US-29,Newnan,GA,30263,33.320550198836116,-84.77770398280335,I-85,41,"I-85, Exit 41",95,7,7,,,true,Diesel Lanes | Showers | Prime Parking Spaces | Diesel Mobile Fueling | Premium Wifi | ATM | CAT Scale | Check Cashing | Cylinder Propane | DEF Lanes | Game Room | IdleAir | Lottery | Pegasus | Public Laundry | Truck Parking Spaces | Bridgestone Tire Monitoring | Southern Tire Mart at Pilot / Truck Care | Mobile Ordering,true
455,Pilot Travel Center,Pilot,Pilot Travel Center #455,488 OH-61,Marengo,OH,43334,40.370886005044866,-82.83082055092619,I-71,140,"I-71, Exit 140",65,7,5,,,true,Diesel Lanes | Showers | Prime Parking Spaces | Diesel Mobile Fueling | Premium Wifi | ATM | CAT Scale | Check Cashing | Cylinder Propane | DEF Lanes | Game Room | Lottery | Pegasus | Public Laundry | Truck Parking Spaces | Electric Vehicle Charging Station | Bridgestone Tire Monitoring | Mobile Ordering,true
513,Flying J Dealer,Flying J,Flying J Dealer #513,115 West Primm Blvd.,Jean,NV,89019,35.60971843384898,-115.39175074998263,I-15,1,"I-15, Exit 1",125,10,0,,,true,Diesel Lanes | Showers | Diesel Mobile Fueling | ATM | CAT Scale | Check Cashing | DEF Lanes | Pegasus | Public Laundry | Truck Parking Spaces,true
554,Flying J Travel Center,Flying J,Flying J Travel Center #554,4066 US-59,George West,TX,78022,28.337015956072545,-98.0238216111145,I-37,56,"I-37, Exit 56",90,8,7,,,true,Diesel Lanes | Showers | Prime Parking Spaces | Diesel Mobile Fueling | Premium Wifi | ATM | CAT Scale | Cylinder Propane | DEF Lanes | Drivers Lounge | Game Room | Lottery | Pegasus | Public Laundry | Truck Parking Spaces | Electric Vehicle Charging Station | Mobile Ordering,true
517,Pilot Travel Center,Pilot,Pilot Travel Center #517,30 Benvenue Rd,Duncannon,PA,17020,40.40570626037003,-77.0096590687866,,,US-22/US-322,68,7,6,,,true,Diesel Lanes | Showers | Prime Parking Spaces | Diesel Mobile Fueling | Premium Wifi | ATM | CAT Scale | Check Cashing | DEF Lanes | Lottery | Pegasus | Truck Parking Spaces | Bridgestone Tire Monitoring | Mobile Ordering,true
603,Flying J Travel Center,Flying J,Flying J Travel Center #603,2190 Ross Clark Cir,Dothan,AL,36301,31.191259633391088,-85.40007102827892,,,US-231 & US-431,158,8,9,,,true,Diesel Lanes | Showers | Prime Parking Spaces | Diesel Mobile Fueling | Premium Wifi | ATM | Bulk Propane | CAT Scale | Check Cashing | Cylinder Propane | DEF Lanes | Drivers Lounge | Game Room | Pegasus | Public Laundry | Truck Parking Spaces | Mobile Ordering,true
583,Pilot Travel Center,Pilot,Pilot Travel Center #583,5670 Barrett Rd,Ferndale,WA,98248,48.84874546488632,-122.57186829194671,I-5,262,"I-5, Exit 262",12,7,4,,,true,Diesel Lanes | Showers | Prime Parking Spaces | Diesel Mobile Fueling | Premium Wifi | ATM | CAT Scale | Check Cashing | DEF Lanes | Lottery | Pegasus | Truck Parking Spaces | Bridgestone Tire Monitoring | Mobile Ordering,true
620,Flying J Travel Center,Flying J,Flying J Travel Center #620,122 Fitz Henry Rd,Smithton,PA,15479,40.1699764773692,-79.73167045479568,I-70,49,"I-70, Exit 49",74,7,8,,,true,Diesel Lanes | Showers | Prime Parking Spaces | Diesel Mobile Fueling | Premium Wifi | ATM | Bulk Propane | CAT Scale | Check Cashing | Cylinder Propane | DEF Lanes | Drivers Lounge | Lottery | Pegasus | Public Laundry | Truck Parking Spaces | Electric Vehicle Charging Station | Mobile Ordering,true
634,Flying J Travel Center,Flying J,Flying J Travel Center #634,650 Carrollton St,Temple,GA,30179,33.71925049934507,-85.02648355793792,I-20,19,"I-20, Exit 19",164,12,15,,,true,Diesel Lanes | Showers | Prime Parking Spaces | Diesel Mobile Fueling | Premium Wifi | ATM | Bulk Propane | CAT Scale | Cylinder Propane | DEF Lanes | Drivers Lounge | Game Room | Lottery | Pegasus | Public Laundry | Truck Parking Spaces | Bridgestone Tire Monitoring | Mobile Ordering,true
674,Flying J Travel Center,Flying J,Flying J Travel Center #674,1 Campbranch Rd,Warrenton,MO,63383,38.83971109152136,-91.22802276931152,I-70,188,"I-70, Exit 188",175,12,10,,,true,Diesel Lanes | Showers | Prime Parking Spaces | Diesel Mobile Fueling | Premium Wifi | ATM | CAT Scale | Check Cashing | Cylinder Propane | DEF Lanes | Drivers Lounge | Game Room | Lottery | Pegasus | Public Laundry | Truck Parking Spaces | Electric Vehicle Charging Station | Southern Tire Mart at Pilot / Truck Care | Mobile Ordering,true
682,Flying J Travel Center,Flying J,Flying J Travel Center #682,1043 Jimmie Kerr Rd,Haw River,NC,27258,36.07155978723494,-79.35297449810994,I-40,150,"I-40/85, Exit 150",251,12,14,,,true,Diesel Lanes | Showers | Prime Parking Spaces | Diesel Mobile Fueling | Premium Wifi | ATM | Bulk Propane | CAT Scale | Cylinder Propane | DEF Lanes | Game Room | Lottery | Pegasus | Public Laundry | Truck Parking Spaces | Electric Vehicle Charging Station | Mobile Ordering,true
698,Flying J Travel Center,Flying J,Flying J Travel Center #698,9935 SR 41,Washington Court House,OH,43128,39.64633388489482,-83.5384017556289,I-71,,I-71 Exit 69,148,8,9,,,true,Diesel Lanes | Showers | Prime Parking Spaces | Diesel Mobile Fueling | Premium Wifi | ATM | Bulk Propane | CAT Scale | Check Cashing | Cylinder Propane | DEF Lanes | Drivers Lounge | Game Room | Lottery | Pegasus | Public Laundry | Truck Parking Spaces | Electric Vehicle Charging Station | Southern Tire Mart at Pilot / Truck Care | Mobile Ordering,true
684,Flying J Travel Center,Flying J,Flying J Travel Center #684,I-94 ND-16,Beach,ND,58621,46.929651,-104.00927084603272,I-94,,I-94 & Hwy 16,89,5,4,,,true,Diesel Lanes | Showers | Prime Parking Spaces | Diesel Mobile Fueling | Premium Wifi | ATM | CAT Scale | Check Cashing | DEF Lanes | Pegasus | Public Laundry | Truck Parking Spaces | Mobile Ordering,true
716,Flying J Travel Center,Flying J,Flying J Travel Center #716,5201 N Granite Ln,Sioux Falls,SD,57107,43.60294620433454,-96.76769242496421,I-29,83,"I-29, Exit 83",158,8,9,,,false,Electric Vehicle Charging Station | Mobile Ordering,true
721,Mr. Fuel Travel Center,Mr. Fuel Travel Center,Mr. Fuel Travel Center #721,4610 S Harding St,Indianapolis,IN,46217,39.69751665006955,-86.18797364911988,I-465,4,"I-465, Exit 4",49,8,7,,,true,Diesel Lanes | Showers | Diesel Mobile Fueling | Premium Wifi | ATM | CAT Scale | Check Cashing | DEF Lanes | Lottery | Pegasus | Truck Parking Spaces | Truck Wash | Bridgestone Tire Monitoring | Mobile Ordering,true
730,Flying J Travel Center,Flying J,Flying J Travel Center #730,1011 Beltway Pkwy,Laredo,TX,78045,27.685254343235226,-99.46518994871121,I-35,12B/13,"I-35, Exit 12B/13",191,12,15,,,true,Diesel Lanes | Showers | Prime Parking Spaces | Diesel Mobile Fueling | Premium Wifi | ATM | CAT Scale | Check Cashing | Cylinder Propane | DEF Lanes | Drivers Lounge | Game Room | IdleAir | Lottery | Pegasus | Public Laundry | Truck Parking Spaces | Electric Vehicle Charging Station | Bridgestone Tire Monitoring | Mobile Ordering,true
739,Pilot Travel Center,Pilot,Pilot Travel Center #739,2409 S New Rd,Waco,TX,76711,31.5075712,-97.1451705,I-35,331,"I-35, Exit 331",200,9,11,,,true,Diesel Lanes | Showers | Prime Parking Spaces | Diesel Mobile Fueling | Premium Wifi | ATM | Bulk Propane | CAT Scale | Check Cashing | Cylinder Propane | DEF Lanes | Drivers Lounge | Game Room | Lottery | Pegasus | Public Laundry | Truck Parking Spaces | Mobile Ordering,true
879,Pilot Dealer,Pilot,Pilot Dealer #879,2828 El Centro Rd,Sacramento,CA,95833,38.61736670766864,-121.53820506075485,I-80,85,"I-80, Exit 85",275,7,0,,,false,Diesel Lanes | Showers | Diesel Mobile Fueling | Premium Wifi | ATM | Check Cashing | DEF Lanes | Drivers Lounge | Game Room | Lottery | Pegasus | Public Laundry | Truck Parking Spaces | Truck Wash,true
965,ONE9 Dealer,ONE9,ONE9 Dealer #965,2300 S Canyon Rd,Ellensburg,WA,98926,46.97067325059552,-120.53766352513122,I-90,109,"I-90, Exit 109",100,5,0,,,true,Diesel Lanes | Showers | Diesel Mobile Fueling | Premium Wifi | ATM | CAT Scale | Check Cashing | Drivers Lounge | Game Room | Lottery | Public Laundry | Truck Parking Spaces,true
1082,Pilot Travel Center,Pilot,Pilot Travel Center #1082,5714 N Rhett Ave,Charleston,SC,29406,32.90355307189954,-79.98457478983485,I-526,19,"I-526, Exit 19",50,8,4,,,false,Electric Vehicle Charging Station | Mobile Ordering,true
17,Pilot Travel Center,Pilot,Pilot Travel Center #17,15901 11 Mile Rd,Battle Creek,MI,49014,42.3029751720004,-85.08241893488058,I-94,104,"I-94, Exit 104",75,7,5,,,true,Diesel Lanes | Showers | Prime Parking Spaces | Diesel Mobile Fueling | Premium Wifi | ATM | CAT Scale | Check Cashing | Cylinder Propane | DEF Lanes | Game Room | Lottery | Pegasus | Public Laundry | Truck Parking Spaces | Mobile Ordering,true
31,Pilot Travel Center,Pilot,Pilot Travel Center #31,8150 Indianapolis Blvd,Highland,IN,46322,41.56746795810016,-87.47272301165677,I-80,2,"I-80/94, Exit 2",10,6,2,,,true,Diesel Lanes | Showers | Diesel Mobile Fueling | ATM | CAT Scale | Check Cashing | Cylinder Propane | DEF Lanes | Lottery | Pegasus | Truck Parking Spaces | Bridgestone Tire Monitoring | Mobile Ordering,true
252,Pilot Travel Center,Pilot,Pilot Travel Center #252,600 W MO-92,Kearney,MO,64060,39.36868187457259,-94.37433739021303,I-35,26,"I-35, Exit 26",90,9,7,,,false,Electric Vehicle Charging Station | Southern Tire Mart at Pilot / Truck Care | Mobile Ordering,true
280,Pilot Travel Center,Pilot,Pilot Travel Center #280,979 RT-173,Bloomsbury,NJ,08804,40.65948542798922,-75.07299567601761,I-78,7,"I-78, Exit 7",11,7,5,,,true,Diesel Lanes | Showers | Prime Parking Spaces | Diesel Mobile Fueling | Premium Wifi | ATM | CAT Scale | Check Cashing | DEF Lanes | Lottery | Pegasus | Truck Parking Spaces | Mobile Ordering,true
81,Pilot Travel Center,Pilot,Pilot Travel Center #81,2010 New Castle Rd,Portersville,PA,16051,40.96473570956834,-80.13987980149493,I-79,99,"I-79, Exit 99",50,8,7,,,true,Diesel Lanes | Showers | Prime Parking Spaces | Diesel Mobile Fueling | Premium Wifi | ATM | CAT Scale | Check Cashing | Cylinder Propane | DEF Lanes | Game Room | Lottery | Pegasus | Public Laundry | Truck Parking Spaces | Electric Vehicle Charging Station | Mobile Ordering,true
329,Pilot Travel Center,Pilot,Pilot Travel Center #329,2647 S 24th St,Council Bluffs,IA,51501,41.235650407984025,-95.87828884875262,I-80,50,"I-80/29, Exit 50",80,8,7,,,true,Diesel Lanes | Showers | Prime Parking Spaces | Diesel Mobile Fueling | Premium Wifi | ATM | CAT Scale | Check Cashing | DEF Lanes | Game Room | Lottery | Pegasus | Public Laundry | Truck Parking Spaces | Electric Vehicle Charging Station | Mobile Ordering,true
330,Pilot Travel Center,Pilot,Pilot Travel Center #330,4142 TX-337 Loop,New Braunfels,TX,78130,29.6763531,-98.1560214,I-35,184,"I-35, Exit 184",120,9,7,,,true,Diesel Lanes | Showers | Prime Parking Spaces | Diesel Mobile Fueling | Premium Wifi | ATM | CAT Scale | Check Cashing | Cylinder Propane | DEF Lanes | Game Room | Lottery | Pegasus | Public Laundry | Truck Parking Spaces | Electric Vehicle Charging Station | Bridgestone Tire Monitoring | Mobile Ordering,true
287,Pilot Travel Center,Pilot,Pilot Travel Center #287,10048 Avon Lake Rd,Burbank,OH,44214,40.99914173203202,-81.99684420755622,I-71,204,"I-71/OH-83, Exit 204",105,8,7,,,true,Diesel Lanes | Showers | Prime Parking Spaces | Diesel Mobile Fueling | Premium Wifi | ATM | CAT Scale | Check Cashing | Cylinder Propane | DEF Lanes | Game Room | Lottery | Pegasus | Public Laundry | Truck Parking Spaces | Electric Vehicle Charging Station | Mobile Ordering,true
348,Pilot Dealer,Pilot,Pilot Dealer #348,205 Wilson Rd,Bentleyville,PA,15314,40.13163320356099,-80.00095796560667,I-70,32B,"I-70, Exit 32B",90,0,7,,,true,Diesel Lanes | Showers | Prime Parking Spaces | Diesel Mobile Fueling | Premium Wifi | ATM | CAT Scale | Check Cashing | Cylinder Propane | DEF Lanes | Drivers Lounge | Lottery | Pegasus | Public Laundry | Truck Parking Spaces | Truck Wash,true
407,Pilot Travel Center,Pilot,Pilot Travel Center #407,2411 US-18,Clear Lake,IA,50428,43.14496364019283,-93.35853580613423,I-35,194,"I-35, Exit 194",75,7,6,,,false,Electric Vehicle Charging Station | Mobile Ordering,true
443,Pilot Travel Center,Pilot,Pilot Travel Center #443,6676 MO-13,Higginsville,MO,64037,39.00319761010177,-93.73417487140935,I-70,49,"I-70, Exit 49",125,9,6,,,true,Diesel Lanes | Showers | Prime Parking Spaces | Diesel Mobile Fueling | ATM | CAT Scale | Check Cashing | Cylinder Propane | DEF Lanes | Game Room | Lottery | Pegasus | Public Laundry | Truck Parking Spaces | Electric Vehicle Charging Station | Mobile Ordering,true
467,Pilot Travel Center,Pilot,Pilot Travel Center #467,4105 S Loop 1604 E,San Antonio,TX,78264,29.219554454914796,-98.4151195509262,I-37,125,"I-37, Exit 125",88,8,8,,,false,Electric Vehicle Charging Station | Mobile Ordering,true
486,Pilot Travel Center,Pilot,Pilot Travel Center #486,12881 FM 14,Tyler,TX,75706,32.450871530739796,-95.28378590674589,I-20,562,"I-20, Exit 562",85,8,7,,,true,Diesel Lanes | Showers | Prime Parking Spaces | Diesel Mobile Fueling | Premium Wifi | ATM | CAT Scale | Check Cashing | Cylinder Propane | DEF Lanes | Game Room | Lottery | Pegasus | Public Laundry | Truck Parking Spaces | Electric Vehicle Charging Station | Mobile Ordering,true
552,Flying J Travel Center,Flying J,Flying J Travel Center #552,3140 OH-350,Lebanon,OH,45036,39.41149759944768,-84.1504398092621,I-71,32,"I-71, Exit 32",109,8,7,,,true,Diesel Lanes | Showers | Prime Parking Spaces | Diesel Mobile Fueling | Premium Wifi | ATM | CAT Scale | Check Cashing | Cylinder Propane | DEF Lanes | Game Room | Lottery | Pegasus | Public Laundry | Truck Parking Spaces | Bridgestone Tire Monitoring | Mobile Ordering,true
617,Flying J Travel Center,Flying J,Flying J Travel Center #617,15100 Thorton Rd,Lodi,CA,95242,38.11728613944786,-121.39435539021301,I-5,485,"I-5/CA-12, Exit 485",197,12,15,,,true,Diesel Lanes | Showers | Prime Parking Spaces | Diesel Mobile Fueling | Premium Wifi | ATM | Bulk Propane | CAT Scale | Check Cashing | Cylinder Propane | DEF Lanes | Drivers Lounge | Game Room | Live Parking | Lottery | Pegasus | Public Laundry | Truck Parking Spaces | Electric Vehicle Charging Station | Bridgestone Tire Monitoring | Mobile Ordering,true
641,Flying J Travel Center,Flying J,Flying J Travel Center #641,587 E US-30,McCammon,ID,83250,42.65997607590844,-112.20669689087677,I-15,47,"I-15, Exit 47",84,5,5,,,true,Diesel Lanes | Showers | Prime Parking Spaces | Diesel Mobile Fueling | Premium Wifi | ATM | Bulk Propane | CAT Scale | Check Cashing | Cylinder Propane | DEF Lanes | Lottery | Pegasus | Public Laundry | Truck Parking Spaces | Electric Vehicle Charging Station | Bridgestone Tire Monitoring | Mobile Ordering,true
665,Flying J Travel Center,Flying J,Flying J Travel Center #665,9510 Greenwood Rd,Greenwood,LA,71033,32.44460538878131,-93.97946758153242,I-20,3,"I-20, Exit 3",190,12,15,,,true,Diesel Lanes | Showers | Prime Parking Spaces | Diesel Mobile Fueling | Premium Wifi | ATM | Bulk Propane | CAT Scale | Check Cashing | DEF Lanes | Game Room | Lottery | Pegasus | Public Laundry | Truck Parking Spaces | Electric Vehicle Charging Station | Bridgestone Tire Monitoring | Mobile Ordering,true
661,Flying J Travel Center,Flying J,Flying J Travel Center #661,4380 Nashville Rd,Franklin,KY,42134,36.662604318911725,-86.55350818526745,I-65,2,"I-65/US-31W, Exit 2",172,12,9,,,true,Diesel Lanes | Showers | Prime Parking Spaces | Diesel Mobile Fueling | Premium Wifi | ATM | Barber Shop | CAT Scale | Check Cashing | Cylinder Propane | DEF Lanes | Drivers Lounge | Lottery | Pegasus | Public Laundry | Truck Parking Spaces | Electric Vehicle Charging Station | Mobile Ordering,true
669,Flying J Travel Center,Flying J,Flying J Travel Center #669,11570 Hwy FF,Joplin,MO,64804,37.0556550541404,-94.42906104893494,I-44,"11/I-49, Exit 39","I-44, Exit 11/I-49, Exit 39",160,12,15,,,true,Diesel Lanes | Showers | Prime Parking Spaces | Diesel Mobile Fueling | Premium Wifi | ATM | Barber Shop | Bulk Propane | CAT Scale | Check Cashing | Cylinder Propane | DEF Lanes | Drivers Lounge | Game Room | Lottery | Pegasus | Public Laundry | Truck Parking Spaces | Electric Vehicle Charging Station | Mobile Ordering,true
671,Flying J Travel Center,Flying J,Flying J Travel Center #671,703 MO-80,Matthews,MO,63867,36.760346930529465,-89.5408622354431,I-55,58,"I-55, Exit 58",166,12,10,,,true,Diesel Lanes | Showers | Prime Parking Spaces | Diesel Mobile Fueling | Premium Wifi | ATM | Bulk Propane | CAT Scale | Check Cashing | Cylinder Propane | DEF Lanes | Drivers Lounge | Game Room | Lottery | Pegasus | Public Laundry | Truck Parking Spaces | Electric Vehicle Charging Station | Bridgestone Tire Monitoring | Mobile Ordering,true
673,Flying J Travel Center,Flying J,Flying J Travel Center #673,825 N Loop Dr,Sullivan,MO,63080,38.225315719934464,-91.15816794416129,I-44,226,"I-44/MO-185, Exit 226",160,12,11,,,true,Diesel Lanes | Showers | Prime Parking Spaces | Diesel Mobile Fueling | Premium Wifi | ATM | Barber Shop | Bulk Propane | CAT Scale | Check Cashing | Cylinder Propane | DEF Lanes | Drivers Lounge | Game Room | Lottery | Pegasus | Public Laundry | Truck Parking Spaces | Electric Vehicle Charging Station | Bridgestone Tire Monitoring | Mobile Ordering,true
693,Flying J Travel Center,Flying J,Flying J Travel Center #693,8484 Alleghany Rd,Corfu,NY,14036,43.00133808672438,-78.40663019503415,I-90,48A,"I-90, Exit 48A",111,8,9,,,true,Diesel Lanes | Showers | Prime Parking Spaces | Diesel Mobile Fueling | Premium Wifi | ATM | Bulk Propane | CAT Scale | Cylinder Propane | DEF Lanes | Game Room | Pegasus | Public Laundry | Truck Parking Spaces | Electric Vehicle Charging Station | Southern Tire Mart at Pilot / Truck Care | Mobile Ordering,true
694,Flying J Travel Center,Flying J,Flying J Travel Center #694,2349 Center Rd,Austinburg,OH,44010,41.789384995203704,-80.85615393741703,I-90,223,"I-90/OH-45, Exit 223",164,12,15,,,true,Diesel Lanes | Showers | Prime Parking Spaces | Diesel Mobile Fueling | Premium Wifi | ATM | Bulk Propane | CAT Scale | Cylinder Propane | DEF Lanes | Game Room | Pegasus | Public Laundry | Truck Parking Spaces | Electric Vehicle Charging Station | Mobile Ordering,true
705,Flying J Travel Center,Flying J,Flying J Travel Center #705,2400 S 4th St,Sayre,OK,73662,35.26532218526573,-99.64070370304108,I-40,20,"I-40/US-283, Exit 20",150,8,9,,,true,Diesel Lanes | Showers | Prime Parking Spaces | Diesel Mobile Fueling | Premium Wifi | ATM | Bulk Propane | CAT Scale | Check Cashing | Cylinder Propane | DEF Lanes | Drivers Lounge | Game Room | Lottery | Pegasus | Public Laundry | Truck Parking Spaces | Electric Vehicle Charging Station | Bridgestone Tire Monitoring | Southern Tire Mart at Pilot / Truck Care | Mobile Ordering,true
714,Flying J Travel Center,Flying J,Flying J Travel Center #714,2435 Mt Holly Rd,Rock Hill,SC,29730,34.85584407699772,-81.00636486840268,I-77,73,"I-77, Exit 73",141,8,9,,,true,Diesel Lanes | Showers | Prime Parking Spaces | Diesel Mobile Fueling | Premium Wifi | ATM | Bulk Propane | CAT Scale | Check Cashing | Cylinder Propane | DEF Lanes | Drivers Lounge | Game Room | Lottery | Pegasus | Public Laundry | Truck Parking Spaces | Bridgestone Tire Monitoring | Mobile Ordering,true
731,Mr. Fuel Travel Center,Mr. Fuel Travel Center,Mr. Fuel Travel Center #731,140 Holwager Dr,Spiceland,IN,47385,39.85057100523276,-85.41771688227846,I-70,123,"I-70, Exit 123",50,10,7,,,true,Diesel Lanes | Showers | Prime Parking Spaces | Diesel Mobile Fueling | ATM | CAT Scale | Check Cashing | DEF Lanes | Lottery | Pegasus | Truck Parking Spaces | Mobile Ordering,true
756,Flying J Travel Center,Flying J,Flying J Travel Center #756,780 WI-54,Black River Falls,WI,54615,44.295455653455534,-90.82946731609397,I-94,116,"I-94, Exit 116",150,10,12,,,true,Diesel Lanes | Showers | Prime Parking Spaces | Diesel Mobile Fueling | Premium Wifi | ATM | CAT Scale | Check Cashing | Cylinder Propane | DEF Lanes | Drivers Lounge | Game Room | Lottery | Pegasus | Public Laundry | Truck Parking Spaces | Electric Vehicle Charging Station | Mobile Ordering,true
762,Flying J Travel Center,Flying J,Flying J Travel Center #762,1810 S Douglas Hwy,Gillette,WY,82718,44.27735726262782,-105.49489346130753,I-90,126,"I-90, Exit 126",50,5,4,,,false,Electric Vehicle Charging Station | Mobile Ordering,true
905,Pilot Licensed Location,Pilot,Pilot Licensed Location #905,7985 MT-200,Milltown,MT,59851,46.874603769893376,-113.88779875127125,I-90,109,"I-90, Exit 109",100,11,0,,,true,Diesel Lanes | Showers | ATM | CAT Scale | Check Cashing | DEF Lanes | Game Room | Public Laundry | Truck Parking Spaces,true
924,Flying J Licensed Location,Flying J,Flying J Licensed Location #924,122000 Browns Gulch Rd,Butte,MT,59701,46.00830179605397,-112.60875498021532,I-90,122,"I-90/15, Exit 122",120,10,0,,,false,Diesel Lanes | Showers | ATM | DEF Lanes | Drivers Lounge | Public Laundry | Truck Parking Spaces,true
1049,Pilot Dealer,Pilot,Pilot Dealer #1049,2400 Holland Rd,Suffolk,VA,23434,36.7143134,-76.6697072,,,US-58,17,6,0,,,true,Diesel Lanes | Showers | Prime Parking Spaces | Diesel Mobile Fueling | Premium Wifi | ATM | CAT Scale | Check Cashing | Cylinder Propane | DEF Lanes | Game Room | Lottery | Pegasus | Truck Parking Spaces,true
1118,Pilot Travel Center,Pilot,Pilot Travel Center #1118,4100 Mabry Dr,Clovis,NM,88101,34.39529214534171,-103.15286499814758,,,US-60,29,5,3,,,true,Diesel Lanes | Showers | Diesel Mobile Fueling | Premium Wifi | ATM | CAT Scale | Check Cashing | Cylinder Propane | DEF Lanes | Lottery | Pegasus | Truck Parking Spaces | Mobile Ordering,true
1092,Pilot Travel Center,Pilot,Pilot Travel Center #1092,8950 Earhart Ln SW,Cedar Rapids,IA,52404,41.89141107657727,-91.66711023011149,I-380,13,"I-380, Exit 13",30,6,3,,,true,Diesel Lanes | Showers | Prime Parking Spaces | Diesel Mobile Fueling | Premium Wifi | ATM | CAT Scale | Check Cashing | Cylinder Propane | DEF Lanes | Game Room | Lottery | Pegasus | Truck Parking Spaces | Mobile Ordering,true
49,Pilot Travel Center,Pilot,Pilot Travel Center #49,8190 Pembroke Oak Grove Rd,Oak Grove,KY,42262,36.67827984961249,-87.40442727822713,I-24,89,"I-24, Exit 89",175,11,8,,,true,Diesel Lanes | Showers | Prime Parking Spaces | Diesel Mobile Fueling | Premium Wifi | ATM | CAT Scale | Check Cashing | Cylinder Propane | DEF Lanes | Game Room | Lottery | Pegasus | Public Laundry | Truck Parking Spaces | Southern Tire Mart at Pilot / Truck Care | Mobile Ordering,true
41,Pilot Travel Center,Pilot,Pilot Travel Center #41,3060 Owingsville Rd,Mount Sterling,KY,40353,38.085998446252916,-83.89884095937596,I-64,113,"I-64, Exit 113",70,8,6,,,true,Diesel Lanes | Showers | Prime Parking Spaces | Diesel Mobile Fueling | Premium Wifi | ATM | CAT Scale | Check Cashing | Cylinder Propane | DEF Lanes | Game Room | Lottery | Pegasus | Public Laundry | Truck Parking Spaces | Electric Vehicle Charging Station | Mobile Ordering,true
51,Pilot Travel Center,Pilot,Pilot Travel Center #51,11190 Baileyton Rd,Greeneville,TN,37745,36.320638,-82.831823,I-81,36,"I-81, Exit 36",28,5,3,,,true,Diesel Lanes | Showers | Diesel Mobile Fueling | Premium Wifi | ATM | CAT Scale | Check Cashing | Cylinder Propane | DEF Lanes | Game Room | Lottery | Pegasus | Truck Parking Spaces | Bridgestone Tire Monitoring | Mobile Ordering,true
180,Pilot Travel Center,Pilot,Pilot Travel Center #180,12500 W I-40,Bellemont,AZ,86015,35.23849106,-111.8225708,I-40,185,"I-40, Exit 185",45,8,7,,,true,Diesel Lanes | Showers | Prime Parking Spaces | Diesel Mobile Fueling | Premium Wifi | ATM | CAT Scale | Check Cashing | Cylinder Propane | DEF Lanes | Game Room | Lottery | Pegasus | Public Laundry | Truck Parking Spaces | Electric Vehicle Charging Station | Bridgestone Tire Monitoring | Southern Tire Mart at Pilot / Truck Care | Mobile Ordering,true
200,Pilot Travel Center,Pilot,Pilot Travel Center #200,5725 CA-58,Boron,CA,93516,34.991778407271724,-117.54217863788985,,,US-395 & CA-58,45,7,7,,,true,Diesel Lanes | Showers | Prime Parking Spaces | Diesel Mobile Fueling | Premium Wifi | ATM | CAT Scale | Check Cashing | Cylinder Propane | DEF Lanes | Live Parking | Lottery | Pegasus | Truck Parking Spaces | Mobile Ordering,true
208,Pilot Travel Center,Pilot,Pilot Travel Center #208,1475 Thornton St,Pacific,MO,63069,38.48710240753006,-90.75822798777139,I-44,256/257,"I-44, Exit 256/257",90,9,7,,,true,Diesel Lanes | Showers | Diesel Mobile Fueling | Premium Wifi | ATM | CAT Scale | Check Cashing | Cylinder Propane | DEF Lanes | Game Room | Lottery | Pegasus | Public Laundry | Truck Parking Spaces | Electric Vehicle Charging Station | Bridgestone Tire Monitoring | Mobile Ordering,true
233,Flying J Travel Center,Flying J,Flying J Travel Center #233,800 John Long Rd,Oakland,OR,97462,43.53949942609636,-123.28893940608215,I-5,148,"I-5, Exit 148",140,9,10,,,false,Electric Vehicle Charging Station | Mobile Ordering,true
239,Pilot Travel Center,Pilot,Pilot Travel Center #239,1600 E Wyandot Ave,Upper Sandusky,OH,43351,40.83394735870434,-83.2454950932541,,E Wyandot Rd,"US-30/23, Exit E Wyandot Rd",70,7,5,,,true,Diesel Lanes | Showers | Prime Parking Spaces | Diesel Mobile Fueling | Premium Wifi | ATM | CAT Scale | Check Cashing | Cylinder Propane | DEF Lanes | Game Room | Lottery | Pegasus | Public Laundry | Truck Parking Spaces | Mobile Ordering,true
289,Pilot Travel Center,Pilot,Pilot Travel Center #289,3001 Milwaukee Rd,Beloit,WI,53511,42.5268988,-88.9797253,I-90,185A,"I-90/43/WI-81, Exit 185A",55,8,5,,,true,Diesel Lanes | Showers | Diesel Mobile Fueling | Premium Wifi | ATM | CAT Scale | Check Cashing | Cylinder Propane | DEF Lanes | Game Room | Lottery | Pegasus | Truck Parking Spaces | Mobile Ordering,true
307,Pilot Travel Center,Pilot,Pilot Travel Center #307,6605 N Indian Canyon Dr,North Palm Springs,CA,92258,33.9030662,-116.5461743,I-10,120,"I-10, Exit 120",57,6,5,,,true,Diesel Lanes | Showers | Prime Parking Spaces | Diesel Mobile Fueling | Premium Wifi | ATM | CAT Scale | Check Cashing | Cylinder Propane | DEF Lanes | Game Room | Live Parking | Lottery | Pegasus | Truck Parking Spaces | Mobile Ordering,true
308,Pilot Travel Center,Pilot,Pilot Travel Center #308,1564 N McCue St,Laramie,WY,82072,41.32714120441457,-105.61045092261504,I-80,310,"I-80, Exit 310",100,9,6,,,true,Diesel Lanes | Showers | Prime Parking Spaces | Diesel Mobile Fueling | Premium Wifi | ATM | CAT Scale | Check Cashing | Cylinder Propane | DEF Lanes | Pegasus | Public Laundry | Truck Parking Spaces | Mobile Ordering,true
328,Pilot Travel Center,Pilot,Pilot Travel Center #328,1201 W Main St,Quartzsite,AZ,85346,33.661555948477975,-114.23679187368013,I-10,17,"I-10/US-95, Exit 17",45,9,4,,,true,Diesel Lanes | Showers | Prime Parking Spaces | Diesel Mobile Fueling | Premium Wifi | ATM | CAT Scale | Check Cashing | DEF Lanes | Lottery | Pegasus | Truck Parking Spaces | Bridgestone Tire Monitoring | Southern Tire Mart at Pilot / Truck Care | Mobile Ordering,true
341,Pilot Travel Center,Pilot,Pilot Travel Center #341,3812 E Craig Rd,North Las Vegas,NV,89031,36.2409528,-115.0978424,I-15,48,"I-15, Exit 48",55,7,7,,,true,Diesel Lanes | Showers | Prime Parking Spaces | Diesel Mobile Fueling | Premium Wifi | ATM | CAT Scale | Check Cashing | DEF Lanes | Pegasus | Public Laundry | Truck Parking Spaces | Bridgestone Tire Monitoring | Mobile Ordering,true
387,ONE9 Travel Center,ONE9,ONE9 Travel Center #387,791 10th St,Carlin,NV,89822,40.71970773701785,-116.10611350066375,I-80,280,"I-80 & NV-278, Exit 280",60,5,5,,,true,Diesel Lanes | Showers | Diesel Mobile Fueling | Premium Wifi | ATM | CAT Scale | Check Cashing | Cylinder Propane | DEF Lanes | Pegasus | Truck Parking Spaces | Bridgestone Tire Monitoring | Mobile Ordering,true
385,Pilot Travel Center,Pilot,Pilot Travel Center #385,9890 MO-13,Collins,MO,64738,37.874340259276885,-93.62130251653291,,,US-54 & MO-13,65,8,3,,,true,Diesel Lanes | Showers | Prime Parking Spaces | Diesel Mobile Fueling | Premium Wifi | ATM | CAT Scale | Check Cashing | Cylinder Propane | DEF Lanes | Game Room | Lottery | Pegasus | Public Laundry | Truck Parking Spaces | Mobile Ordering,true
392,ONE9 Travel Center,ONE9,ONE9 Travel Center #392,450 E Western Ave,Sonora,KY,42776,37.52252867325649,-85.88267079866276,I-65,81,"I-65, Exit 81",100,10,6,,,false,Diesel Lanes | Showers | Prime Parking Spaces | Diesel Mobile Fueling | Premium Wifi | ATM | Check Cashing | Cylinder Propane | DEF Lanes | Game Room | Lottery | Pegasus | Public Laundry | Truck Parking Spaces | Truck Wash | Electric Vehicle Charging Station | Southern Tire Mart at Pilot / Truck Care | Mobile Ordering,true
432,Pilot Travel Center,Pilot,Pilot Travel Center #432,8055 South I-35,Waco,TX,76706,31.456399015718898,-97.17165307448482,I-35,328,"I-35, Exit 328",271,10,10,,,true,Diesel Lanes | Showers | Prime Parking Spaces | Diesel Mobile Fueling | Premium Wifi | ATM | Barber Shop | CAT Scale | Check Cashing | Cylinder Propane | DEF Lanes | Drivers Lounge | Game Room | IdleAir | Lottery | Pegasus | Public Laundry | Truck Parking Spaces | Bridgestone Tire Monitoring | Southern Tire Mart at Pilot / Truck Care | Mobile Ordering,true
438,Pilot Travel Center,Pilot,Pilot Travel Center #438,2940 Scottsville Rd,Franklin,KY,42134,36.71780129987355,-86.52539558346712,I-65,6,"I-65, Exit 6",150,10,9,,,true,Diesel Lanes | Showers | Prime Parking Spaces | Diesel Mobile Fueling | Premium Wifi | ATM | CAT Scale | Check Cashing | Cylinder Propane | DEF Lanes | Game Room | Lottery | Pegasus | Public Laundry | Truck Parking Spaces | Truck Wash | Mobile Ordering,true
557,Pilot Travel Center,Pilot,Pilot Travel Center #557,3710 W Carlsbad Hwy,Hobbs,NM,88240,32.697425340022924,-103.18358581875071,,,US-62,46,6,3,,,true,Diesel Lanes | Showers | Diesel Mobile Fueling | Premium Wifi | ATM | CAT Scale | Check Cashing | DEF Lanes | Lottery | Pegasus | Public Laundry | Truck Parking Spaces | Mobile Ordering,true
595,Pilot Travel Center,Pilot,Pilot Travel Center #595,2611 Vernell Rd,Marion,IL,62959,37.740443180822666,-88.96497850300342,I-57,54,"I-57, Exit 54",45,6,6,,,true,Diesel Lanes | Showers | Prime Parking Spaces | Diesel Mobile Fueling | Premium Wifi | ATM | CAT Scale | Check Cashing | Cylinder Propane | DEF Lanes | Game Room | Lottery | Pegasus | Public Laundry | Truck Parking Spaces | Electric Vehicle Charging Station | Mobile Ordering,true
609,Pilot Travel Center,Pilot,Pilot Travel Center #609,16189 S Sunshine Blvd,Eloy,AZ,85131,32.7323837377861,-111.54941431282806,I-10,208,"I-10, Exit 208",210,10,10,,,true,Diesel Lanes | Showers | Prime Parking Spaces | Diesel Mobile Fueling | Premium Wifi | ATM | Bulk Propane | CAT Scale | Check Cashing | Cylinder Propane | DEF Lanes | Drivers Lounge | Game Room | Lottery | Pegasus | Public Laundry | Truck Parking Spaces | Bridgestone Tire Monitoring | Mobile Ordering,true
636,Flying J Travel Center,Flying J,Flying J Travel Center #636,8200 Northwest Blvd,Davenport,IA,52806,41.6029144,-90.6248552,I-80,292,"I-80, Exit 292",146,12,15,,,true,Diesel Lanes | Showers | Prime Parking Spaces | Diesel Mobile Fueling | Premium Wifi | ATM | Barber Shop | Bulk Propane | CAT Scale | Check Cashing | Cylinder Propane | DEF Lanes | Drivers Lounge | Game Room | Lottery | Pegasus | Public Laundry | Truck Parking Spaces | Mobile Ordering,true
678,Flying J Travel Center,Flying J,Flying J Travel Center #678,685 US-80,Pearl,MS,39208,32.27717875434153,-90.16006039298973,I-20,47,"I-20/55, Exit 47",175,12,12,,,false,Electric Vehicle Charging Station | Mobile Ordering,true
707,Flying J Travel Center,Flying J,Flying J Travel Center #707,246 Allegheny Blvd,Brookville,PA,15825,41.172571,-79.095428,I-80,78,"I-80, Exit 78",140,12,15,,,true,Diesel Lanes | Showers | Prime Parking Spaces | Diesel Mobile Fueling | Premium Wifi | ATM | Bulk Propane | CAT Scale | Cylinder Propane | DEF Lanes | Game Room | Pegasus | Public Laundry | Truck Parking Spaces | Electric Vehicle Charging Station | Southern Tire Mart at Pilot / Truck Care | Mobile Ordering,true
775,Pilot Travel Center,Pilot,Pilot Travel Center #775,2841 S 60 E,Saint George,UT,84790,37.0599477,-113.581869,I-15,4,"I-15, Exit 4",60,7,3,,,true,Diesel Lanes | Showers | Prime Parking Spaces | Diesel Mobile Fueling | Premium Wifi | ATM | Bulk Propane | CAT Scale | Check Cashing | Cylinder Propane | DEF Lanes | Pegasus | Truck Parking Spaces | Bridgestone Tire Monitoring | Mobile Ordering,true
922,Pilot Licensed Location,Pilot,Pilot Licensed Location #922,6102 US-2,Columbia Falls,MT,59912,48.3699566206542,-114.23971898413087,,,US-2 & MT-40,20,4,0,,,false,Diesel Lanes | ATM | DEF Lanes | Game Room | Truck Parking Spaces,true
1185,Pilot Dealer,Pilot,Pilot Dealer #1185,4031 Fleet St,Littlefield,AZ,86423,36.8972,-113.910531,I-15,9,"I-15, Exit 9",23,3,0,,,false,Diesel Lanes | Showers | Diesel Mobile Fueling | ATM | Check Cashing | DEF Lanes | Lottery | Pegasus | Truck Parking Spaces,true
1207,Pilot Travel Center,Pilot,Pilot Travel Center #1207,101 S Loop 464 Rd,Monahans,TX,79756,31.58741730364614,-102.917423090213,I-20,,I-20 BL & TX-464,24,4,2,,,false,Diesel Lanes | Showers | Diesel Mobile Fueling | ATM | Check Cashing | Lottery | Pegasus | Truck Parking Spaces | Mobile Ordering,true
6955,Pilot Travel Center,Pilot,Pilot Travel Center #6955,1044 Jimmie Kerr Rd,Haw River,NC,27258,36.070347561232765,-79.35116561547116,I-40,150,"I-40/85, Exit 150",130,11,8,,,true,Diesel Lanes | Showers | Prime Parking Spaces | Diesel Mobile Fueling | Premium Wifi | CAT Scale | Cylinder Propane | DEF Lanes | Pegasus | Truck Parking Spaces | Mobile Ordering,true
6978,Pilot Travel Center,Pilot,Pilot Travel Center #6978,801 NC Highway 211 E,Candor,NC,27229,35.298307467016,-79.72639809140168,I-74,44,"I-74, Exit 44",25,6,4,,,true,Diesel Lanes | Showers | Prime Parking Spaces | Diesel Mobile Fueling | Premium Wifi | CAT Scale | Cylinder Propane | DEF Lanes | Pegasus | Truck Parking Spaces | Mobile Ordering,true
6996,Pilot Travel Center,Pilot,Pilot Travel Center #6996,2574 W NC Hwy 24,Warsaw,NC,28398,34.99418442165676,-78.12972914351653,I-40,364,"I-40, Exit 364",10,5,3,,,true,Diesel Lanes | Showers | Diesel Mobile Fueling | Premium Wifi | CAT Scale | Cylinder Propane | DEF Lanes | Pegasus | Truck Parking Spaces | Mobile Ordering,true
7937,ONE9 Travel Center,ONE9,ONE9 Travel Center #7937,907 Knox Rd,McLeansville,NC,27301,36.06085647658663,-79.66228490370484,I-40,132,"I-40/85, Exit 132",0,4,0,,,false,Diesel Lanes | Showers | Diesel Mobile Fueling | Premium Wifi | Cylinder Propane | DEF Lanes | Pegasus | Truck Parking Spaces | Electric Vehicle Charging Station | Mobile Ordering,false
7971,Pilot Travel Center,Pilot,Pilot Travel Center #7971,1343 Rock Barn Rd NE,Conover,NC,28613,35.720752417691926,-81.18845251011888,I-40,133,"I-40, Exit 133",62,8,7,,,true,Diesel Lanes | Showers | Prime Parking Spaces | Diesel Mobile Fueling | CAT Scale | Cylinder Propane | DEF Lanes | Pegasus | Truck Parking Spaces | Bridgestone Tire Monitoring | Mobile Ordering,true
7976,Pilot Travel Center,Pilot,Pilot Travel Center #7976,1006 Charlotte Hwy,Troutman,NC,28166,35.67143444252031,-80.85561448213959,I-77,42,"I-77, Exit 42",95,11,7,,,true,Diesel Lanes | Showers | Prime Parking Spaces | Diesel Mobile Fueling | Premium Wifi | CAT Scale | Cylinder Propane | DEF Lanes | Pegasus | Truck Parking Spaces | Bridgestone Tire Monitoring | Mobile Ordering,true
1,Pilot Travel Center,Pilot,Pilot Travel Center #1,5868 Nittany Valley Dr,Mill Hall,PA,17751,41.03420615544921,-77.5160584077943,I-80,173,"I-80, Exit 173",66,8,6,,,true,Diesel Lanes | Showers | Prime Parking Spaces | Diesel Mobile Fueling | Premium Wifi | ATM | CAT Scale | Check Cashing | DEF Lanes | Lottery | Pegasus | Truck Parking Spaces | Mobile Ordering,true
137,Pilot Travel Center,Pilot,Pilot Travel Center #137,395 E Vista Dr,Weed,CA,96094,41.3990246,-122.37658,I-5,745,"I-5, Exit 745",74,8,7,,,true,Diesel Lanes | Showers | Prime Parking Spaces | Diesel Mobile Fueling | ATM | Bulk Propane | CAT Scale | Check Cashing | Cylinder Propane | DEF Lanes | Game Room | Live Parking | Lottery | Pegasus | Public Laundry | Truck Parking Spaces | Electric Vehicle Charging Station | Mobile Ordering,true
60,Pilot Travel Center,Pilot,Pilot Travel Center #60,2064 Homestead Rd,Bowman,SC,29018,33.41699,-80.6663716,I-26,159,"I-26, Exit 159",41,10,5,,,true,Diesel Lanes | Showers | Prime Parking Spaces | Diesel Mobile Fueling | Premium Wifi | ATM | CAT Scale | CB Shop | Check Cashing | DEF Lanes | Game Room | Lottery | Pegasus | Public Laundry | Truck Parking Spaces | Bridgestone Tire Monitoring | Southern Tire Mart at Pilot / Truck Care | Mobile Ordering,true
87,Pilot Travel Center,Pilot,Pilot Travel Center #87,1050 US 301 South,Jacksonville,FL,32234,30.2839697,-81.983862,I-10,343,"I-10, Exit 343",50,6,5,,,true,Diesel Lanes | Showers | Diesel Mobile Fueling | Premium Wifi | ATM | CAT Scale | Check Cashing | Cylinder Propane | DEF Lanes | Lottery | Pegasus | Truck Parking Spaces | Bridgestone Tire Monitoring | Mobile Ordering,true
8,Pilot Travel Center,Pilot,Pilot Travel Center #8,25600 US-23,Circleville,OH,43113,39.557944,-82.957098,,,US-23 & Pittsburgh Rd,55,5,2,,,true,Diesel Lanes | Showers | Diesel Mobile Fueling | ATM | CAT Scale | Check Cashing | Cylinder Propane | DEF Lanes | Game Room | Lottery | Pegasus | Truck Parking Spaces | Mobile Ordering,true
213,Pilot Travel Center,Pilot,Pilot Travel Center #213,3600 Interchange Rd,Columbus,OH,43204,39.9731405,-83.0998014,I-70,94,"I-70, Exit 94",100,8,7,,,true,Diesel Lanes | Showers | Diesel Mobile Fueling | Premium Wifi | ATM | CAT Scale | Check Cashing | DEF Lanes | Game Room | Lottery | Pegasus | Public Laundry | Truck Parking Spaces | Electric Vehicle Charging Station | Mobile Ordering,true
260,Pilot Travel Center,Pilot,Pilot Travel Center #260,310 Cordele Rd,Albany,GA,31705,31.580632786880017,-84.08608626974579,,,US-82 & Hwy 300,71,7,4,,,true,Diesel Lanes | Showers | Diesel Mobile Fueling | Premium Wifi | ATM | CAT Scale | Check Cashing | Cylinder Propane | DEF Lanes | Game Room | Lottery | Pegasus | Truck Parking Spaces | Truck Wash | Bridgestone Tire Monitoring | Southern Tire Mart at Pilot / Truck Care | Mobile Ordering,true
285,Pilot Travel Center,Pilot,Pilot Travel Center #285,10258 Lancaster Rd,Hebron,OH,43025,39.945562395920604,-82.53629823388854,I-70,126,"I-70, Exit 126",90,9,5,,,true,Diesel Lanes | Prime Parking Spaces | Diesel Mobile Fueling | Premium Wifi | Wifi | ATM | CAT Scale | Check Cashing | Cylinder Propane | DEF Lanes | Lottery | Pegasus | Truck Parking Spaces | Bridgestone Tire Monitoring | Mobile Ordering,true
302,Pilot Travel Center,Pilot,Pilot Travel Center #302,6955 Theodore Dawes Rd,Theodore,AL,36582,30.55953629908067,-88.20561732711002,I-10,13,"I-10, Exit 13",65,7,5,,,false,Electric Vehicle Charging Station | Mobile Ordering,true
304,Flying J Travel Center,Flying J,Flying J Travel Center #304,3105 S Doyle Rd,New Haven,IN,46774,41.05931909442916,-84.98019032090149,I-469,19,"I-469/OH-30, Exit 19",82,9,9,,,true,Diesel Lanes | Showers | Prime Parking Spaces | Diesel Mobile Fueling | Premium Wifi | ATM | Bulk Propane | CAT Scale | Check Cashing | Cylinder Propane | DEF Lanes | Drivers Lounge | Game Room | Lottery | Pegasus | Public Laundry | Truck Parking Spaces | Mobile Ordering,true
420,Pilot Travel Center,Pilot,Pilot Travel Center #420,1881 Eatonton Rd,Madison,GA,30650,33.56060332360283,-83.47867491401671,I-20,114,"I-20, Exit 114",110,9,6,,,true,Diesel Lanes | Showers | Prime Parking Spaces | Diesel Mobile Fueling | Premium Wifi | ATM | CAT Scale | Check Cashing | Cylinder Propane | DEF Lanes | Game Room | Lottery | Pegasus | Public Laundry | Truck Parking Spaces | Bridgestone Tire Monitoring | Mobile Ordering,true
475,Pilot Travel Center,Pilot,Pilot Travel Center #475,305 W Abrahames Rd,Moriarty,NM,87035,35.0112354,-106.0442999,I-40,196,"I-40/AZ-41, Exit 196",85,8,7,,,false,Electric Vehicle Charging Station | Mobile Ordering,true
491,Pilot Travel Center,Pilot,Pilot Travel Center #491,3634 N Valley Pike,Harrisonburg,VA,22802,38.480373442539445,-78.81820200422975,I-81,251,"I-81, Exit 251",98,9,7,,,true,Diesel Lanes | Showers | Prime Parking Spaces | Diesel Mobile Fueling | Premium Wifi | ATM | CAT Scale | Check Cashing | Cylinder Propane | DEF Lanes | Game Room | Lottery | Pegasus | Public Laundry | Truck Parking Spaces | Electric Vehicle Charging Station | Bridgestone Tire Monitoring | Mobile Ordering,true
483,Pilot Travel Center,Pilot,Pilot Travel Center #483,3801 N Division St,Morris,IL,60450,41.39536105981498,-88.42186065047073,I-80,112,"I-80, Exit 112",73,8,7,,,false,Electric Vehicle Charging Station | Mobile Ordering,true
494,Pilot Travel Center,Pilot,Pilot Travel Center #494,1128 Duanesburg Road,Schenectady,NY,12306,42.781440704213765,-74.02879534888324,I-88,,I-88. Exit 25,89,5,3,,,true,Diesel Lanes | Showers | Prime Parking Spaces | Diesel Mobile Fueling | Premium Wifi | ATM | CAT Scale | Check Cashing | Cylinder Propane | DEF Lanes | Lottery | Pegasus | Truck Parking Spaces | Electric Vehicle Charging Station | Mobile Ordering,true
610,Flying J Travel Center,Flying J,Flying J Travel Center #610,3300 E Andy Devine Ave,Kingman,AZ,86401,35.21944612323178,-114.0071063,I-40,53,"I-40, Exit 53",95,10,12,,,true,Diesel Lanes | Showers | Diesel Mobile Fueling | Premium Wifi | ATM | Barber Shop | Bulk Propane | CAT Scale | Check Cashing | Cylinder Propane | DEF Lanes | Drivers Lounge | Game Room | Lottery | Pegasus | Public Laundry | Truck Parking Spaces | Bridgestone Tire Monitoring | Southern Tire Mart at Pilot / Truck Care | Mobile Ordering,true
611,Flying J Travel Center,Flying J,Flying J Travel Center #611,6700 W Latham St,Phoenix,AZ,85043,33.460877765835725,-112.2053807242021,I-10,137,"I-10, Exit 137",144,12,15,,,true,Diesel Lanes | Showers | Prime Parking Spaces | Diesel Mobile Fueling | Premium Wifi | ATM | Barber Shop | Bulk Propane | CAT Scale | Check Cashing | Cylinder Propane | DEF Lanes | Drivers Lounge | Game Room | Lottery | Pegasus | Public Laundry | Truck Parking Spaces | Bridgestone Tire Monitoring | Mobile Ordering,true
623,Flying J Travel Center,Flying J,Flying J Travel Center #623,32670 Blue Star Hwy,Midway,FL,32343,30.492490792000847,-84.42915143914793,I-10,192,"I-10, Exit 192",150,12,12,,,false,Diesel Lanes | Showers | Drivers Lounge | Public Laundry | Truck Parking Spaces | Electric Vehicle Charging Station | Mobile Ordering,true
625,Flying J Travel Center,Flying J,Flying J Travel Center #625,11555 E Sligh Ave,Seffner,FL,33584,28.00970348194623,-82.30328826848694,I-4,10,"I-4, Exit 10",27,6,4,,,false,Diesel Lanes | Showers | Prime Parking Spaces | Diesel Mobile Fueling | Premium Wifi | ATM | Bulk Propane | Check Cashing | Cylinder Propane | DEF Lanes | Game Room | Lottery | Pegasus | Public Laundry | Truck Parking Spaces | Bridgestone Tire Monitoring | Mobile Ordering,true
638,Flying J Travel Center,Flying J,Flying J Travel Center #638,3512 Franklin Rd,Caldwell,ID,83605,43.66157788380875,-116.65453084052754,I-84,29,"I-84, Exit 29",100,8,9,,,true,Diesel Lanes | Showers | Prime Parking Spaces | Diesel Mobile Fueling | Premium Wifi | ATM | Bulk Propane | CAT Scale | Check Cashing | Cylinder Propane | DEF Lanes | Drivers Lounge | Game Room | Lottery | Pegasus | Public Laundry | Truck Parking Spaces | Electric Vehicle Charging Station | Mobile Ordering,true
700,Flying J Travel Center,Flying J,Flying J Travel Center #700,26415 Warns Dr,Perrysburg,OH,43551,41.534688838750284,-83.4607347506996,I-280,1B,"I-280, Exit 1B",150,12,13,,,true,Diesel Lanes | Showers | Prime Parking Spaces | Diesel Mobile Fueling | Premium Wifi | ATM | CAT Scale | Check Cashing | Cylinder Propane | DEF Lanes | Drivers Lounge | Game Room | Lottery | Pegasus | Public Laundry | Truck Parking Spaces | Electric Vehicle Charging Station | Southern Tire Mart at Pilot / Truck Care | Mobile Ordering,true
726,Pilot Travel Center,Pilot,Pilot Travel Center #726,7425 Bonnie View Rd,Dallas,TX,75241,32.65642457394642,-96.75113894440656,I-20,472,"I-20, Exit 472",144,12,12,,,false,Electric Vehicle Charging Station | Mobile Ordering,true
758,Flying J Travel Center,Flying J,Flying J Travel Center #758,41 SE Wyoming Blvd,Casper,WY,82609,42.8519526,-106.2695671,I-25,185,"I-25, Exit 185",45,5,4,,,false,Electric Vehicle Charging Station | Mobile Ordering,true
901,ONE9 Travel Center,ONE9,ONE9 Travel Center #901,5085 Buffalo Creek Rd,Elm Creek,NE,68836,40.692276562177675,-99.3817536699753,I-80,257,"I-80 & US-183, Exit 257",75,6,5,,,true,Diesel Lanes | Showers | Prime Parking Spaces | Diesel Mobile Fueling | Premium Wifi | ATM | CAT Scale | Check Cashing | DEF Lanes | Drivers Lounge | Game Room | Lottery | Pegasus | Public Laundry | Truck Parking Spaces | Mobile Ordering,true
907,Pilot Licensed Location,Pilot,Pilot Licensed Location #907,1210 S Haynes Ave,Miles City,MT,59301,46.396967994861356,-105.82186272186891,I-94,138,"I-94, Exit 138",75,3,0,,,false,Diesel Lanes | Showers | ATM | DEF Lanes | Lottery | Public Laundry | Truck Parking Spaces,true
914,Flying J Licensed Location,Flying J,Flying J Licensed Location #914,8745 Hwy 93 N,Missoula,MT,59808,46.95510997530376,-114.13232162153055,I-90,96,"I-90, Exit 96",125,8,14,,,false,Diesel Lanes | Showers | ATM | DEF Lanes | Public Laundry | Truck Parking Spaces,true
1004,Pilot Travel Center,Pilot,Pilot Travel Center #1004,16600 W South Ave,Tonkawa,OK,74653,36.6960792,-97.3492936,I-35,214,"I-35, Exit 214",80,8,7,,,false,Electric Vehicle Charging Station | Mobile Ordering,true
1005,Flying J Travel Center,Flying J,Flying J Travel Center #1005,480 Truck Inn Way,Fernley,NV,89408,39.61495876133422,-119.21674002712248,I-80,48,"I-80, Exit 48",26,8,7,,,true,Diesel Lanes | Showers | Diesel Mobile Fueling | ATM | CAT Scale | Check Cashing | Cylinder Propane | DEF Lanes | Drivers Lounge | Game Room | Pegasus | Public Laundry | Truck Parking Spaces | Bridgestone Tire Monitoring | Mobile Ordering,true
1017,Flying J Travel Center,Flying J,Flying J Travel Center #1017,345 Roth Rd,Lathrop,CA,95330,37.8562275,-121.276207,I-5,465,"I-5, Exit 465",105,9,9,,,true,Diesel Lanes | Showers | Prime Parking Spaces | Diesel Mobile Fueling | Premium Wifi | ATM | CAT Scale | Check Cashing | Cylinder Propane | DEF Lanes | Drivers Lounge | Live Parking | Lottery | Pegasus | Public Laundry | Truck Parking Spaces | Electric Vehicle Charging Station | Mobile Ordering,true
1059,Pilot Travel Center,Pilot,Pilot Travel Center #1059,709 N US-77,Schulenburg,TX,78956,29.695097589208757,-96.90183329075526,I-10,674,"I-10, Exit 674",76,8,9,,,true,Diesel Lanes | Showers | Prime Parking Spaces | Diesel Mobile Fueling | Premium Wifi | ATM | CAT Scale | Cylinder Propane | DEF Lanes | Drivers Lounge | Game Room | Lottery | Pegasus | Public Laundry | Truck Parking Spaces | Electric Vehicle Charging Station | Bridgestone Tire Monitoring | Mobile Ordering,true
7983,Pilot Travel Center,Pilot,Pilot Travel Center #7983,985 Peeler Rd,Salisbury,NC,28147,35.61228744589375,-80.52016194841005,I-85,71,"I-85, Exit 71",75,9,5,,,true,Diesel Lanes | Showers | Prime Parking Spaces | Diesel Mobile Fueling | Premium Wifi | CAT Scale | Cylinder Propane | DEF Lanes | Pegasus | Truck Parking Spaces | Mobile Ordering,true
26,Pilot Travel Center,Pilot,Pilot Travel Center #26,6158 US-223,Ottawa Lake,MI,49267,41.799049,-83.694294,,5,"US-23/223, Exit 5",230,11,8,,,true,Diesel Lanes | Showers | Prime Parking Spaces | Diesel Mobile Fueling | Premium Wifi | ATM | CAT Scale | Check Cashing | Cylinder Propane | DEF Lanes | Game Room | Lottery | Pegasus | Public Laundry | Truck Parking Spaces | Electric Vehicle Charging Station | Mobile Ordering,true
16,ONE9 Travel Center,ONE9,ONE9 Travel Center #16,5772 N US Hwy 68,Wilmington,OH,45177,39.52269640606008,-83.8461018,I-71,50,"I-71, Exit 50",12,6,3,,,true,Diesel Lanes | Showers | Diesel Mobile Fueling | Premium Wifi | ATM | CAT Scale | Check Cashing | Cylinder Propane | DEF Lanes | Game Room | Lottery | Pegasus | Truck Parking Spaces | Mobile Ordering,true
14,Pilot Travel Center,Pilot,Pilot Travel Center #14,7680 E OH-37,Sunbury,OH,43074,40.265891962095886,-82.92406929679203,I-71,131,"I-71, Exit 131",115,7,5,,,true,Diesel Lanes | Showers | Prime Parking Spaces | Diesel Mobile Fueling | Premium Wifi | ATM | CAT Scale | Check Cashing | Cylinder Propane | DEF Lanes | Game Room | Lottery | Pegasus | Truck Parking Spaces | Bridgestone Tire Monitoring | Mobile Ordering,true
39,Pilot Travel Center,Pilot,Pilot Travel Center #39,6002 W Monee Manhattan Rd,Monee,IL,60449,41.4275607,-87.7568136,I-57,335,"I-57, Exit 335",66,5,5,,,true,Diesel Lanes | Showers | Diesel Mobile Fueling | Premium Wifi | ATM | CAT Scale | Check Cashing | Cylinder Propane | DEF Lanes | Game Room | Lottery | Pegasus | Public Laundry | Truck Parking Spaces | Bridgestone Tire Monitoring | Mobile Ordering,true
6,Pilot Travel Center,Pilot,Pilot Travel Center #6,61700 Southgate Rd,Cambridge,OH,43725,39.997137,-81.576912,I-70,178,"I-70, Exit 178",35,5,3,,,true,Diesel Lanes | Showers | Diesel Mobile Fueling | Premium Wifi | ATM | CAT Scale | Check Cashing | Cylinder Propane | DEF Lanes | Game Room | Lottery | Pegasus | Truck Parking Spaces | Bridgestone Tire Monitoring | Mobile Ordering,true
133,Pilot Travel Center,Pilot,Pilot Travel Center #133,109450 US-97,Chemult,OR,97731,43.215661936291966,-121.7837259728775,,,US-97 & Kranz St,37,6,3,,,true,Diesel Lanes | Showers | Diesel Mobile Fueling | ATM | CAT Scale | Check Cashing | Cylinder Propane | Lottery | Pegasus | Truck Parking Spaces | Electric Vehicle Charging Station | Mobile Ordering,true
179,Pilot Travel Center,Pilot,Pilot Travel Center #179,16921 Halfway Blvd,Hagerstown,MD,21740,39.62977337177432,-77.7829389090538,I-81,5B,"I-81, Exit 5B",85,9,0,,,true,Diesel Lanes | Showers | Prime Parking Spaces | Diesel Mobile Fueling | Premium Wifi | ATM | CAT Scale | Check Cashing | Cylinder Propane | DEF Lanes | Game Room | Lottery | Pegasus | Public Laundry | Truck Parking Spaces | Electric Vehicle Charging Station | Bridgestone Tire Monitoring | Southern Tire Mart at Pilot / Truck Care | Mobile Ordering,true
206,Pilot Travel Center,Pilot,Pilot Travel Center #206,1201 W I-20,Weatherford,TX,76087,32.727247,-97.825168,I-20,406,"I-20, Exit 406",110,8,7,,,true,Diesel Lanes | Showers | Prime Parking Spaces | Diesel Mobile Fueling | Premium Wifi | ATM | CAT Scale | Check Cashing | DEF Lanes | Game Room | Lottery | Pegasus | Public Laundry | Truck Parking Spaces | Electric Vehicle Charging Station | Mobile Ordering,true
255,Pilot Travel Center,Pilot,Pilot Travel Center #255,433 Old Gate Ln,Milford,CT,06460,41.23690433826319,-73.0222192603809,I-95,40,"I-95, Exit 40",150,8,9,,,true,Diesel Lanes | Showers | Prime Parking Spaces | Diesel Mobile Fueling | Premium Wifi | ATM | CAT Scale | Check Cashing | Cylinder Propane | DEF Lanes | Game Room | Lottery | Pegasus | Public Laundry | Truck Parking Spaces | Mobile Ordering,true
261,Pilot Travel Center,Pilot,Pilot Travel Center #261,403 SW Frontage Rd,Winona,MS,38967,33.4853155,-89.770302,I-55,185,"I-55/US-82, Exit 185",110,7,5,,,false,Electric Vehicle Charging Station | Mobile Ordering,true
336,Pilot Travel Center,Pilot,Pilot Travel Center #336,1742 Rich Hwy,DuBois,PA,15801,41.1410550850312,-78.78318949206543,I-80,97,"I-80/US-219, Exit 97",65,8,7,,,true,Diesel Lanes | Showers | Prime Parking Spaces | Diesel Mobile Fueling | Premium Wifi | ATM | CAT Scale | Check Cashing | Cylinder Propane | DEF Lanes | Game Room | Lottery | Pegasus | Public Laundry | Truck Parking Spaces | Mobile Ordering,true
354,Pilot Travel Center,Pilot,Pilot Travel Center #354,819 Buck Creek Rd,Simpsonville,KY,40067,38.210181957952784,-85.34812994171621,I-64,28,"I-64, Exit 28",25,7,7,,,true,Diesel Lanes | Showers | Diesel Mobile Fueling | Premium Wifi | ATM | CAT Scale | Check Cashing | Cylinder Propane | DEF Lanes | Game Room | Lottery | Pegasus | Public Laundry | Truck Parking Spaces | Mobile Ordering,true
425,Pilot Travel Center,Pilot,Pilot Travel Center #425,33333 Blue Star Hwy,Midway,FL,32343,30.48546795851514,-84.42098149206544,I-10,192,"I-10, Exit 192",90,7,7,,,true,Diesel Lanes | Showers | Prime Parking Spaces | Diesel Mobile Fueling | Premium Wifi | ATM | CAT Scale | Check Cashing | Cylinder Propane | DEF Lanes | Game Room | Lottery | Pegasus | Public Laundry | Truck Parking Spaces | Bridgestone Tire Monitoring | Mobile Ordering,true
440,Pilot Travel Center,Pilot,Pilot Travel Center #440,205 Pendleton Rd,Pendleton,KY,40055,38.4544402,-85.2972028,I-71,28,"I-71, Exit 28",100,7,5,,,true,Diesel Lanes | Showers | Prime Parking Spaces | Diesel Mobile Fueling | Premium Wifi | ATM | CAT Scale | Check Cashing | Cylinder Propane | DEF Lanes | Game Room | Lottery | Pegasus | Public Laundry | Truck Parking Spaces | Electric Vehicle Charging Station | Mobile Ordering,true
458,Pilot Travel Center,Pilot,Pilot Travel Center #458,619 S Sunshine Blvd,Eloy,AZ,85131,32.73862986383351,-111.54938280125809,I-10,208,"I-10, Exit 208",82,8,5,,,true,Diesel Lanes | Showers | Diesel Mobile Fueling | Premium Wifi | ATM | CAT Scale | Check Cashing | DEF Lanes | Game Room | Lottery | Pegasus | Public Laundry | Truck Parking Spaces | Southern Tire Mart at Pilot / Truck Care | Mobile Ordering,true
460,Pilot Travel Center,Pilot,Pilot Travel Center #460,400 S Morgan Rd,Oklahoma City,OK,73128,35.461839064003144,-97.68791898153074,I-40,140,"I-40, Exit 140",145,10,10,,,true,Diesel Lanes | Showers | Prime Parking Spaces | Diesel Mobile Fueling | Premium Wifi | ATM | CAT Scale | Check Cashing | Cylinder Propane | DEF Lanes | Game Room | Lottery | Pegasus | Public Laundry | Truck Parking Spaces | Bridgestone Tire Monitoring | Southern Tire Mart at Pilot / Truck Care | Mobile Ordering,true
571,Flying J Travel Center,Flying J,Flying J Travel Center #571,2460 US-60,Charleston,MO,63834,36.9222008,-89.3139328,I-57,12,"I-57, Exit 12",84,9,7,,,true,Diesel Lanes | Showers | Prime Parking Spaces | Diesel Mobile Fueling | Premium Wifi | ATM | CAT Scale | Check Cashing | Cylinder Propane | DEF Lanes | Drivers Lounge | Game Room | Lottery | Pegasus | Public Laundry | Truck Parking Spaces | Mobile Ordering,true
581,Pilot Travel Center,Pilot,Pilot Travel Center #581,11650 Courthouse Blvd,Inver Grove Heights,MN,55077,44.780871643691896,-93.03365395828342,,,US-52 & 117th St,40,5,3,,,false,Electric Vehicle Charging Station | Mobile Ordering,true
606,Flying J Travel Center,Flying J,Flying J Travel Center #606,8300 State Hwy 108,Texarkana,AR,71854,33.512894836460354,-93.9482731552601,I-30,7,"I-30, Exit 7",155,10,12,,,true,Diesel Lanes | Showers | Prime Parking Spaces | Diesel Mobile Fueling | Premium Wifi | ATM | CAT Scale | Check Cashing | Cylinder Propane | DEF Lanes | Drivers Lounge | Game Room | Lottery | Pegasus | Public Laundry | Truck Parking Spaces | Electric Vehicle Charging Station | Bridgestone Tire Monitoring | Southern Tire Mart at Pilot / Truck Care | Mobile Ordering,true
659,Flying J Travel Center,Flying J,Flying J Travel Center #659,2250 N Ohio St,Salina,KS,67401,38.87912477544829,-97.59248386375428,I-70,253,"I-70, Exit 253",120,8,9,,,true,Diesel Lanes | Showers | Prime Parking Spaces | Diesel Mobile Fueling | ATM | Bulk Propane | CAT Scale | Check Cashing | Cylinder Propane | DEF Lanes | Drivers Lounge | Game Room | Lottery | Pegasus | Public Laundry | Truck Parking Spaces | Electric Vehicle Charging Station | Mobile Ordering,true
703,Flying J Travel Center,Flying J,Flying J Travel Center #703,701 S Morgan Rd,Oklahoma City,OK,73128,35.458788815187084,-97.69044622949981,I-40,140,"I-40, Exit 140",172,12,15,,,true,Diesel Lanes | Showers | Prime Parking Spaces | Diesel Mobile Fueling | Premium Wifi | ATM | Barber Shop | Bulk Propane | CAT Scale | Check Cashing | Cylinder Propane | DEF Lanes | Drivers Lounge | Game Room | Lottery | Pegasus | Public Laundry | Truck Parking Spaces | Electric Vehicle Charging Station | Bridgestone Tire Monitoring | Mobile Ordering,true
735,Flying J Travel Center,Flying J,Flying J Travel Center #735,7112 I-10 W,Orange,TX,77632,30.11643183615357,-93.81964042936096,I-10,873,"I-10, Exit 873",150,12,14,,,true,Diesel Lanes | Showers | Prime Parking Spaces | Diesel Mobile Fueling | Premium Wifi | ATM | Bulk Propane | CAT Scale | Check Cashing | Cylinder Propane | DEF Lanes | Drivers Lounge | Game Room | Lottery | Pegasus | Public Laundry | Truck Parking Spaces | Electric Vehicle Charging Station | Bridgestone Tire Monitoring | Mobile Ordering,true
733,Flying J Travel Center,Flying J,Flying J Travel Center #733,602 4th St,Lubbock,TX,79401,33.593171290052105,-101.84114527198265,I-27,4,"I-27, Exit 4",69,5,4,,,false,Electric Vehicle Charging Station | Mobile Ordering,true
753,Mr. Fuel Travel Center,Mr. Fuel Travel Center,Mr. Fuel Travel Center #753,23818 Rogers Clark Blvd,Ruther Glen,VA,22546,37.9395098,-77.4658284,I-95,104,"I-95, Exit 104",35,10,4,,,true,Diesel Lanes | Showers | Diesel Mobile Fueling | Premium Wifi | ATM | CAT Scale | Check Cashing | DEF Lanes | Lottery | Pegasus | Truck Parking Spaces | Mobile Ordering,true
742,Flying J Travel Center,Flying J,Flying J Travel Center #742,1605 East Saddleback Blvd.,Tooele,UT,84074,40.685850974129416,-112.26691307548046,I-80,,I-80 Exit 99,130,8,9,,,true,Diesel Lanes | Showers | Prime Parking Spaces | Diesel Mobile Fueling | ATM | Bulk Propane | CAT Scale | Check Cashing | Cylinder Propane | DEF Lanes | Drivers Lounge | Game Room | Pegasus | Public Laundry | Truck Parking Spaces | Electric Vehicle Charging Station | Bridgestone Tire Monitoring | Southern Tire Mart at Pilot / Truck Care | Mobile Ordering,true
912,Pilot Travel Center,Pilot,Pilot Travel Center #912,11775 NE-11,Wood River,NE,68883,40.76014610185849,-98.58683195833588,I-80,300,"I-80, Exit 300",29,7,5,,,false,Electric Vehicle Charging Station | Mobile Ordering,true
1012,Pilot Travel Center,Pilot,Pilot Travel Center #1012,1300 N Grand Ave,Mount Pleasant,IA,52641,40.9820445029456,-91.53934192451952,,,US-218 & US-34,72,7,5,,,true,Diesel Lanes | Showers | Prime Parking Spaces | Diesel Mobile Fueling | Premium Wifi | ATM | CAT Scale | Cylinder Propane | DEF Lanes | Drivers Lounge | Lottery | Pegasus | Public Laundry | Truck Parking Spaces | Mobile Ordering,true
963,ONE9 Dealer,ONE9,ONE9 Dealer #963,3709 S Geiger Blvd,Spokane,WA,99224,47.620534040409396,-117.50694794973754,I-90,276,"I-90, Exit 276",2,3,0,,,true,Diesel Lanes | Showers | Diesel Mobile Fueling | Premium Wifi | ATM | CAT Scale | Check Cashing | Drivers Lounge | Lottery | Truck Parking Spaces,true
144,Pilot Travel Center,Pilot,Pilot Travel Center #144,2975 Gun Club Rd,Augusta,GA,30907,33.524163,-82.033391,I-20,200,"I-20, Exit 200",90,8,6,,,true,Diesel Lanes | Showers | Prime Parking Spaces | Diesel Mobile Fueling | Premium Wifi | ATM | CAT Scale | Check Cashing | DEF Lanes | Game Room | Lottery | Pegasus | Public Laundry | Truck Parking Spaces | Electric Vehicle Charging Station | Bridgestone Tire Monitoring | Mobile Ordering,true
29,Pilot Travel Center,Pilot,Pilot Travel Center #29,6900 N Old US-27,Fremont,IN,46737,41.744137388831916,-84.99975084449656,I-90,357,"I-90/69, Exit 357",130,11,7,,,false,Electric Vehicle Charging Station | Southern Tire Mart at Pilot / Truck Care | Mobile Ordering,true
11,Pilot Travel Center,Pilot,Pilot Travel Center #11,10920 Market St,North Lima,OH,44452,40.959842,-80.660301,I-76,232,"I-76, Exit 232",50,6,5,,,true,Diesel Lanes | Showers | Prime Parking Spaces | Diesel Mobile Fueling | Premium Wifi | ATM | CAT Scale | Check Cashing | Cylinder Propane | DEF Lanes | Game Room | Lottery | Pegasus | Public Laundry | Truck Parking Spaces | Mobile Ordering,true
236,Pilot Travel Center,Pilot,Pilot Travel Center #236,301 Ridge Rd,Minooka,IL,60447,41.4607044,-88.2721814,I-80,122,"I-80, Exit 122",100,8,8,,,true,Diesel Lanes | Showers | Prime Parking Spaces | Diesel Mobile Fueling | Premium Wifi | ATM | CAT Scale | Check Cashing | Cylinder Propane | DEF Lanes | Game Room | Lottery | Pegasus | Public Laundry | Truck Parking Spaces | Electric Vehicle Charging Station | Bridgestone Tire Monitoring | Mobile Ordering,true
238,Pilot Travel Center,Pilot,Pilot Travel Center #238,2495 210th Ave,Percival,IA,51648,40.69022432454956,-95.79240593121338,I-29,10,"I-29, Exit 10",50,7,7,,,true,Diesel Lanes | Showers | Diesel Mobile Fueling | Premium Wifi | ATM | CAT Scale | Check Cashing | DEF Lanes | Lottery | Pegasus | Public Laundry | Truck Parking Spaces | Mobile Ordering,true
243,Pilot Travel Center,Pilot,Pilot Travel Center #243,4304 1st Ave,Nitro,WV,25143,38.4436739,-81.8306979,I-64,45,"I-64, Exit 45",50,6,6,,,true,Diesel Lanes | Showers | Prime Parking Spaces | Diesel Mobile Fueling | Premium Wifi | ATM | CAT Scale | Check Cashing | Cylinder Propane | DEF Lanes | Game Room | Lottery | Pegasus | Public Laundry | Truck Parking Spaces | Mobile Ordering,true
300,Pilot Travel Center,Pilot,Pilot Travel Center #300,2111 SW Railroad Ave,Hammond,LA,70403,30.4775468,-90.4562919,I-12,40,"I-12/55, Exit 40",60,7,5,,,true,Diesel Lanes | Showers | Prime Parking Spaces | Diesel Mobile Fueling | Premium Wifi | ATM | CAT Scale | Check Cashing | Cylinder Propane | DEF Lanes | Game Room | Lottery | Pegasus | Public Laundry | Truck Parking Spaces | Bridgestone Tire Monitoring | Mobile Ordering,true
297,ONE9 Travel Center,ONE9,ONE9 Travel Center #297,5555 E Margaret Ave,Terre Haute,IN,47803,39.43329431727441,-87.33216018650816,I-70,11B,"I-70 & IN-46, Exit 11B",50,7,5,,,true,Diesel Lanes | Showers | Prime Parking Spaces | Diesel Mobile Fueling | Premium Wifi | ATM | CAT Scale | Check Cashing | DEF Lanes | Game Room | Lottery | Pegasus | Truck Parking Spaces | Mobile Ordering,true
305,Flying J Travel Center,Flying J,Flying J Travel Center #305,1 Giant Crossing,Jamestown,NM,87347,35.480882653625294,-108.43280238161468,I-40,39,"I-40, Exit 39",450,12,16,,,false,Electric Vehicle Charging Station | Mobile Ordering,true
375,Pilot Travel Center,Pilot,Pilot Travel Center #375,4440 N McCarty St,Houston,TX,77013,29.800299216049957,-95.26764981916281,I-610,24A,"I-610, Exit 24A",98,8,7,,,true,Diesel Lanes | Showers | Prime Parking Spaces | Diesel Mobile Fueling | Premium Wifi | ATM | CAT Scale | Check Cashing | DEF Lanes | Game Room | Lottery | Pegasus | Public Laundry | Truck Parking Spaces | Electric Vehicle Charging Station | Bridgestone Tire Monitoring | Mobile Ordering,true
408,Pilot Travel Center,Pilot,Pilot Travel Center #408,3000 Chestnut Ridge Rd,Grantsville,MD,21536,39.69221982196893,-79.10023475330352,I-68,22,"I-68, Exit 22",38,7,7,,,true,Diesel Lanes | Showers | Diesel Mobile Fueling | Premium Wifi | ATM | CAT Scale | Check Cashing | Cylinder Propane | DEF Lanes | Game Room | Lottery | Pegasus | Public Laundry | Truck Parking Spaces | Mobile Ordering,true
428,Pilot Travel Center,Pilot,Pilot Travel Center #428,300 Well Rd,West Monroe,LA,71292,32.5078943246877,-92.19246159259033,I-20,112,"I-20, Exit 112",100,9,5,,,false,Electric Vehicle Charging Station | Mobile Ordering,true
518,Flying J Travel Center,Flying J,Flying J Travel Center #518,2210 Camp Swatara Rd,Myerstown,PA,17067,40.46335168778975,-76.33972927049726,I-78,10,"I-78, Exit 10",140,11,13,,,true,Diesel Lanes | Showers | Prime Parking Spaces | Diesel Mobile Fueling | Premium Wifi | ATM | CAT Scale | Cylinder Propane | DEF Lanes | Game Room | IdleAir | Lottery | Pegasus | Public Laundry | Truck Parking Spaces | Electric Vehicle Charging Station | Bridgestone Tire Monitoring | Mobile Ordering,true
573,Pilot Travel Center,Pilot,Pilot Travel Center #573,2000 FM 1488,Hempstead,TX,77445,30.108564976257348,-96.04759399426581,,,US-290 & FM 1488,46,8,5,,,true,Diesel Lanes | Showers | Prime Parking Spaces | Diesel Mobile Fueling | ATM | CAT Scale | Check Cashing | Cylinder Propane | DEF Lanes | Lottery | Public Laundry | Truck Parking Spaces | Electric Vehicle Charging Station | Mobile Ordering,true
608,Flying J Travel Center,Flying J,Flying J Travel Center #608,I-10 Exit 1 Frontage Road N.,Ehrenberg,AZ,85334,33.601605771178335,-114.52286345634462,I-10,1,"I-10, Exit 1",66,10,14,,,true,Diesel Lanes | Showers | Prime Parking Spaces | Diesel Mobile Fueling | ATM | Bulk Propane | CAT Scale | CB Shop | Check Cashing | DEF Lanes | Drivers Lounge | Game Room | Lottery | Pegasus | Public Laundry | Truck Parking Spaces | Bridgestone Tire Monitoring | Mobile Ordering,true
640,Flying J Travel Center,Flying J,Flying J Travel Center #640,5350 US-93,Jerome,ID,83338,42.64947954795628,-114.44270905464839,I-84,173,"I-84, Exit 173",100,8,6,,,true,Diesel Lanes | Showers | Prime Parking Spaces | Diesel Mobile Fueling | Premium Wifi | ATM | Bulk Propane | CAT Scale | Check Cashing | Cylinder Propane | DEF Lanes | Drivers Lounge | Game Room | Lottery | Pegasus | Public Laundry | Truck Parking Spaces | Truck Wash | Electric Vehicle Charging Station | Bridgestone Tire Monitoring | Mobile Ordering,true
719,Mr. Fuel Travel Center,Mr. Fuel Travel Center,Mr. Fuel Travel Center #719,2945 Burr St,Gary,IN,46406,41.56538257363288,-87.40252066679537,I-94,6,"I-94, Exit 6",17,8,7,,,true,Diesel Lanes | Showers | Prime Parking Spaces | Diesel Mobile Fueling | Premium Wifi | ATM | CAT Scale | Check Cashing | DEF Lanes | Lottery | Pegasus | Truck Parking Spaces | Electric Vehicle Charging Station | Mobile Ordering,true
741,Flying J Travel Center,Flying J,Flying J Travel Center #741,2311 Old Jacksboro Hwy,Wichita Falls,TX,76301,33.89034795140986,-98.48283906011662,,,US-287 & Old Jacksboro Hwy,50,5,5,,,true,Diesel Lanes | Showers | Prime Parking Spaces | Diesel Mobile Fueling | Premium Wifi | ATM | Bulk Propane | CAT Scale | Check Cashing | DEF Lanes | Drivers Lounge | Game Room | Lottery | Pegasus | Public Laundry | Truck Parking Spaces | Southern Tire Mart at Pilot / Truck Care | Mobile Ordering,true
774,Flying J Travel Center,Flying J,Flying J Travel Center #774,90 S Stone Rd,Snowville,UT,84336,41.9635939,-112.7095853,I-84,7,"I-84, Exit 7",36,3,3,,,false,Diesel Lanes | Showers | Prime Parking Spaces | Diesel Mobile Fueling | Premium Wifi | ATM | Check Cashing | Cylinder Propane | DEF Lanes | Pegasus | Truck Parking Spaces | Electric Vehicle Charging Station | Mobile Ordering,true
906,Pilot Licensed Location,Pilot,Pilot Licensed Location #906,602 E 8th Ave,Columbus,MT,59019,45.64492725196708,-109.247342193779,I-90,408,"I-90, Exit 408",8,8,0,,,false,Diesel Lanes | Showers | ATM | DEF Lanes | Public Laundry | Truck Parking Spaces,true
931,Flying J Licensed Location,Flying J,Flying J Licensed Location #931,4200 N I-90 Service Rd,Rapid City,SD,57701,44.103422478945994,-103.14955142195129,I-90,61,"I-90, Exit 61",125,8,0,,,true,Diesel Lanes | Showers | Diesel Mobile Fueling | Premium Wifi | ATM | CAT Scale | Check Cashing | DEF Lanes | Drivers Lounge | Game Room | Lottery | Public Laundry | Truck Parking Spaces,true
1083,Pilot Travel Center,Pilot,Pilot Travel Center #1083,100 S Poplar St,Stratford,TX,79084,36.33107864988914,-102.07354320251804,,,US-287 & US-54,62,7,4,,,true,Diesel Lanes | Showers | Prime Parking Spaces | Diesel Mobile Fueling | Premium Wifi | ATM | CAT Scale | Check Cashing | Cylinder Propane | DEF Lanes | Game Room | Lottery | Pegasus | Public Laundry | Truck Parking Spaces | Mobile Ordering,true
1114,Pilot Travel Center,Pilot,Pilot Travel Center #1114,1050 Busse Rd,Bensenville,IL,60106,41.98805371515785,-87.96037550429915,I-290,3,"I-290, Exit 3",15,6,0,,,true,Diesel Lanes | Diesel Mobile Fueling | Premium Wifi | ATM | CAT Scale | Check Cashing | Cylinder Propane | DEF Lanes | Lottery | Pegasus | Truck Parking Spaces | Bridgestone Tire Monitoring | Mobile Ordering,true
1135,Pilot Travel Center,Pilot,Pilot Travel Center #1135,1419 US-281,Falfurrias,TX,78355,27.211821,-98.1414383,,FM 3066,"US-281, Exit FM 3066",44,6,3,,,true,Diesel Lanes | Showers | Prime Parking Spaces | Diesel Mobile Fueling | Premium Wifi | ATM | CAT Scale | Check Cashing | Cylinder Propane | DEF Lanes | Drivers Lounge | Game Room | Lottery | Pegasus | Public Laundry | Truck Parking Spaces | Mobile Ordering,true
1140,Pilot Travel Center,Pilot,Pilot Travel Center #1140,8221 US-287,Rhome,TX,76078,33.10222000200688,-97.47029824232789,,,US-287 & Illinois St,52,6,5,,,true,Diesel Lanes | Showers | Prime Parking Spaces | Diesel Mobile Fueling | Premium Wifi | ATM | CAT Scale | Check Cashing | Cylinder Propane | DEF Lanes | Lottery | Pegasus | Public Laundry | Truck Parking Spaces | Mobile Ordering,true
72,Mr. Fuel Travel Center,Mr. Fuel Travel Center,Mr. Fuel Travel Center #72,1504 Dean Forest Rd,Savannah,GA,31408,32.072302,-81.199597,I-16,160,"I-16, Exit 160",0,5,1,,,true,Diesel Lanes | Showers | Diesel Mobile Fueling | Premium Wifi | ATM | CAT Scale | Check Cashing | DEF Lanes | Lottery | Pegasus | Mobile Ordering,false
281,Pilot Travel Center,Pilot,Pilot Travel Center #281,2786 Salt Springs Rd,Girard,OH,44420,41.140321413689506,-80.71888217038428,I-80,226,"I-80, Exit 226",80,9,7,,,false,Electric Vehicle Charging Station | Mobile Ordering,true
338,Pilot Travel Center,Pilot,Pilot Travel Center #338,3008 Highway 321,West Columbia,SC,29033,33.92997680457457,-81.07820195441835,I-26,115,"I-26/77, Exit 115",90,7,5,,,false,Electric Vehicle Charging Station | Mobile Ordering,true
388,Pilot Travel Center,Pilot,Pilot Travel Center #388,1555 Tommy Webb Dr,Meridian,MS,39307,32.34617329314127,-88.72819891769377,I-20,151,"I-20/59, Exit 151",100,10,7,,,false,Electric Vehicle Charging Station | Southern Tire Mart at Pilot / Truck Care | Mobile Ordering,true
488,Flying J Travel Center,Flying J,Flying J Travel Center #488,921 N I-35,Cotulla,TX,78014,28.45260814175459,-99.23839607675094,I-35,69,"I-35, Exit 69",77,8,7,,,true,Diesel Lanes | Showers | Prime Parking Spaces | Diesel Mobile Fueling | Premium Wifi | ATM | CAT Scale | Cylinder Propane | DEF Lanes | Game Room | Lottery | Pegasus | Public Laundry | Truck Parking Spaces | Electric Vehicle Charging Station | Mobile Ordering,true
584,Flying J Travel Center,Flying J,Flying J Travel Center #584,12334 Ehlen Road NE,Aurora,OR,97002,45.23369678531548,-122.80997199272919,I-5,278,"I-5, Exit 278",51,9,7,,,false,Electric Vehicle Charging Station | Mobile Ordering,true
628,Flying J Travel Center,Flying J,Flying J Travel Center #628,10226 Old Federal Rd,Carnesville,GA,30521,34.34688317905446,-83.32180325377774,I-85,160,"I-85, Exit 160",190,12,15,,,true,Diesel Lanes | Showers | Prime Parking Spaces | Diesel Mobile Fueling | Premium Wifi | ATM | Bulk Propane | CAT Scale | Check Cashing | Cylinder Propane | DEF Lanes | Drivers Lounge | Game Room | Lottery | Pegasus | Public Laundry | Truck Parking Spaces | Bridgestone Tire Monitoring | Mobile Ordering,true
644,Flying J Travel Center,Flying J,Flying J Travel Center #644,343 Civic Rd,La Salle,IL,61301,41.369052821907786,-89.09793148032188,I-80,77,"I-80, Exit 77",186,12,15,,,true,Diesel Lanes | Showers | Prime Parking Spaces | Diesel Mobile Fueling | Premium Wifi | ATM | Barber Shop | Bulk Propane | CAT Scale | Check Cashing | Cylinder Propane | DEF Lanes | Drivers Lounge | Game Room | Lottery | Pegasus | Public Laundry | Truck Parking Spaces | Electric Vehicle Charging Station | Mobile Ordering,true
647,Flying J Travel Center,Flying J,Flying J Travel Center #647,844 E 1250 S,Haubstadt,IN,47639,38.17482536814293,-87.55182097175536,I-64,25B,"I-64, Exit 25B",145,8,9,,,true,Diesel Lanes | Showers | Prime Parking Spaces | Diesel Mobile Fueling | Premium Wifi | ATM | Bulk Propane | CAT Scale | Check Cashing | Cylinder Propane | DEF Lanes | Drivers Lounge | Game Room | Lottery | Pegasus | Public Laundry | Truck Parking Spaces | Electric Vehicle Charging Station | Mobile Ordering,true
649,Flying J Travel Center,Flying J,Flying J Travel Center #649,1720 W Thompson Rd,Indianapolis,IN,46217,39.69333512253321,-86.19047406242677,I-465,4,"I-465, Exit 4",99,12,13,,,true,Diesel Lanes | Showers | Prime Parking Spaces | Diesel Mobile Fueling | Premium Wifi | ATM | Bulk Propane | CAT Scale | Check Cashing | DEF Lanes | Drivers Lounge | Game Room | Lottery | Pegasus | Public Laundry | Truck Parking Spaces | Electric Vehicle Charging Station | Bridgestone Tire Monitoring | Mobile Ordering,true
658,Flying J Travel Center,Flying J,Flying J Travel Center #658,4215 W US-50,Emporia,KS,66801,38.41117706682587,-96.23709344635468,I-35,127,"I-35/US-50, Exit 127",74,8,8,,,false,Electric Vehicle Charging Station | Southern Tire Mart at Pilot / Truck Care | Mobile Ordering,true
747,Pilot Travel Center,Pilot,Pilot Travel Center #747,1460 N 1750 W,Springville,UT,84663,40.1875538466513,-111.64156422090149,I-15,261,"I-15, Exit 261",80,8,8,,,true,Diesel Lanes | Showers | Prime Parking Spaces | Diesel Mobile Fueling | Premium Wifi | ATM | Bulk Propane | CAT Scale | Check Cashing | Cylinder Propane | DEF Lanes | Drivers Lounge | Game Room | Pegasus | Public Laundry | Truck Parking Spaces | Bridgestone Tire Monitoring | Mobile Ordering,true
712,Flying J Travel Center,Flying J,Flying J Travel Center #712,5901 Fairfield Rd,Columbia,SC,29203,34.065036587792896,-81.02361281216432,I-20,70,"I-20, Exit 70",178,10,15,,,false,Electric Vehicle Charging Station | Mobile Ordering,true
910,Pilot Dealer,Pilot,Pilot Dealer #910,10800 US-287,Three Forks,MT,59752,45.91676289221713,-111.59936768496725,I-90,274,"I-90/US-287, Exit 274",90,8,0,,,true,Diesel Lanes | Showers | ATM | CAT Scale | DEF Lanes | Game Room | Public Laundry | Truck Parking Spaces,true
1021,Pilot Travel Center,Pilot,Pilot Travel Center #1021,853 Interchange Dr,Holland,MI,49423,42.7406493057177,-86.06987218385316,I-196,49,"I-196, Exit 49",74,8,7,,,true,Diesel Lanes | Showers | Prime Parking Spaces | Diesel Mobile Fueling | Premium Wifi | ATM | CAT Scale | Cylinder Propane | DEF Lanes | Lottery | Pegasus | Public Laundry | Truck Parking Spaces | Mobile Ordering,true
1015,Flying J Licensed Location,Flying J,Flying J Licensed Location #1015,3150 S Central Ave,Sidney,MT,59270,47.685512572442676,-104.17646663586257,,,MT-16 & MT-200/23,120,6,0,,,false,Diesel Lanes | Showers | ATM | DEF Lanes | Lottery | Public Laundry | Truck Parking Spaces,true
1043,Flying J Travel Center,Flying J,Flying J Travel Center #1043,6485 W Overland Dr,Idaho Falls,ID,83402,43.43958889966701,-112.11532797492627,I-15,113,"I-15, Exit 113",97,7,7,,,true,Diesel Lanes | Showers | Prime Parking Spaces | Diesel Mobile Fueling | Premium Wifi | ATM | Bulk Propane | CAT Scale | Check Cashing | Cylinder Propane | DEF Lanes | Lottery | Pegasus | Truck Parking Spaces | Electric Vehicle Charging Station | Bridgestone Tire Monitoring | Mobile Ordering,true
1222,Stamart Travel Center,Stamart Travel Center,Stamart Travel Center #1222,3500 12th Ave N,Fargo,ND,58102,46.88944341642595,-96.83594404710766,I-29,66,"I-29, Exit 66",130,8,10,,,false,Diesel Lanes | Showers | Diesel Mobile Fueling | Mobile Ordering,true
4555,ONE9 Travel Center,ONE9,ONE9 Travel Center #4555,3201 Buttermilk Rd,Cottondale,AL,35453,33.17884500765179,-87.44659149938275,I-20,77,"I-20, Exit 77",68,7,6,,,true,Diesel Lanes | Showers | Prime Parking Spaces | Diesel Mobile Fueling | Premium Wifi | CAT Scale | Cylinder Propane | DEF Lanes | Pegasus | Truck Parking Spaces | Bridgestone Tire Monitoring | Mobile Ordering,true
4557,Pilot Travel Center,Pilot,Pilot Travel Center #4557,11156 GA-106,Carnesville,GA,30521,34.39020958743383,-83.22732624239731,I-85,166,"I-85, Exit 166",72,8,8,,,true,Diesel Lanes | Showers | Prime Parking Spaces | Diesel Mobile Fueling | Premium Wifi | CAT Scale | Cylinder Propane | DEF Lanes | Pegasus | Truck Parking Spaces | Electric Vehicle Charging Station | Bridgestone Tire Monitoring | Mobile Ordering,true
4559,Pilot Travel Center,Pilot,Pilot Travel Center #4559,95 Liberty Rd,Villa Rica,GA,30180,33.721652305410835,-84.90310265145112,I-20,26,"I-20, Exit 26",78,8,5,,,true,Diesel Lanes | Showers | Prime Parking Spaces | Diesel Mobile Fueling | Premium Wifi | CAT Scale | Cylinder Propane | DEF Lanes | Pegasus | Truck Parking Spaces | Truck Wash | Bridgestone Tire Monitoring | Mobile Ordering,true
77,Pilot Travel Center,Pilot,Pilot Travel Center #77,2520 S Gallatin St,Jackson,MS,39204,32.273162253881246,-90.19258066004944,I-55,45,"I-55/20, Exit 45",120,10,5,,,true,Diesel Lanes | Showers | Prime Parking Spaces | Diesel Mobile Fueling | Premium Wifi | ATM | CAT Scale | Check Cashing | DEF Lanes | Game Room | Pegasus | Public Laundry | Truck Parking Spaces | Bridgestone Tire Monitoring | Southern Tire Mart at Pilot / Truck Care | Mobile Ordering,true
12,Pilot Travel Center,Pilot,Pilot Travel Center #12,3430 Libbey Rd,Perrysburg,OH,43551,41.52268729754443,-83.46222870809477,I-80,71,"I-80/90, Exit 71",23,8,5,,,true,Diesel Lanes | Showers | Prime Parking Spaces | Diesel Mobile Fueling | Premium Wifi | ATM | CAT Scale | Check Cashing | Cylinder Propane | DEF Lanes | Lottery | Pegasus | Truck Parking Spaces | Bridgestone Tire Monitoring | Mobile Ordering,true
63,Pilot Travel Center,Pilot,Pilot Travel Center #63,110 Frontage Rd,Piedmont,SC,29673,34.710810394124366,-82.49772280765475,I-85,35,"I-85, Exit 35",61,9,7,,,false,Electric Vehicle Charging Station | Southern Tire Mart at Pilot / Truck Care | Mobile Ordering,true
152,Pilot Travel Center,Pilot,Pilot Travel Center #152,14013 Blue Lick Rd,Memphis,IN,47143,38.491878065365206,-85.77278298153688,I-65,16,"I-65, Exit 16",45,7,9,,,true,Diesel Lanes | Showers | Prime Parking Spaces | Diesel Mobile Fueling | Premium Wifi | ATM | CAT Scale | Check Cashing | Cylinder Propane | DEF Lanes | Game Room | Lottery | Pegasus | Public Laundry | Truck Parking Spaces | Southern Tire Mart at Pilot / Truck Care | Mobile Ordering,true
156,Pilot Travel Center,Pilot,Pilot Travel Center #156,95 Free Henry Ford Rd,Madisonville,KY,42431,37.255317,-87.448829,I-69,108,"I-69, Exit 108",85,7,6,,,true,Diesel Lanes | Showers | Prime Parking Spaces | Diesel Mobile Fueling | ATM | CAT Scale | Check Cashing | Cylinder Propane | DEF Lanes | Game Room | Lottery | Pegasus | Public Laundry | Truck Parking Spaces | Electric Vehicle Charging Station | Mobile Ordering,true
150,Pilot Travel Center,Pilot,Pilot Travel Center #150,11633 Greencastle Pike,Hagerstown,MD,21740,39.6336277,-77.8071174,I-70,24,"I-70, Exit 24",90,7,8,,,true,Diesel Lanes | Showers | Prime Parking Spaces | Diesel Mobile Fueling | Premium Wifi | ATM | CAT Scale | Check Cashing | Cylinder Propane | DEF Lanes | Game Room | Lottery | Pegasus | Truck Parking Spaces | Bridgestone Tire Monitoring | Mobile Ordering,true
222,Pilot Travel Center,Pilot,Pilot Travel Center #222,400 Haynes St,Sturbridge,MA,01566,42.06678997007618,-72.10750175851612,I-84,3,"I-84, Exit 3",108,9,12,,,false,Electric Vehicle Charging Station | Mobile Ordering,true
298,Pilot Travel Center,Pilot,Pilot Travel Center #298,1114 PA-93,Drums,PA,18222,41.02743534611593,-76.07994416375135,I-80,256,"I-80/PA-93, Exit 256",45,7,5,,,true,Diesel Lanes | Showers | Diesel Mobile Fueling | Premium Wifi | ATM | CAT Scale | Check Cashing | DEF Lanes | Game Room | Lottery | Pegasus | Truck Parking Spaces | Bridgestone Tire Monitoring | Mobile Ordering,true
453,ONE9 Travel Center,ONE9,ONE9 Travel Center #453,909 Hyatt St,Gaffney,SC,29341,35.07779887144346,-81.70353344411089,I-85,90,"I-85, Exit 90",100,9,8,,,true,Diesel Lanes | Showers | Prime Parking Spaces | Diesel Mobile Fueling | Premium Wifi | ATM | CAT Scale | Check Cashing | Cylinder Propane | DEF Lanes | Game Room | Lottery | Pegasus | Public Laundry | Truck Parking Spaces | Bridgestone Tire Monitoring | Mobile Ordering,true
469,Pilot Travel Center,Pilot,Pilot Travel Center #469,2320 Faircrest St SW,Canton,OH,44706,40.749870729682804,-81.40336427099233,I-77,101,"I-77, Exit 101",130,8,7,,,true,Diesel Lanes | Showers | Prime Parking Spaces | Diesel Mobile Fueling | Premium Wifi | ATM | CAT Scale | Check Cashing | DEF Lanes | Drivers Lounge | Game Room | Lottery | Pegasus | Public Laundry | Truck Parking Spaces | Electric Vehicle Charging Station | Mobile Ordering,true
599,Pilot Travel Center,Pilot,Pilot Travel Center #599,601 E 5th St,Murdo,SD,57559,43.885668861797484,-100.70491525520802,I-90,192,"I-90, Exit 192",60,7,4,,,true,Diesel Lanes | Showers | Diesel Mobile Fueling | Premium Wifi | ATM | Bulk Propane | CAT Scale | Check Cashing | Cylinder Propane | DEF Lanes | Lottery | Pegasus | Truck Parking Spaces | Mobile Ordering,true
614,Flying J Travel Center,Flying J,Flying J Travel Center #614,2611 Fisher Blvd,Barstow,CA,92311,34.85451188936435,-117.08144318347291,I-15,178,"I-15/40, Exit 178",162,10,15,,,true,Diesel Lanes | Showers | Prime Parking Spaces | Diesel Mobile Fueling | Premium Wifi | ATM | Bulk Propane | CAT Scale | Check Cashing | DEF Lanes | Game Room | Live Parking | Lottery | Pegasus | Public Laundry | Truck Parking Spaces | Mobile Ordering,true
655,Flying J Travel Center,Flying J,Flying J Travel Center #655,5300 IN-3,Spiceland,IN,47385,39.85182509959719,-85.41292278708778,I-70,123,"I-70, Exit 123",193,12,13,,,true,Diesel Lanes | Showers | Prime Parking Spaces | Diesel Mobile Fueling | Premium Wifi | ATM | Bulk Propane | CAT Scale | Check Cashing | Cylinder Propane | DEF Lanes | Drivers Lounge | Game Room | Lottery | Pegasus | Public Laundry | Truck Parking Spaces | Bridgestone Tire Monitoring | Southern Tire Mart at Pilot / Truck Care | Mobile Ordering,true
660,Flying J Travel Center,Flying J,Flying J Travel Center #660,15236 KY-180,Catlettsburg,KY,41129,38.365058541456165,-82.69714917063904,I-64,185,"I-64/KY-180, Exit 185",155,8,9,,,true,Diesel Lanes | Showers | Prime Parking Spaces | Diesel Mobile Fueling | Premium Wifi | ATM | Bulk Propane | CAT Scale | Check Cashing | Cylinder Propane | DEF Lanes | Drivers Lounge | Game Room | Lottery | Pegasus | Public Laundry | Truck Parking Spaces | Electric Vehicle Charging Station | Mobile Ordering,true
685,Flying J Travel Center,Flying J,Flying J Travel Center #685,3150 39th St SW,Fargo,ND,58104,46.83365761048935,-96.84473491667174,I-29,62,"I-29, Exit 62",168,11,9,,,false,Electric Vehicle Charging Station | Mobile Ordering,true
691,Flying J Travel Center,Flying J,Flying J Travel Center #691,2021 S Mountain Rd,Tucumcari,NM,88401,35.15862611356327,-103.70364481216433,I-40,333,"I-40, Exit 333",130,8,9,,,false,Electric Vehicle Charging Station | Mobile Ordering,true
697,Flying J Travel Center,Flying J,Flying J Travel Center #697,2226 N Main St,Hubbard,OH,44425,41.18280827748031,-80.56963496427917,I-80,234,"I-80, Exit 234",150,12,15,,,true,Diesel Lanes | Showers | Prime Parking Spaces | Diesel Mobile Fueling | Premium Wifi | ATM | Bulk Propane | CAT Scale | Check Cashing | Cylinder Propane | DEF Lanes | Drivers Lounge | Game Room | IdleAir | Lottery | Pegasus | Public Laundry | Truck Parking Spaces | Electric Vehicle Charging Station | Bridgestone Tire Monitoring | Mobile Ordering,true
773,Flying J Travel Center,Flying J,Flying J Travel Center #773,35 E Flying J Dr,Richfield,UT,84701,38.78869073559524,-112.0822702552948,I-70,40,"I-70, Exit 40",50,5,3,,,false,Diesel Lanes | Showers | Prime Parking Spaces | Diesel Mobile Fueling | Premium Wifi | ATM | Bulk Propane | Check Cashing | Cylinder Propane | DEF Lanes | Drivers Lounge | Pegasus | Truck Parking Spaces | Bridgestone Tire Monitoring | Mobile Ordering,true
1028,Pilot Travel Center,Pilot,Pilot Travel Center #1028,2605 W Commerce St,Buffalo,TX,75831,31.44852877810874,-96.07867724412823,I-45,178,"I-45/US-79, Exit 178",83,8,7,,,true,Diesel Lanes | Showers | Prime Parking Spaces | Diesel Mobile Fueling | Premium Wifi | ATM | CAT Scale | Check Cashing | Cylinder Propane | DEF Lanes | Drivers Lounge | Pegasus | Public Laundry | Truck Parking Spaces | Electric Vehicle Charging Station | Bridgestone Tire Monitoring | Mobile Ordering,true
1068,Flying J Travel Center,Flying J,Flying J Travel Center #1068,799 Jedburg Rd,Summerville,SC,29483,33.0807751,-80.2105932,I-26,194,"I-26, Exit 194",44,7,5,,,false,Electric Vehicle Charging Station | Mobile Ordering,true
1080,Flying J Travel Center,Flying J,Flying J Travel Center #1080,2275 Sperry Ave,Patterson,CA,95363,37.4654568,-121.1647703,I-5,434,"I-5, Exit 434",124,9,9,,,true,Diesel Lanes | Showers | Prime Parking Spaces | Diesel Mobile Fueling | Premium Wifi | ATM | Bulk Propane | CAT Scale | Check Cashing | Cylinder Propane | DEF Lanes | Drivers Lounge | Game Room | Live Parking | Lottery | Pegasus | Public Laundry | Truck Parking Spaces | Electric Vehicle Charging Station | Bridgestone Tire Monitoring | Mobile Ordering,true
1098,Pilot Express,Pilot,Pilot Express #1098,400 Doremus Ave,Newark,NJ,07105,40.71930232975655,-74.12497705756506,I-95,15E,"I-95, Exit 15E",33,9,2,,,true,Diesel Lanes | Showers | Prime Parking Spaces | Diesel Mobile Fueling | ATM | CAT Scale | DEF Lanes | Lottery | Pegasus | Truck Parking Spaces | Mobile Ordering,true
1205,Pilot Travel Center,Pilot,Pilot Travel Center #1205,4840 E I-20,Monahans,TX,79756,31.61434842327614,-102.81154814652318,I-20,86,"I-20, Exit 86",99,7,5,,,true,Diesel Lanes | Showers | Prime Parking Spaces | Diesel Mobile Fueling | ATM | CAT Scale | Check Cashing | DEF Lanes | Lottery | Public Laundry | Truck Parking Spaces | Mobile Ordering,true
1206,Flying J Travel Center,Flying J,Flying J Travel Center #1206,700 TX-302,Kermit,TX,79745,31.853252486607854,-103.06776720864376,,,TX-302 & FM 313,81,8,8,,,true,Diesel Lanes | Showers | Diesel Mobile Fueling | ATM | CAT Scale | Check Cashing | DEF Lanes | Drivers Lounge | Lottery | Public Laundry | Truck Parking Spaces | Mobile Ordering,true
96,Pilot Travel Center,Pilot,Pilot Travel Center #96,3051 State Rd 60,Okeechobee,FL,34972,27.699496530987037,-80.90167359400827,,193,"FL Turnpike, Exit 193",42,6,3,,,true,Diesel Lanes | Showers | Prime Parking Spaces | Diesel Mobile Fueling | ATM | Bulk Propane | CAT Scale | Check Cashing | DEF Lanes | Game Room | Lottery | Pegasus | Public Laundry | Truck Parking Spaces | Electric Vehicle Charging Station | Mobile Ordering,true
245,ONE9 Travel Center,ONE9,ONE9 Travel Center #245,7961 Linglestown Rd,Harrisburg,PA,17112,40.35159879927267,-76.71641504524743,I-81,77,"I-81, Exit 77",17,6,3,,,true,Diesel Lanes | Showers | Diesel Mobile Fueling | Premium Wifi | ATM | CAT Scale | Check Cashing | Cylinder Propane | DEF Lanes | Pegasus | Truck Parking Spaces | Mobile Ordering,true
253,Pilot Travel Center,Pilot,Pilot Travel Center #253,600 Pennsville Auburn Rd,Carneys Point,NJ,08069,39.68127141189617,-75.47928624944552,I-295,2B,"I-295, Exit 2B",25,7,2,,,true,Diesel Lanes | Showers | Diesel Mobile Fueling | Premium Wifi | ATM | CAT Scale | Check Cashing | DEF Lanes | Lottery | Pegasus | Truck Parking Spaces | Bridgestone Tire Monitoring | Mobile Ordering,true
256,Pilot Travel Center,Pilot,Pilot Travel Center #256,110 River Point Dr,Danville,VA,24540,36.5824395796401,-79.35427469723874,,,US-58 & US-29,28,6,3,,,true,Diesel Lanes | Showers | Prime Parking Spaces | Diesel Mobile Fueling | Premium Wifi | ATM | CAT Scale | Check Cashing | Cylinder Propane | DEF Lanes | Lottery | Pegasus | Truck Parking Spaces | Mobile Ordering,true
296,Pilot Travel Center,Pilot,Pilot Travel Center #296,195 Baker Rd,Dexter,MI,48130,42.2961345258701,-83.878968196434,I-94,167,"I-94, Exit 167",80,8,5,,,true,Diesel Lanes | Showers | Prime Parking Spaces | Diesel Mobile Fueling | Premium Wifi | ATM | CAT Scale | Check Cashing | Cylinder Propane | DEF Lanes | Game Room | Lottery | Pegasus | Truck Parking Spaces | Mobile Ordering,true
431,Pilot Travel Center,Pilot,Pilot Travel Center #431,2205 TX-62,Orange,TX,77630,30.111888582707227,-93.82192220370483,I-10,873,"I-10, Exit 873",110,7,6,,,true,Diesel Lanes | Showers | Prime Parking Spaces | Diesel Mobile Fueling | Premium Wifi | ATM | CAT Scale | Check Cashing | DEF Lanes | Game Room | IdleAir | Lottery | Pegasus | Public Laundry | Truck Parking Spaces | Bridgestone Tire Monitoring | Mobile Ordering,true
496,ONE9 Travel Center,ONE9,ONE9 Travel Center #496,2086 Atalissa Rd,Atalissa,IA,52720,41.644246,-91.149972,I-80,265,"I-80, Exit 265",43,11,4,,,true,Diesel Lanes | Showers | Prime Parking Spaces | Diesel Mobile Fueling | ATM | CAT Scale | Check Cashing | Cylinder Propane | DEF Lanes | Lottery | Pegasus | Truck Parking Spaces | Mobile Ordering,true
504,Pilot Travel Center,Pilot,Pilot Travel Center #504,3817 US-97,Klamath Falls,OR,97601,42.256715591146275,-121.79828317787222,,,US-97,48,5,4,,,true,Diesel Lanes | Showers | Prime Parking Spaces | Diesel Mobile Fueling | Premium Wifi | ATM | Bulk Propane | CAT Scale | Check Cashing | Cylinder Propane | DEF Lanes | Game Room | Live Parking | Lottery | Pegasus | Public Laundry | Truck Parking Spaces | Mobile Ordering,true
550,Flying J Travel Center,Flying J,Flying J Travel Center #550,3800 Highway 2 And 52 W,Minot,ND,58701,48.22421666639354,-101.35096001852416,,83,"Hwy 2 & 52, Exit 83",55,16,4,,,true,Diesel Lanes | Showers | Prime Parking Spaces | Diesel Mobile Fueling | Premium Wifi | ATM | CAT Scale | Check Cashing | Cylinder Propane | DEF Lanes | Lottery | Pegasus | Public Laundry | Truck Parking Spaces | Mobile Ordering,true
568,Pilot Travel Center,Pilot,Pilot Travel Center #568,14555 I-35 S,Von Ormy,TX,78073,29.279767595648636,-98.66872391401672,I-35,140,"I-35, Exit 140",64,8,7,,,true,Diesel Lanes | Showers | Prime Parking Spaces | Diesel Mobile Fueling | Premium Wifi | ATM | CAT Scale | Check Cashing | Cylinder Propane | DEF Lanes | Drivers Lounge | Game Room | Lottery | Pegasus | Public Laundry | Truck Parking Spaces | Electric Vehicle Charging Station | Bridgestone Tire Monitoring | Mobile Ordering,true
593,Pilot Travel Center,Pilot,Pilot Travel Center #593,5570 E Travel Plaza Way,Tucson,AZ,85756,32.125744602509016,-110.87417533995057,I-10,268,"I-10, Exit 268",83,8,7,,,true,Diesel Lanes | Showers | Prime Parking Spaces | Diesel Mobile Fueling | Premium Wifi | ATM | CAT Scale | Check Cashing | Cylinder Propane | DEF Lanes | Drivers Lounge | Game Room | Lottery | Pegasus | Public Laundry | Truck Parking Spaces | Electric Vehicle Charging Station | Mobile Ordering,true
690,Flying J Travel Center,Flying J,Flying J Travel Center #690,11 Old Hwy 70,Lordsburg,NM,88045,32.34113393544301,-108.67738073016359,I-10,24,"I-10, Exit 24",265,12,9,,,false,Electric Vehicle Charging Station | Mobile Ordering,true
701,Pilot Travel Center,Pilot,Pilot Travel Center #701,2450 Cooper Dr,Ardmore,OK,73401,34.200849771061705,-97.16731732870007,I-35,33,"I-35, Exit 33",136,8,11,,,true,Diesel Lanes | Showers | Prime Parking Spaces | Diesel Mobile Fueling | Premium Wifi | ATM | Bulk Propane | CAT Scale | Check Cashing | Cylinder Propane | DEF Lanes | Drivers Lounge | Game Room | Lottery | Pegasus | Public Laundry | Truck Parking Spaces | Electric Vehicle Charging Station | Mobile Ordering,true
706,Flying J Travel Center,Flying J,Flying J Travel Center #706,121 N 129th E Ave,Tulsa,OK,74116,36.1619898,-95.8321554,I-44,236,"I-44, Exit 236",130,8,9,,,false,Electric Vehicle Charging Station | Southern Tire Mart at Pilot / Truck Care | Mobile Ordering,true
913,Flying J Travel Center,Flying J,Flying J Travel Center #913,3231 Adventureland Dr,Altoona,IA,50009,41.65954042222305,-93.49930590053074,I-80,142,"I-80/US-65, Exit 142",350,12,10,,,true,Diesel Lanes | Showers | Prime Parking Spaces | Diesel Mobile Fueling | Premium Wifi | ATM | CAT Scale | Check Cashing | Cylinder Propane | DEF Lanes | Drivers Lounge | Game Room | Lottery | Pegasus | Public Laundry | Truck Parking Spaces | Mobile Ordering,true
1046,Pilot Travel Center,Pilot,Pilot Travel Center #1046,210 US-27,South Bay,FL,33493,26.666446890605272,-80.7167776411016,,,US-27 & FL-80,24,6,4,,,true,Diesel Lanes | Showers | Diesel Mobile Fueling | Premium Wifi | ATM | CAT Scale | Check Cashing | Cylinder Propane | DEF Lanes | Lottery | Pegasus | Public Laundry | Truck Parking Spaces | Electric Vehicle Charging Station | Bridgestone Tire Monitoring | Mobile Ordering,true
1224,ONE9 Travel Center,ONE9,ONE9 Travel Center #1224,3936 Miriam Ave,Bismarck,ND,58501,46.82943325421127,-100.72928615411641,I-94,161,"I-94, Exit 161",63,8,4,,,false,Diesel Lanes | Showers | Diesel Mobile Fueling | Public Laundry | Mobile Ordering,true
1549,Pilot Travel Center,Pilot,Pilot Travel Center #1549,75750 AL-77,Lincoln,AL,35096,33.59356813519607,-86.12147487235261,I-20,168,"I-20, Exit 168",30,5,0,,,false,Diesel Lanes | Prime Parking Spaces | Diesel Mobile Fueling | Cylinder Propane | DEF Lanes | Pegasus | Truck Parking Spaces | Bridgestone Tire Monitoring | Mobile Ordering,true
57,Pilot Travel Center,Pilot,Pilot Travel Center #57,1342 Trollingwood Hawfields Rd,Mebane,NC,27302,36.06567343649865,-79.30987714231613,I-40,152,"I-40/85, Exit 152",140,10,6,,,true,Diesel Lanes | Showers | Prime Parking Spaces | Diesel Mobile Fueling | Premium Wifi | ATM | CAT Scale | Check Cashing | Cylinder Propane | DEF Lanes | Lottery | Pegasus | Public Laundry | Truck Parking Spaces | Southern Tire Mart at Pilot / Truck Care | Mobile Ordering,true
131,Pilot Travel Center,Pilot,Pilot Travel Center #131,2010 W Clay St,Osceola,IA,50213,41.040733670367814,-93.79556225165939,I-35,34,"I-35, Exit 34",80,7,5,,,true,Diesel Lanes | Showers | Prime Parking Spaces | Diesel Mobile Fueling | Premium Wifi | ATM | Bulk Propane | CAT Scale | Check Cashing | Cylinder Propane | DEF Lanes | Game Room | Lottery | Pegasus | Public Laundry | Truck Parking Spaces | Mobile Ordering,true
157,Pilot Travel Center,Pilot,Pilot Travel Center #157,1200 Hillcrest Dr S,Sulphur Springs,TX,75482,33.11657298583079,-95.63424129812785,I-30,122,"I-30, Exit 122",85,7,7,,,true,Diesel Lanes | Showers | Prime Parking Spaces | Diesel Mobile Fueling | Premium Wifi | ATM | CAT Scale | Check Cashing | DEF Lanes | Game Room | Lottery | Pegasus | Truck Parking Spaces | Electric Vehicle Charging Station | Bridgestone Tire Monitoring | Mobile Ordering,true
211,Pilot Travel Center,Pilot,Pilot Travel Center #211,14750 AZ-95,Lake Havasu City,AZ,86404,34.728256,-114.315209,I-40,9,"I-40/AZ-95, Exit 9",85,10,11,,,true,Diesel Lanes | Showers | Prime Parking Spaces | Diesel Mobile Fueling | Premium Wifi | ATM | CAT Scale | Check Cashing | Cylinder Propane | DEF Lanes | Game Room | Lottery | Pegasus | Public Laundry | Truck Parking Spaces | Bridgestone Tire Monitoring | Mobile Ordering,true
312,Pilot Travel Center,Pilot,Pilot Travel Center #312,882 GA-100,Tallapoosa,GA,30176,33.6825924073037,-85.26285560724183,I-20,5,"I-20/GA-100, Exit 5",90,8,6,,,true,Diesel Lanes | Showers | Prime Parking Spaces | Diesel Mobile Fueling | Premium Wifi | ATM | CAT Scale | Check Cashing | Cylinder Propane | DEF Lanes | Game Room | Lottery | Pegasus | Public Laundry | Truck Parking Spaces | Electric Vehicle Charging Station | Bridgestone Tire Monitoring | Mobile Ordering,true
324,Pilot Travel Center,Pilot,Pilot Travel Center #324,13712 Northwestern Ave,Franksville,WI,53126,42.7790963547738,-87.95157807147768,I-94,329,"I-94/41, Exit 329",80,7,5,,,true,Diesel Lanes | Showers | Prime Parking Spaces | Diesel Mobile Fueling | Premium Wifi | ATM | CAT Scale | Check Cashing | DEF Lanes | Game Room | Lottery | Pegasus | Truck Parking Spaces | Electric Vehicle Charging Station | Mobile Ordering,true
343,Pilot Travel Center,Pilot,Pilot Travel Center #343,1497 Piper Ranch Rd,San Diego,CA,92154,32.56837388993204,-116.95276544158293,,,CA-905 & CA-125,124,8,9,,,true,Diesel Lanes | Showers | Prime Parking Spaces | Diesel Mobile Fueling | Premium Wifi | ATM | CAT Scale | Check Cashing | DEF Lanes | Game Room | Live Parking | Lottery | Pegasus | Public Laundry | Truck Parking Spaces | Mobile Ordering,true
374,Pilot Travel Center,Pilot,Pilot Travel Center #374,2209 FL-71,Marianna,FL,32448,30.725566267632836,-85.18662836842249,I-10,142,"I-10/FL-71, Exit 142",90,7,7,,,false,Electric Vehicle Charging Station | Mobile Ordering,true
415,Pilot Travel Center,Pilot,Pilot Travel Center #415,319 Deer Head Cove Rd,Rising Fawn,GA,30738,34.77027117437587,-85.54150639896746,I-59,4,"I-59, Exit 4",150,10,8,,,false,Electric Vehicle Charging Station | Mobile Ordering,true
436,Pilot Travel Center,Pilot,Pilot Travel Center #436,715 S Lakeside Dr,Amarillo,TX,79118,35.19622555355347,-101.74099161838531,I-40,75,"I-40, Exit 75",90,11,12,,,true,Diesel Lanes | Showers | Prime Parking Spaces | Diesel Mobile Fueling | Premium Wifi | ATM | CAT Scale | Check Cashing | DEF Lanes | Game Room | Lottery | Pegasus | Public Laundry | Truck Parking Spaces | Bridgestone Tire Monitoring | Mobile Ordering,true
551,Flying J Dealer,Flying J,Flying J Dealer #551,16851 I-20 Frontage Rd,Cisco,TX,76437,32.3738957655586,-99.00722560385358,I-20,330,"I-20/TX-206, Exit 330",120,8,0,,,true,Diesel Lanes | Showers | Diesel Mobile Fueling | ATM | CAT Scale | Cylinder Propane | DEF Lanes | Game Room | Lottery | Pegasus | Public Laundry | Truck Parking Spaces,true
572,Flying J Travel Center,Flying J,Flying J Travel Center #572,3040 220th St,Williams,IA,50271,42.470164291597285,-93.57187906613157,I-35,144,"I-35/US-20, Exit 144",100,7,7,,,true,Diesel Lanes | Showers | Prime Parking Spaces | Diesel Mobile Fueling | Premium Wifi | ATM | CAT Scale | Check Cashing | Cylinder Propane | DEF Lanes | Drivers Lounge | Game Room | Lottery | Pegasus | Public Laundry | Truck Parking Spaces | Electric Vehicle Charging Station | Mobile Ordering,true
639,Flying J Travel Center,Flying J,Flying J Travel Center #639,3636 W 5th Ave,Post Falls,ID,83854,47.71129706389365,-116.9968664552138,I-90,2,"I-90, Exit 2",79,9,8,,,true,Diesel Lanes | Showers | Prime Parking Spaces | Diesel Mobile Fueling | Premium Wifi | ATM | Bulk Propane | CAT Scale | Check Cashing | Cylinder Propane | DEF Lanes | Game Room | Lottery | Pegasus | Public Laundry | Truck Parking Spaces | Electric Vehicle Charging Station | Mobile Ordering,true
642,Flying J Travel Center,Flying J,Flying J Travel Center #642,140 Racehorse Dr,East Saint Louis,IL,62205,38.57589689527482,-90.09891378654287,I-255,17A,"I-255, Exit 17A",202,12,15,,,false,Electric Vehicle Charging Station | Mobile Ordering,true
752,Flying J Travel Center,Flying J,Flying J Travel Center #752,1530 Rest Church Rd,Clear Brook,VA,22624,39.29056053857347,-78.08660659512003,I-81,323,"I-81, Exit 323",144,12,15,,,true,Diesel Lanes | Showers | Prime Parking Spaces | Diesel Mobile Fueling | Premium Wifi | ATM | CAT Scale | Cylinder Propane | DEF Lanes | Game Room | Lottery | Pegasus | Public Laundry | Truck Parking Spaces | Electric Vehicle Charging Station | Bridgestone Tire Monitoring | Mobile Ordering,true
770,Flying J Travel Center,Flying J,Flying J Travel Center #770,1880 W Winnemucca Blvd,Winnemucca,NV,89445,40.96024283982466,-117.74815231717929,I-80,176,"I-80, Exit 176",51,10,10,,,true,Diesel Lanes | Showers | Prime Parking Spaces | Diesel Mobile Fueling | Premium Wifi | ATM | Bulk Propane | CAT Scale | Check Cashing | Cylinder Propane | DEF Lanes | Drivers Lounge | Game Room | Pegasus | Public Laundry | Truck Parking Spaces | Bridgestone Tire Monitoring | Mobile Ordering,true
761,Flying J Travel Center,Flying J,Flying J Travel Center #761,1920 Harrison Dr,Evanston,WY,82930,41.26468712910687,-110.97776037168884,I-80,3,"I-80, Exit 3",45,7,9,,,false,Electric Vehicle Charging Station | Mobile Ordering,true
918,Pilot Travel Center,Pilot,Pilot Travel Center #918,2783 Deadwood Ave,Rapid City,SD,57702,44.11272659584743,-103.2730744950718,I-90,55,"I-90, Exit 55",75,7,5,,,true,Diesel Lanes | Showers | Prime Parking Spaces | Diesel Mobile Fueling | Premium Wifi | ATM | Bulk Propane | CAT Scale | Check Cashing | Cylinder Propane | DEF Lanes | Game Room | Lottery | Pegasus | Public Laundry | Truck Parking Spaces | Mobile Ordering,true
908,Pilot Licensed Location,Pilot,Pilot Licensed Location #908,1000 Grizzly Trail,Butte,MT,59701,46.00500869528673,-112.61161368451691,I-90,122,"I-90, Exit 122",100,9,10,,,true,Diesel Lanes | Showers | ATM | CAT Scale | DEF Lanes | Game Room | Public Laundry | Truck Parking Spaces,true
1071,Flying J Travel Center,Flying J,Flying J Travel Center #1071,979 E Paige Ave,Tulare,CA,93274,36.18115255746655,-119.33209320859832,,85,"CA-99, Exit 85",138,9,9,,,true,Diesel Lanes | Showers | Prime Parking Spaces | Diesel Mobile Fueling | ATM | Bulk Propane | CAT Scale | Check Cashing | DEF Lanes | Drivers Lounge | Lottery | Public Laundry | Truck Parking Spaces | Mobile Ordering,true
1103,Pilot Travel Center,Pilot,Pilot Travel Center #1103,2430 WA-530,Arlington,WA,98223,48.18718488026442,-122.1965614,I-5,208,"I-5, Exit 208",78,7,5,,,true,Diesel Lanes | Showers | Prime Parking Spaces | Diesel Mobile Fueling | ATM | CAT Scale | Check Cashing | Cylinder Propane | DEF Lanes | Lottery | Pegasus | Public Laundry | Truck Parking Spaces | Electric Vehicle Charging Station | Bridgestone Tire Monitoring | Mobile Ordering,true
1105,Pilot Travel Center,Pilot,Pilot Travel Center #1105,7349 LA-29,Bunkie,LA,71322,30.781150428766693,-92.18722958095093,I-49,40,"I-49, Exit 40",44,5,4,,,true,Diesel Lanes | Showers | Prime Parking Spaces | Diesel Mobile Fueling | Premium Wifi | ATM | CAT Scale | Check Cashing | Cylinder Propane | DEF Lanes | Lottery | Public Laundry | Truck Parking Spaces | Bridgestone Tire Monitoring | Mobile Ordering,true
1110,Pilot Travel Center,Pilot,Pilot Travel Center #1110,15455 Terrazzo Drive,Colorado Springs,CO,80921,39.05563552325797,-104.85360775157261,I-25,158,"I-25, Exit 158",72,8,5,,,false,Electric Vehicle Charging Station | Mobile Ordering,true
1134,Pilot Travel Center,Pilot,Pilot Travel Center #1134,3752 US-285 N,Orla,TX,79770,31.82622244544289,-103.90876848003067,,,US-285 & RM 652,50,6,4,,,true,Diesel Lanes | Showers | Diesel Mobile Fueling | Premium Wifi | ATM | CAT Scale | Check Cashing | Cylinder Propane | DEF Lanes | Game Room | Lottery | Truck Parking Spaces | Mobile Ordering,true
1143,Pilot Travel Center,Pilot,Pilot Travel Center #1143,4200 TX-302,Odessa,TX,79764,31.87630803824521,-102.42236170681534,,,TX-338 & TX-302,26,6,3,,,false,Diesel Lanes | Showers | Diesel Mobile Fueling | DEF Lanes | Truck Parking Spaces | Mobile Ordering,true
1146,Pilot Travel Center,Pilot,Pilot Travel Center #1146,2500 S Bickley Ave,Pecos,TX,79772,31.401177227926773,-103.5204711031105,I-20,39,"I-20, Exit 39",9,6,3,,,true,Diesel Lanes | Showers | Diesel Mobile Fueling | Premium Wifi | ATM | CAT Scale | Check Cashing | Cylinder Propane | DEF Lanes | Lottery | Pegasus | Public Laundry | Truck Parking Spaces | Mobile Ordering,true
1161,Pilot Travel Center,Pilot,Pilot Travel Center #1161,3145 Meteor Crater Rd,Odessa,TX,79763,31.784746060897643,-102.47678897668648,I-20,108,"I-20, Exit 108",93,8,7,,,true,Diesel Lanes | Showers | Prime Parking Spaces | Diesel Mobile Fueling | ATM | CAT Scale | Check Cashing | Cylinder Propane | DEF Lanes | Lottery | Pegasus | Public Laundry | Truck Parking Spaces | Mobile Ordering,true
1209,Pilot Travel Center,Pilot,Pilot Travel Center #1209,2810 Rankin Hwy,Midland,TX,79706,31.968319372681513,-102.07351126174396,I-20,136,"I-20, Exit 136",21,6,5,,,false,Diesel Lanes | Showers | Diesel Mobile Fueling | ATM | Check Cashing | DEF Lanes | Lottery | Pegasus | Public Laundry | Truck Parking Spaces | Electric Vehicle Charging Station | Mobile Ordering,true
1147,Pilot Travel Center,Pilot,Pilot Travel Center #1147,127 TX-302,Kermit,TX,79745,31.84359900701591,-103.10390373784327,,,TX-115 & TX-302,25,6,3,,,true,Diesel Lanes | Showers | Diesel Mobile Fueling | Premium Wifi | ATM | CAT Scale | Cylinder Propane | DEF Lanes | Game Room | Lottery | Truck Parking Spaces | Mobile Ordering,true
79,ONE9 Travel Center,ONE9,ONE9 Travel Center #79,2601 S Range Ave,Denham Springs,LA,70726,30.45202977898857,-90.95706370674591,I-12,10,"I-12, Exit 10",49,5,3,,,false,Electric Vehicle Charging Station | Mobile Ordering,true
44,Pilot Travel Center,Pilot,Pilot Travel Center #44,1701 W Ashley Rd,Boonville,MO,65233,38.939392554387254,-92.77396264986932,I-70,101,"I-70, Exit 101",150,10,8,,,true,Diesel Lanes | Showers | Prime Parking Spaces | Diesel Mobile Fueling | Premium Wifi | ATM | CAT Scale | Check Cashing | Cylinder Propane | DEF Lanes | Drivers Lounge | Game Room | IdleAir | Lottery | Pegasus | Public Laundry | Truck Parking Spaces | Electric Vehicle Charging Station | Southern Tire Mart at Pilot / Truck Care | Mobile Ordering,true
40,Pilot Travel Center,Pilot,Pilot Travel Center #40,2031 W Ryan Rd,Oak Creek,WI,53154,42.871496,-87.94443,I-94,322,"I-94/41, Exit 322",150,10,8,,,true,Diesel Lanes | Showers | Prime Parking Spaces | Diesel Mobile Fueling | Premium Wifi | ATM | CAT Scale | Check Cashing | Cylinder Propane | DEF Lanes | Game Room | Lottery | Pegasus | Public Laundry | Truck Parking Spaces | Mobile Ordering,true
35,Pilot Travel Center,Pilot,Pilot Travel Center #35,6424 W Brick Rd,South Bend,IN,46628,41.736021,-86.336832,I-90,72,"I-90, Exit 72",70,6,5,,,true,Diesel Lanes | Showers | Prime Parking Spaces | Diesel Mobile Fueling | Premium Wifi | ATM | CAT Scale | Check Cashing | Cylinder Propane | DEF Lanes | Game Room | Lottery | Pegasus | Truck Parking Spaces | Mobile Ordering,true
190,Pilot Travel Center,Pilot,Pilot Travel Center #190,66 NJ-173,Hampton,NJ,08827,40.636962,-74.968461,I-78,12,"I-78, Exit 12",50,7,6,,,true,Diesel Lanes | Showers | Diesel Mobile Fueling | ATM | CAT Scale | Check Cashing | Lottery | Pegasus | Public Laundry | Truck Parking Spaces | Bridgestone Tire Monitoring | Mobile Ordering,true
234,Pilot Travel Center,Pilot,Pilot Travel Center #234,639 TX-75,Huntsville,TX,77320,30.73834790054042,-95.59376862629608,I-45,118,"I-45, Exit 118",90,8,6,,,true,Diesel Lanes | Showers | Prime Parking Spaces | Diesel Mobile Fueling | Premium Wifi | ATM | CAT Scale | Check Cashing | DEF Lanes | Game Room | Lottery | Pegasus | Public Laundry | Truck Parking Spaces | Truck Wash | Bridgestone Tire Monitoring | Mobile Ordering,true
299,Pilot Travel Center,Pilot,Pilot Travel Center #299,1522 W Market St,Bloomington,IL,61701,40.48273188250577,-89.01720023949142,I-55,160,"I-55/74, Exit 160",80,9,9,,,true,Diesel Lanes | Showers | Diesel Mobile Fueling | Premium Wifi | ATM | CAT Scale | Check Cashing | Cylinder Propane | DEF Lanes | Drivers Lounge | Game Room | Lottery | Pegasus | Truck Parking Spaces | Southern Tire Mart at Pilot / Truck Care | Mobile Ordering,true
340,Pilot Travel Center,Pilot,Pilot Travel Center #340,465 Pilot Rd,Fernley,NV,89408,39.613715724713494,-119.26588563239028,I-80,46,"I-80, Exit 46",100,8,7,,,true,Diesel Lanes | Showers | Prime Parking Spaces | Diesel Mobile Fueling | Premium Wifi | ATM | CAT Scale | Check Cashing | Cylinder Propane | DEF Lanes | Pegasus | Truck Parking Spaces | Truck Wash | Electric Vehicle Charging Station | Bridgestone Tire Monitoring | Southern Tire Mart at Pilot / Truck Care | Mobile Ordering,true
433,Pilot Travel Center,Pilot,Pilot Travel Center #433,8787 S Lancaster Rd,Dallas,TX,75241,32.64209833143373,-96.78035890978698,I-20,470,"I-20, Exit 470",146,11,11,,,true,Diesel Lanes | Showers | Prime Parking Spaces | Diesel Mobile Fueling | Premium Wifi | ATM | CAT Scale | Check Cashing | DEF Lanes | Game Room | Lottery | Pegasus | Public Laundry | Truck Parking Spaces | Bridgestone Tire Monitoring | Mobile Ordering,true
476,Pilot Travel Center,Pilot,Pilot Travel Center #476,900 Plaza Ave,Woodhull,IL,61490,41.18062583251799,-90.33801015078737,I-74,32,"I-74, Exit 32",35,7,5,,,false,Electric Vehicle Charging Station | Mobile Ordering,true
449,Pilot Travel Center,Pilot,Pilot Travel Center #449,663 Belmont Morristown Rd,Belmont,OH,43718,40.05792171143716,-81.05073331171047,I-70,208,"I-70, Exit 208",67,8,9,,,true,Diesel Lanes | Showers | Diesel Mobile Fueling | Premium Wifi | ATM | CAT Scale | Check Cashing | Cylinder Propane | DEF Lanes | Drivers Lounge | Game Room | Lottery | Pegasus | Public Laundry | Truck Parking Spaces | Electric Vehicle Charging Station | Bridgestone Tire Monitoring | Mobile Ordering,true
509,Flying J Dealer,Flying J,Flying J Dealer #509,653 W 1400 N,Beaver,UT,84713,38.29298144397975,-112.65285621594792,I-15,112,"I-15, Exit 112",120,8,0,,,false,Diesel Lanes | Showers | Prime Parking Spaces | ATM | DEF Lanes | Drivers Lounge | Game Room | Pegasus | Public Laundry | Truck Parking Spaces,true
618,Flying J Travel Center,Flying J,Flying J Travel Center #618,1501 N Jack Tone Rd,Ripon,CA,95366,37.75586653129383,-121.14354611855804,,237,"CA-99, Exit 237",194,12,15,,,true,Diesel Lanes | Showers | Prime Parking Spaces | Diesel Mobile Fueling | ATM | Bulk Propane | CAT Scale | Check Cashing | Cylinder Propane | DEF Lanes | Drivers Lounge | Game Room | Live Parking | Lottery | Pegasus | Public Laundry | Truck Parking Spaces | Electric Vehicle Charging Station | Bridgestone Tire Monitoring | Southern Tire Mart at Pilot / Truck Care | Mobile Ordering,true
645,Flying J Travel Center,Flying J,Flying J Travel Center #645,1310 East Chain Of Rocks Road,Granite City,IL,62040,38.75996624680677,-90.06543723037397,I-270,,I-270 & Exit 6,185,12,15,,,false,Electric Vehicle Charging Station | Mobile Ordering,true
686,Flying J Travel Center,Flying J,Flying J Travel Center #686,15010 NE-31,Gretna,NE,68028,41.09172935755572,-96.2546809325409,I-80,432,"I-80, Exit 432",155,12,14,,,true,Diesel Lanes | Showers | Prime Parking Spaces | Diesel Mobile Fueling | Premium Wifi | ATM | Bulk Propane | CAT Scale | Check Cashing | Cylinder Propane | DEF Lanes | Drivers Lounge | Game Room | Lottery | Pegasus | Public Laundry | Truck Parking Spaces | Mobile Ordering,true
711,Flying J Travel Center,Flying J,Flying J Travel Center #711,1011 N Mountain St,Blacksburg,SC,29702,35.14221575282003,-81.5096186659437,I-85,102,"I-85, Exit 102",148,12,15,,,true,Diesel Lanes | Showers | Prime Parking Spaces | Diesel Mobile Fueling | ATM | Barber Shop | Bulk Propane | CAT Scale | Check Cashing | Cylinder Propane | DEF Lanes | Drivers Lounge | Game Room | Lottery | Pegasus | Public Laundry | Truck Parking Spaces | Electric Vehicle Charging Station | Bridgestone Tire Monitoring | Southern Tire Mart at Pilot / Truck Care | Mobile Ordering,true
744,Flying J Travel Center,Flying J,Flying J Travel Center #744,1172 West 21St Street,Ogden,UT,84401,41.2306945,-112.0076735,I-15,,I-15 Exit 343,100,8,9,,,true,Diesel Lanes | Showers | Prime Parking Spaces | Diesel Mobile Fueling | Premium Wifi | ATM | Bulk Propane | CAT Scale | Check Cashing | Cylinder Propane | DEF Lanes | Drivers Lounge | Pegasus | Public Laundry | Truck Parking Spaces | Electric Vehicle Charging Station | Bridgestone Tire Monitoring | Mobile Ordering,true
763,Flying J Travel Center,Flying J,Flying J Travel Center #763,I-80 Johnson Rd,Rawlins,WY,82301,41.778418,-107.3099195,I-80,209,"I-80, Exit 209",200,10,11,,,true,Diesel Lanes | Showers | Prime Parking Spaces | Diesel Mobile Fueling | Premium Wifi | ATM | Bulk Propane | CAT Scale | Check Cashing | Cylinder Propane | DEF Lanes | Drivers Lounge | Game Room | Pegasus | Public Laundry | Truck Parking Spaces | Electric Vehicle Charging Station | Mobile Ordering,true
768,Flying J Travel Center,Flying J,Flying J Travel Center #768,1300 N Corrington Ave,Kansas City,MO,64120,39.1306808,-94.4968222,I-435,57,"I-435, Exit 57",121,7,8,,,true,Diesel Lanes | Showers | Prime Parking Spaces | Diesel Mobile Fueling | Premium Wifi | ATM | Bulk Propane | CAT Scale | Check Cashing | Cylinder Propane | DEF Lanes | Drivers Lounge | Game Room | Lottery | Pegasus | Public Laundry | Truck Parking Spaces | Mobile Ordering,true
890,Pilot Dealer,Pilot,Pilot Dealer #890,2299 US-62,Kuttawa,KY,42055,37.07163547009485,-88.12357657672118,I-24,40,"I-24/US-62, Exit 40",100,8,0,,,true,Diesel Lanes | Showers | Prime Parking Spaces | ATM | CAT Scale | DEF Lanes | Game Room | Lottery | Pegasus | Public Laundry | Truck Parking Spaces,true
1025,Flying J Travel Center,Flying J,Flying J Travel Center #1025,102 Sheldon Rd,Channelview,TX,77530,29.771253698073,-95.12521722149829,I-10,783,"I-10, Exit 783",80,8,7,,,true,Diesel Lanes | Showers | Prime Parking Spaces | Diesel Mobile Fueling | Premium Wifi | Wifi | ATM | CAT Scale | Check Cashing | Cylinder Propane | DEF Lanes | Drivers Lounge | Game Room | Lottery | Pegasus | Public Laundry | Truck Parking Spaces | Mobile Ordering,true
904,Flying J Travel Center,Flying J,Flying J Travel Center #904,109 Circle Rd,Big Springs,NE,69122,41.05172082040372,-102.07038347050019,I-80,107,"I-80, Exit 107",500,10,18,,,true,Diesel Lanes | Showers | Prime Parking Spaces | Diesel Mobile Fueling | Premium Wifi | ATM | CAT Scale | Check Cashing | DEF Lanes | Game Room | Lottery | Pegasus | Public Laundry | Truck Parking Spaces | Mobile Ordering,true
1051,Pilot Travel Center,Pilot,Pilot Travel Center #1051,1119 Lowe-Grout Rd,Iowa,LA,70647,30.253344519398894,-93.01461773187712,I-10,43,"I-10, Exit 43",88,8,7,,,false,Electric Vehicle Charging Station | Mobile Ordering,true
1219,Pilot Travel Center,Pilot,Pilot Travel Center #1219,10 Interstate Dr,Vandalia,IL,62471,38.97110867284354,-89.13613661090096,I-70,61,"I-70, Exit 61",93,6,5,,,false,Diesel Lanes | Truck Parking Spaces | Electric Vehicle Charging Station | Mobile Ordering,true
1070,Pilot Travel Center,Pilot,Pilot Travel Center #1070,2464 U.S. Route 66,Santa Rosa,NM,88435,34.946885554042,-104.65187099365306,I-40,277,"I-40/US-84, Exit 277",63,8,7,,,true,Diesel Lanes | Showers | Prime Parking Spaces | Diesel Mobile Fueling | Premium Wifi | ATM | CAT Scale | Check Cashing | Cylinder Propane | DEF Lanes | Drivers Lounge | Lottery | Pegasus | Public Laundry | Truck Parking Spaces | Electric Vehicle Charging Station | Bridgestone Tire Monitoring | Mobile Ordering,true
310,Pilot Travel Center,Pilot,Pilot Travel Center #310,1405 E Main St,Duncan,SC,29334,34.9154369,-82.1081168,I-85,63,"I-85/SC-290, Exit 63",35,6,8,,,false,Diesel Lanes | Truck Parking Spaces | Electric Vehicle Charging Station | Mobile Ordering,true
270,Pilot Travel Center,Pilot,Pilot Travel Center #270,314 Lovell Rd,Knoxville,TN,37934,35.903704365375,-84.1406952139758,I-40,374,"I-40/75, Exit 374",80,7,8,,,true,Diesel Lanes | Showers | Prime Parking Spaces | Diesel Mobile Fueling | Premium Wifi | ATM | CAT Scale | Check Cashing | DEF Lanes | Lottery | Pegasus | Truck Parking Spaces | Bridgestone Tire Monitoring | Mobile Ordering,true
165,Pilot Travel Center,Pilot,Pilot Travel Center #165,2500 N 3rd St,Effingham,IL,62401,39.149186,-88.530599,I-57,162,"I-57/70, Exit 162",100,8,7,,,true,Diesel Lanes | Showers | Prime Parking Spaces | Diesel Mobile Fueling | Premium Wifi | ATM | CAT Scale | Check Cashing | Cylinder Propane | DEF Lanes | Game Room | Lottery | Pegasus | Public Laundry | Truck Parking Spaces | Bridgestone Tire Monitoring | Southern Tire Mart at Pilot / Truck Care | Mobile Ordering,true
174,Pilot Travel Center,Pilot,Pilot Travel Center #174,500 MS-15,New Albany,MS,38652,34.467802,-89.006085,I-22,64,"I-22, Exit 64",90,7,7,,,false,Electric Vehicle Charging Station | Mobile Ordering,true
317,Pilot Travel Center,Pilot,Pilot Travel Center #317,4500 Hwy 43,Joplin,MO,64804,37.00457624942932,-94.55251308902434,I-44,4,"I-44/MO-43, Exit 4",90,9,7,,,true,Diesel Lanes | Showers | Prime Parking Spaces | Diesel Mobile Fueling | Premium Wifi | ATM | CAT Scale | Check Cashing | DEF Lanes | Game Room | Lottery | Pegasus | Truck Parking Spaces | Mobile Ordering,true
322,Pilot Travel Center,Pilot,Pilot Travel Center #322,7767 State Route 53,Bath,NY,14810,42.37723877582238,-77.36399323439332,I-86,37,"I-86, Exit 37",70,7,4,,,true,Diesel Lanes | Showers | Prime Parking Spaces | Diesel Mobile Fueling | ATM | CAT Scale | Check Cashing | Cylinder Propane | DEF Lanes | Game Room | Lottery | Pegasus | Public Laundry | Truck Parking Spaces | Mobile Ordering,true
346,Pilot Travel Center,Pilot,Pilot Travel Center #346,522 Hwy 601 S,Lugoff,SC,29078,34.19251849604202,-80.68683926441801,I-20,92,"I-20/US-601, Exit 92",60,6,4,,,true,Diesel Lanes | Showers | Prime Parking Spaces | Diesel Mobile Fueling | Premium Wifi | ATM | CAT Scale | Check Cashing | DEF Lanes | Lottery | Pegasus | Truck Parking Spaces | Mobile Ordering,true
370,Pilot Travel Center,Pilot,Pilot Travel Center #370,417 PA-315,Pittston,PA,18640,41.314110735783714,-75.75502052387314,I-81,175,"I-81, Exit 175",58,8,7,,,true,Diesel Lanes | Showers | Prime Parking Spaces | Diesel Mobile Fueling | Premium Wifi | ATM | CAT Scale | Check Cashing | DEF Lanes | Game Room | Lottery | Pegasus | Public Laundry | Truck Parking Spaces | Electric Vehicle Charging Station | Mobile Ordering,true
350,Pilot Travel Center,Pilot,Pilot Travel Center #350,1050 US-20,Mountain Home,ID,83647,43.14207101330615,-115.66325638860148,I-84,95,"I-84/US-20, Exit 95",100,9,9,,,true,Diesel Lanes | Showers | Prime Parking Spaces | Diesel Mobile Fueling | Premium Wifi | ATM | CAT Scale | Check Cashing | DEF Lanes | Lottery | Pegasus | Public Laundry | Truck Parking Spaces | Bridgestone Tire Monitoring | Mobile Ordering,true
442,Pilot Travel Center,Pilot,Pilot Travel Center #442,1701 MO-84,Hayti,MO,63851,36.227528697642846,-89.72536741120311,I-55,19,"I-55, Exit 19",120,9,8,,,false,Electric Vehicle Charging Station | Mobile Ordering,true
468,Pilot Travel Center,Pilot,Pilot Travel Center #468,815 US-24,Gilman,IL,60938,40.75077462353107,-88.00137825353703,I-57,283,"I-57, Exit 283",80,7,7,,,true,Diesel Lanes | Showers | Prime Parking Spaces | Diesel Mobile Fueling | Premium Wifi | ATM | Bulk Propane | CAT Scale | Check Cashing | Cylinder Propane | DEF Lanes | Game Room | Lottery | Pegasus | Public Laundry | Truck Parking Spaces | Electric Vehicle Charging Station | Mobile Ordering,true
470,Flying J Travel Center,Flying J,Flying J Travel Center #470,1191 70th Ave,Roberts,WI,54023,44.96303699688667,-92.56048288731287,I-94,10,"I-94/US-65, Exit 10",86,8,9,,,true,Diesel Lanes | Showers | Prime Parking Spaces | Diesel Mobile Fueling | Premium Wifi | ATM | Bulk Propane | CAT Scale | Check Cashing | Cylinder Propane | DEF Lanes | Drivers Lounge | Game Room | Lottery | Pegasus | Public Laundry | Truck Parking Spaces | Electric Vehicle Charging Station | Mobile Ordering,true
485,Pilot Travel Center,Pilot,Pilot Travel Center #485,5625 W Winnemucca Blvd,Winnemucca,NV,89445,40.93132237801621,-117.80431568968169,I-80,173,"I-80, Exit 173",43,7,5,,,true,Diesel Lanes | Showers | Diesel Mobile Fueling | Premium Wifi | ATM | CAT Scale | Check Cashing | DEF Lanes | Game Room | Pegasus | Public Laundry | Truck Parking Spaces | Electric Vehicle Charging Station | Bridgestone Tire Monitoring | Mobile Ordering,true
592,Pilot Travel Center,Pilot,Pilot Travel Center #592,2195 Hwy 6 and 50,Grand Junction,CO,81505,39.1125035,-108.6481721,I-70,26,"I-70, Exit 26",69,8,5,,,false,Electric Vehicle Charging Station | Mobile Ordering,true
657,Flying J Dealer,Flying J,Flying J Dealer #657,2524 E Wyatt Earp Blvd,Dodge City,KS,67801,37.75238551709518,-99.98024221097565,,,US-400 & US-283,63,4,0,,,true,Diesel Lanes | Showers | Prime Parking Spaces | Diesel Mobile Fueling | Premium Wifi | ATM | CAT Scale | Check Cashing | Cylinder Propane | DEF Lanes | Drivers Lounge | Game Room | Lottery | Pegasus | Public Laundry | Truck Parking Spaces,true
662,Flying J Travel Center,Flying J,Flying J Travel Center #662,18750 Herndon Oak Grove Rd,Oak Grove,KY,42262,36.69733963879761,-87.45467198147583,I-24,86,"I-24, Exit 86",130,8,9,,,true,Diesel Lanes | Showers | Prime Parking Spaces | Diesel Mobile Fueling | Premium Wifi | ATM | CAT Scale | Cylinder Propane | DEF Lanes | Drivers Lounge | Game Room | Pegasus | Public Laundry | Truck Parking Spaces | Mobile Ordering,true
672,Flying J Travel Center,Flying J,Flying J Travel Center #672,700 State Hwy J,Peculiar,MO,64078,38.72294493624515,-94.45210486871717,I-49,167,"I-49, Exit 167",165,8,9,,,true,Diesel Lanes | Showers | Prime Parking Spaces | Diesel Mobile Fueling | Premium Wifi | ATM | Bulk Propane | CAT Scale | Check Cashing | Cylinder Propane | DEF Lanes | Drivers Lounge | Game Room | Lottery | Pegasus | Public Laundry | Truck Parking Spaces | Electric Vehicle Charging Station | Mobile Ordering,true
710,Flying J Travel Center,Flying J,Flying J Travel Center #710,1623 Oliver Rd,New Milford,PA,18834,41.82452317462087,-75.68204660845947,I-81,219,"I-81, Exit 219",118,8,9,,,true,Diesel Lanes | Showers | Prime Parking Spaces | Diesel Mobile Fueling | Premium Wifi | ATM | CAT Scale | Cylinder Propane | DEF Lanes | Game Room | Pegasus | Public Laundry | Truck Parking Spaces | Mobile Ordering,true
720,Flying J Travel Center,Flying J,Flying J Travel Center #720,1420 TN-96 N,Fairview,TN,37062,36.026395,-87.17167,I-40,182,"I-40/TN-96, Exit 182",150,8,9,,,true,Diesel Lanes | Showers | Prime Parking Spaces | Diesel Mobile Fueling | ATM | Bulk Propane | CAT Scale | Check Cashing | Cylinder Propane | DEF Lanes | Drivers Lounge | Game Room | Lottery | Pegasus | Public Laundry | Truck Parking Spaces | Mobile Ordering,true
727,Flying J Travel Center,Flying J,Flying J Travel Center #727,1305 E Monte Cristo Rd,Edinburg,TX,78542,26.33633561175397,-98.14358108598327,,9,"I-69C, Exit 9",200,8,9,,,true,Diesel Lanes | Showers | Prime Parking Spaces | Diesel Mobile Fueling | Premium Wifi | ATM | Bulk Propane | CAT Scale | Check Cashing | Cylinder Propane | DEF Lanes | Drivers Lounge | Game Room | Lottery | Pegasus | Public Laundry | Truck Parking Spaces | Electric Vehicle Charging Station | Mobile Ordering,true
736,Flying J Travel Center,Flying J,Flying J Travel Center #736,100 E Pinehurst St,Pecos,TX,79772,31.401066827695132,-103.48657789407946,I-20,42,"I-20, Exit 42",200,10,9,,,true,Diesel Lanes | Showers | Diesel Mobile Fueling | Premium Wifi | ATM | CAT Scale | Check Cashing | Cylinder Propane | DEF Lanes | Drivers Lounge | Game Room | Lottery | Pegasus | Public Laundry | Truck Parking Spaces | Mobile Ordering,true
903,Pilot Travel Center,Pilot,Pilot Travel Center #903,1944 N 9th St,Salina,KS,67401,38.874055906647136,-97.61086160873718,I-70,252,"I-70, Exit 252",150,11,13,,,true,Diesel Lanes | Showers | Prime Parking Spaces | Diesel Mobile Fueling | Premium Wifi | ATM | CAT Scale | Check Cashing | DEF Lanes | Drivers Lounge | Game Room | Lottery | Pegasus | Public Laundry | Truck Parking Spaces | Mobile Ordering,true
909,Pilot Licensed Location,Pilot,Pilot Licensed Location #909,1350 W Roosevelt Hwy,Shelby,MT,59474,48.513041242657266,-111.87263550793458,I-15,363,"I-15, Exit 363",70,10,6,,,true,Diesel Lanes | Showers | ATM | CAT Scale | DEF Lanes | Game Room | Public Laundry | Truck Parking Spaces,true
911,Pilot Licensed Location,Pilot,Pilot Licensed Location #911,27 Diamond Road,Superior,MT,59872,47.18954944087357,-114.88601253505708,I-90,47,"I-90, Exit 47",10,7,0,,,false,Diesel Lanes | Showers | ATM | DEF Lanes | Game Room | Truck Parking Spaces,true
915,Pilot Licensed Location,Pilot,Pilot Licensed Location #915,2711 N Frontage Rd,Billings,MT,59101,45.81616938974165,-108.41676835449219,I-90,455,"I-90, Exit 455",156,10,0,,,true,Diesel Lanes | Showers | ATM | CAT Scale | DEF Lanes | Public Laundry | Truck Parking Spaces,true
923,Flying J Licensed Location,Flying J,Flying J Licensed Location #923,2775 Old Hardin Rd,Billings,MT,59101,45.81294223502462,-108.41528326064378,I-90,455,"I-90, Exit 455",125,8,0,,,true,Diesel Lanes | Showers | Premium Wifi | ATM | CAT Scale | DEF Lanes | Drivers Lounge | Truck Parking Spaces,true
1006,Pilot Travel Center,Pilot,Pilot Travel Center #1006,2342 N Main St,Junction,TX,76849,30.505646584402083,-99.77643698518067,I-10,456,"I-10, Exit 456",44,8,7,,,true,Diesel Lanes | Showers | Prime Parking Spaces | Diesel Mobile Fueling | Premium Wifi | ATM | CAT Scale | Cylinder Propane | DEF Lanes | Game Room | Lottery | Pegasus | Public Laundry | Truck Parking Spaces | Electric Vehicle Charging Station | Southern Tire Mart at Pilot / Truck Care | Mobile Ordering,true
1033,Flying J Travel Center,Flying J,Flying J Travel Center #1033,3302 Garden City Hwy,Midland,TX,79706,31.9806242,-102.0337402,I-20,137B,"I-20, Exit 137B",137,9,9,,,true,Diesel Lanes | Showers | Prime Parking Spaces | Diesel Mobile Fueling | Premium Wifi | ATM | CAT Scale | Check Cashing | DEF Lanes | Drivers Lounge | Game Room | Lottery | Pegasus | Public Laundry | Truck Parking Spaces | Mobile Ordering,true
1054,Pilot Travel Center,Pilot,Pilot Travel Center #1054,10700 U.S. Hwy 183 N.,Buda,TX,78610,30.0347448,-97.6869554,,,Hwy 183 & Hwy 21,28,4,2,,,true,Diesel Lanes | Showers | Prime Parking Spaces | Diesel Mobile Fueling | Premium Wifi | ATM | CAT Scale | Cylinder Propane | DEF Lanes | Lottery | Pegasus | Truck Parking Spaces | Bridgestone Tire Monitoring | Mobile Ordering,true
1086,Flying J Travel Center,Flying J,Flying J Travel Center #1086,6255 IN-18,Marion,IN,46952,40.55436688312811,-85.55450341640427,I-69,264,"I-69/IN-18, Exit 264",80,8,7,,,true,Diesel Lanes | Showers | Prime Parking Spaces | Diesel Mobile Fueling | Premium Wifi | ATM | CAT Scale | Cylinder Propane | DEF Lanes | Drivers Lounge | Lottery | Pegasus | Public Laundry | Truck Parking Spaces | Mobile Ordering,true
4567,ONE9 Travel Center,ONE9,ONE9 Travel Center #4567,1155 S Anderson Rd,Rock Hill,SC,29730,34.91319420378422,-80.97954384629517,I-77,77,"I-77, Exit 77",30,8,4,,,true,Diesel Lanes | Showers | Prime Parking Spaces | Diesel Mobile Fueling | Premium Wifi | ATM | CAT Scale | Check Cashing | Cylinder Propane | DEF Lanes | Pegasus | Truck Parking Spaces | Mobile Ordering,true
4599,Pilot Travel Center,Pilot,Pilot Travel Center #4599,640 Dixie Lee Ave,Monteagle,TN,37356,35.23287234838486,-85.82578254469547,I-24,135,"I-24, Exit 135",79,8,7,,,true,Diesel Lanes | Showers | Prime Parking Spaces | Diesel Mobile Fueling | Premium Wifi | CAT Scale | Cylinder Propane | DEF Lanes | Pegasus | Truck Parking Spaces | Electric Vehicle Charging Station | Bridgestone Tire Monitoring | Southern Tire Mart at Pilot / Truck Care | Mobile Ordering,true
1014,Flying J Licensed Location,Flying J,Flying J Licensed Location #1014,73 MT-16,Glendive,MT,59330,47.11661345471493,-104.73656480754852,I-94,213,"I-94, Exit 213",200,8,0,,,true,Diesel Lanes | Showers | ATM | CAT Scale | DEF Lanes | Game Room | Lottery | Pegasus | Public Laundry,true
1203,Mr. Fuel Travel Center,Mr. Fuel Travel Center,Mr. Fuel Travel Center #1203,10580 Old Hwy 80 W,Meridian,MS,39307,32.34330003394725,-88.79821347876684,I-20,129,"I-20, Exit 129",96,12,8,,,true,Diesel Lanes | Showers | Diesel Mobile Fueling | ATM | CAT Scale | DEF Lanes | Public Laundry | Truck Parking Spaces | Mobile Ordering,true
1211,Pilot Travel Center,Pilot,Pilot Travel Center #1211,1103 S Main St,Andrews,TX,79714,32.307315792686104,-102.54191470407389,,,"US-385, SE Loop 1910",56,6,5,,,false,Diesel Lanes | Showers | Diesel Mobile Fueling | ATM | Check Cashing | DEF Lanes | Lottery | Public Laundry | Truck Parking Spaces | Mobile Ordering,true
1212,Pilot Travel Center,Pilot,Pilot Travel Center #1212,48286 Vicksburg Rd,Salome,AZ,85348,33.633721329113875,-113.76836530256524,I-10,45,"I-10, Exit 45",20,8,4,,,false,Diesel Lanes | Showers | Diesel Mobile Fueling | ATM | Bulk Propane | DEF Lanes | Truck Parking Spaces | Mobile Ordering,true
1215,One9 Travel Center,ONE9,One9 Travel Center #1215,48710 Vicksburg Rd,Salome,AZ,85348,33.627656363554415,-113.76779908173792,I-10,45,"I-10, Exit 45",0,9,6,,,false,Diesel Lanes | Showers | Diesel Mobile Fueling | DEF Lanes | Mobile Ordering,false
1235,Pilot Dealer,Pilot,Pilot Dealer #1235,9250 S Avenue 40 E,Tacna,AZ,85352,32.69052428133354,-113.95404036662799,I-8,42,"I-8, Exit 42",40,6,0,,,false,Diesel Lanes | Diesel Mobile Fueling | ATM | Bulk Propane | Cylinder Propane | DEF Lanes | Lottery | Truck Parking Spaces,true
934,Flying J Travel Center,Flying J,Flying J Travel Center #934,63276 OR-203,La Grande,OR,97850,45.29734952377309,-118.04397742666467,I-84,265,"I-84, Exit 265",50,7,3,,,true,Diesel Lanes | Showers | Diesel Mobile Fueling | Premium Wifi | ATM | CAT Scale | Check Cashing | DEF Lanes | Drivers Lounge | Game Room | Lottery | Public Laundry | Truck Parking Spaces | Southern Tire Mart at Pilot / Truck Care | Mobile Ordering,true
1145,Pilot Travel Center,Pilot,Pilot Travel Center #1145,11501 TX-191 E,Midland,TX,79706,31.967599424046014,-102.25234190810527,,,TX-191 & TX-349,40,7,5,,,true,Diesel Lanes | Showers | Prime Parking Spaces | Diesel Mobile Fueling | ATM | CAT Scale | Check Cashing | DEF Lanes | Public Laundry | Truck Parking Spaces | Mobile Ordering,true
1174,Pilot Travel Center,Pilot,Pilot Travel Center #1174,104 W Trefz Dr,Marshall,IL,62441,39.419042376,-87.695321274,I-70,147,"I-70, Exit 147",63,8,5,,,false,Electric Vehicle Charging Station | Southern Tire Mart at Pilot / Truck Care | Mobile Ordering,true
1181,Pilot Travel Center,Pilot,Pilot Travel Center #1181,1201 E IL-38,Rochelle,IL,61068,41.93554805391559,-89.01751491439755,I-39,99,"I-39, Exit 99",78,8,5,,,false,Diesel Lanes | Electric Vehicle Charging Station | Mobile Ordering,true
1177,Flying J Travel Center,Flying J,Flying J Travel Center #1177,14320 Slover Ave,Fontana,CA,92337,34.06359049744368,-117.49366586392784,I-10,61,"I-10, Exit 61",36,10,7,,,false,Diesel Lanes | Showers | Prime Parking Spaces | Diesel Mobile Fueling | DEF Lanes | Truck Parking Spaces | Bridgestone Tire Monitoring | Mobile Ordering,true
1195,Pilot Travel Center,Pilot,Pilot Travel Center #1195,1307 N Dolarway Rd,Ellensburg,WA,98926,47.005326580377414,-120.58690079169361,I-90,106,"I-90, Exit 106",48,8,5,,,false,Diesel Lanes | Showers | Prime Parking Spaces | Diesel Mobile Fueling | DEF Lanes | Truck Parking Spaces | Electric Vehicle Charging Station | Mobile Ordering,true
1216,Pride Travel Center,Pride Travel Center,Pride Travel Center #1216,5240 S Sunland Gin Rd,Eloy,AZ,85131,32.8118421145121,-111.67180282949982,I-10,200,"I-10, Exit 200",54,7,3,,,false,Diesel Lanes | Showers | Diesel Mobile Fueling | DEF Lanes | Mobile Ordering,true
1245,Mr. Fuel Travel Center,Mr. Fuel Travel Center,Mr. Fuel Travel Center #1245,4 Corvette Dr,Litchfield,IL,62056,39.17694110759193,-89.67442381225109,I-55,52,"I-55, Exit 52",40,4,2,,,true,Diesel Lanes | Diesel Mobile Fueling | ATM | CAT Scale | Check Cashing | Game Room | Pegasus | Mobile Ordering,true
8603,Pilot Dealer,Pilot,Pilot Dealer #8603,620 W Mill Road,Artesia,NM,88210,32.87196623187066,-104.40138348975755,,,US-285 and Co Rd 114,0,4,0,,,false,Diesel Lanes | Diesel Mobile Fueling,false
1009,Flying J Travel Center,Flying J,Flying J Travel Center #1009,11053 Riverside Dr,Mira Loma,CA,91752,34.01513200422592,-117.5254612290131,,42,"CA-60, Exit 42",107,12,11,,,false,Diesel Lanes | Showers | Prime Parking Spaces | Diesel Mobile Fueling | DEF Lanes | Drivers Lounge | Truck Parking Spaces | Bridgestone Tire Monitoring | Mobile Ordering,true
1234,Pilot Licensed Location,Pilot,Pilot Licensed Location #1234,12683 White Hills Rd,Willow Beach,AZ,86445,35.70004490524768,-114.4761264139242,,,HWY 93,25,5,0,,,false,Diesel Lanes | Diesel Mobile Fueling | ATM | Bulk Propane | Cylinder Propane | DEF Lanes | Lottery | Truck Parking Spaces,true
1244,ONE9 Dealer,ONE9,ONE9 Dealer #1244,942 E Pima St,Gila Bend,AZ,85337,32.94993318,-112.705484524,,,AZ-85,100,7,0,,,false,Diesel Lanes | Diesel Mobile Fueling | ATM | Bulk Propane | Cylinder Propane | DEF Lanes | Truck Parking Spaces,true
1225,Pilot Travel Center,Pilot,Pilot Travel Center #1225,9810 Perrin Rd,Mascoutah,IL,62258,38.555497,-89.805999,I-64,23,"I-64, Exit 23",29,6,4,,,false,Diesel Lanes | Diesel Mobile Fueling | Truck Parking Spaces | Electric Vehicle Charging Station | Mobile Ordering,true
1260,Pilot Dealer,Pilot,Pilot Dealer #1260,20404 Taft Hwy,Bakersfield,CA,93311,35.26766214721387,-119.22977059391785,I-5,244,"I-5, Exit 244",40,8,0,,,false,Diesel Lanes | Showers | Diesel Mobile Fueling | ATM | DEF Lanes | Lottery | Pegasus | Truck Parking Spaces,true
1247,Pilot Dealer,Pilot,Pilot Dealer #1247,1888 US-82,New Boston,TX,75570,33.46965939787216,-94.45360759474886,I-30,199,"I-30, Exit 199",48,5,0,,,false,Diesel Lanes | Showers | Diesel Mobile Fueling | ATM | DEF Lanes | Lottery | Truck Parking Spaces | Southern Tire Mart at Pilot / Truck Care,true
1227,Pilot Travel Center,Pilot,Pilot Travel Center #1227,164 FM 1927,Pyote,TX,79777,31.5279256,-103.1194983,I-20,66,"I-20, Exit 66",71,7,5,,,false,Diesel Lanes | Showers | Prime Parking Spaces | Diesel Mobile Fueling | DEF Lanes | Truck Parking Spaces | Mobile Ordering,true
1272,Pilot Dealer,Pilot,Pilot Dealer #1272,35858 Ghost Town Rd,Yermo,CA,92398,34.904088,-116.887267,I-15,191,"I-15, Exit 191",30,4,0,,,false,Diesel Lanes | Diesel Mobile Fueling | ATM | Check Cashing | Cylinder Propane | DEF Lanes | Lottery | Pegasus | Truck Parking Spaces,true
1269,Pilot Dealer,Pilot,Pilot Dealer #1269,2500 I-10 BL,San Simon,AZ,85632,32.27079302835089,-109.24418760862534,I-10,378,"I-10, Exit 378",35,4,0,,,false,Diesel Lanes | Diesel Mobile Fueling | ATM | Bulk Propane | Check Cashing | DEF Lanes | Lottery | Pegasus | Truck Parking Spaces,true
1226,EZ Trip Travel Center,EZ Trip Travel Center,EZ Trip Travel Center #1226,91558 Biggs Rufus Highway,Wasco,OR,97065,45.669722279032385,-120.83191954329776,I-84,,I-84 Exit 104,20,5,0,,,false,Diesel Lanes | Diesel Mobile Fueling | DEF Lanes | Truck Parking Spaces | Mobile Ordering,true
1262,Xpress Fuel Travel Center,Xpress Fuel Travel Center,Xpress Fuel Travel Center #1262,1590 FM1110,Clint,TX,79836,31.598011923114207,-106.19699704963048,I-10,42,"I-10, Exit 42",53,8,8,,,false,Diesel Lanes | Showers | Diesel Mobile Fueling | DEF Lanes | Truck Parking Spaces | Bridgestone Tire Monitoring | Mobile Ordering,true
1232,EZ Trip Travel Center,EZ Trip Travel Center,EZ Trip Travel Center #1232,33380 OR-34,Albany,OR,97322,44.55542205037545,-123.05758350370482,I-5,228,"I-5, Exit 228",30,5,3,,,false,Diesel Lanes | Diesel Mobile Fueling | Truck Parking Spaces | Mobile Ordering,true
1271,ONE9 Dealer,ONE9,ONE9 Dealer #1271,2084 S Marina Dr,Thermal,CA,92274,33.2788476,-115.9656157,,,CA-86,20,9,0,,,false,,true
1281,Pilot Licensed Location,Pilot,Pilot Licensed Location #1281,101 W Glen Dr,Page,AZ,86040,36.9954561,-111.5643671,,,US-89 & N Wahweap Dr,5,3,0,,,false,,true
1299,Pilot Dealer,Pilot,Pilot Dealer #1299,101 US-287,Henrietta,TX,76365,33.80041607924044,-98.19618926198342,,,US-287 & TX-148,26,5,0,,,false,Diesel Lanes | Showers | ATM | DEF Lanes,true
1284,Pilot Dealer,Pilot,Pilot Dealer #1284,1955 N Kings Hwy,Nash,TX,75569,33.45183387680015,-94.13164160062905,I-30,218,"I-30, Exit 218",25,5,0,,,false,Diesel Lanes | Showers | ATM | DEF Lanes,true
1275,EZ Trip Travel Center,EZ Trip Travel Center,EZ Trip Travel Center #1275,28577 Ave 12,Madera,CA,93637,36.9250033,-120.0263035,,151,"CA-99, Exit 151",28,12,7,,,false,Diesel Lanes | Showers | Wifi | ATM | Check Cashing | Cylinder Propane | Lottery | Truck Parking Spaces | Mobile Ordering,true
1277,EZ Trip Travel Center,EZ Trip Travel Center,EZ Trip Travel Center #1277,44779 S. Lassen Avenue,Huron,CA,93204,36.0749927,-120.1033417,I-5,319,"I-5, Exit 319",70,8,6,,,true,Diesel Lanes | Showers | Diesel Mobile Fueling | Wifi | ATM | CAT Scale | Check Cashing | Cylinder Propane | DEF Lanes | Lottery | Pegasus | Truck Parking Spaces | Mobile Ordering,true
1270,ONE9 Dealer,ONE9,ONE9 Dealer #1270,1851 State Hwy 77,Holbrook,AZ,86025,34.97401983726632,-110.09016005565996,I-40,292,"I-40, Exit 292",150,8,0,,,false,Diesel Lanes | Showers | Diesel Mobile Fueling | Check Cashing | Cylinder Propane | DEF Lanes | Drivers Lounge | Pegasus | Truck Parking Spaces,true
1282,ONE9 Dealer,ONE9,ONE9 Dealer #1282,1100 FM 148,Terrell,TX,75160,32.72312673912177,-96.31801575422287,I-20,498,"I-20, Exit 498",12,5,0,,,false,,true
1304,ONE9 Dealer,ONE9,ONE9 Dealer #1304,1000 NE Loop 820,Fort Worth,TX,76106,32.84180360427686,-97.34207265277863,I-820,15,"I-820, Exit 15",22,4,0,,,false,,true
1295,ONE9 Dealer,ONE9,ONE9 Dealer #1295,16243 US-271,Tyler,TX,75708,32.4407652,-95.1365288,I-20,571A,"I-20, Exit 571A",40,5,0,,,false,,true
1303,Pilot Dealer,Pilot,Pilot Dealer #1303,2320 W Oak St,Palestine,TX,75801,31.74382787761056,-95.6552992105545,,,TX-256 & US-79,50,4,0,,,false,Diesel Lanes | Showers | Diesel Mobile Fueling | ATM | Check Cashing | DEF Lanes | Lottery | Pegasus | Public Laundry | Truck Parking Spaces,true
1300,ONE9 Dealer,ONE9,ONE9 Dealer #1300,2200 W Lake Bardwell Dr,Ennis,TX,75119,32.301800913976784,-96.63835690129775,,,US-287 & TX-34,8,2,0,,,false,,true
1243,Pilot Travel Center,Pilot,Pilot Travel Center #1243,3006 S Butterfield Trl,Gila Bend,AZ,85337,32.92996888164204,-112.67279713196321,I-8,119,"I-8, Exit 119",70,8,7,,,true,Diesel Lanes | Showers | Prime Parking Spaces | Diesel Mobile Fueling | Premium Wifi | Wifi | ATM | CAT Scale | Check Cashing | Cylinder Propane | Lottery | Truck Parking Spaces | Bridgestone Tire Monitoring | Mobile Ordering,true
1297,Pilot Dealer,Pilot,Pilot Dealer #1297,101 L R Campbell Rd,Italy,TX,76651,32.19716984210153,-96.89998208465576,,386,"I-35E, Exit 386",62,7,0,,,false,Diesel Lanes | Showers | ATM | Lottery,true
1290,Pilot Dealer,Pilot,Pilot Dealer #1290,200 S I-35 Service Rd,Red Oak,TX,75154,32.51660134027422,-96.82091222817232,,410,"I-35E, Exit 410",51,5,0,,,false,Showers | Wifi | ATM | Check Cashing | Cylinder Propane | Lottery,true
1248,ONE9 Dealer,ONE9,ONE9 Dealer #1248,103 S I-45,Wilmer,TX,75172,32.59130492647632,-96.68043780489349,I-45,270,"I-45, Exit 270",21,6,0,,,false,,true
1258,Arco Travel Center,Arco Travel Center,Arco Travel Center #1258,185 N Riggles Ave,Quartzsite,AZ,85346,33.67009843547798,-114.19895895422326,I-10,19,"I-10, Exit 19",46,9,2,,,false,Diesel Lanes | Showers | Diesel Mobile Fueling | Wifi | ATM | Check Cashing | Cylinder Propane | DEF Lanes | Lottery | Public Laundry | Truck Parking Spaces | Mobile Ordering,true
1302,EZ Trip Travel Center,EZ Trip Travel Center,EZ Trip Travel Center #1302,29541 Stockdale Hwy,Bakersfield,CA,93314,35.35423704900311,-119.33124504047548,I-5,253,"I-5, Exit 253",0,7,0,,,false,Diesel Lanes | Diesel Mobile Fueling | Wifi | ATM | DEF Lanes | Pegasus | Mobile Ordering,false
1288,Pilot Dealer,Pilot,Pilot Dealer #1288,675 Western Kentucky Pkwy,Beaver Dam,KY,42320,37.37643325281121,-86.82700664374093,,Service Area,"Western Kentucky Pkwy, Exit Service Area",30,8,0,,,false,,true
1285,ONE9 Dealer,ONE9,ONE9 Dealer #1285,87125 I-20,Santo,TX,76472,32.6154694,-98.1085154,I-20,386,"I-20, Exit 386",13,4,0,,,false,,true
1264,Xpress Fuel Travel Center,Xpress Fuel Travel Center,Xpress Fuel Travel Center #1264,3105 N Toltec Rd,Eloy,AZ,85131,32.779546753867265,-111.61792355155943,I-10,203,"I-10, Exit 203",77,8,8,,,false,Mobile Ordering,true
1320,ONE9 Dealer,ONE9,ONE9 Dealer #1320,625 Ovilla Rd,Waxahachie,TX,75167,32.4285311,-96.8744294,,,US-287 & FM 664,10,3,0,,,false,,true
1293,ONE9 Dealer,ONE9,ONE9 Dealer #1293,801 E I-30,Garland,TX,75043,32.8548532,-96.56098,I-30,61A,"I-30, Exit 61A",0,4,0,,,false,Diesel Lanes | ATM | Check Cashing | DEF Lanes | Lottery | Pegasus | Truck Parking Spaces,false
1213,Pride Travel Center,Pride Travel Center,Pride Travel Center #1213,12551 S Mohave Center Blvd,Yucca,AZ,86438,34.86396432618587,-114.14406582341768,I-40,25,"I-40, Exit 25",86,8,7,,,true,Showers | Prime Parking Spaces | Diesel Mobile Fueling | Wifi | ATM | CAT Scale | Check Cashing | Lottery | Public Laundry | Mobile Ordering,true
1286,ONE9 Dealer,ONE9,ONE9 Dealer #1286,1530 W Main St,Salem,IL,62881,38.62551487669823,-88.96800696561967,I-57,116,"I-57, Exit 116",0,4,0,,,false,Diesel Mobile Fueling | ATM | Bulk Propane | Check Cashing | Lottery,false
1334,ONE9 Dealer,ONE9,ONE9 Dealer #1334,13965 I-35 S,Valley View,TX,76272,33.436654241618704,-97.16374906032715,I-35,483,"I-35, Exit 483",10,3,0,,,false,,true
1194,Pilot Licensed Location,Pilot,Pilot Licensed Location #1194,3444 S 40th St,Phoenix,AZ,85040,33.414853,-111.995815,I-10,152,"I-10, Exit 152",2,4,0,,,false,,true
1192,Pilot Licensed Location,Pilot,Pilot Licensed Location #1192,31120 US-60,Wittmann,AZ,85361,33.76534,-112.51389,,,US-60 & 211th Ave,0,3,0,,,false,,false
1179,Pilot Licensed Location,Pilot,Pilot Licensed Location #1179,330 N Mariposa Rd,Nogales,AZ,85621,31.33876549999999,-110.9668699,,,AZ-189,10,3,0,,,false,,true
1193,Pilot Licensed Location,Pilot,Pilot Licensed Location #1193,18183 US-93,Wikieup,AZ,85360,34.69954908217335,-113.61018452430939,,,US-93,40,4,0,,,false,,true
1343,EZ Trip Dealer,EZ Trip Dealer,EZ Trip Dealer #1343,787 Montague Rd,Yreka,CA,96097,41.7376105,-122.6237428,I-5,776,"I-5, Exit 776",84,7,0,,,false,,true
1338,ONE9 Dealer,ONE9,ONE9 Dealer #1338,13745 N I-35,Jarrell,TX,76537,30.83826830961093,-97.59921261764241,I-35,275,"I-35, Exit 275",40,6,0,,,false,,true
1344,ONE9 Dealer,ONE9,ONE9 Dealer #1344,1301 Markum Ranch Rd E,Fort Worth,TX,76126,32.69244822810395,-97.51800459755327,I-20,425,"I-20, Exit 425",20,6,0,,,false,Diesel Lanes | Diesel Mobile Fueling | ATM | Lottery | Truck Parking Spaces,true
1169,Flying J Travel Center,Flying J,Flying J Travel Center #1169,2725 93rd Ave SW,Olympia,WA,98512,46.952174638532995,-122.9407566841135,I-5,99,"I-5, Exit 99",74,8,7,,,true,Diesel Lanes | Showers | Prime Parking Spaces | Diesel Mobile Fueling | Wifi | ATM | Bulk Propane | CAT Scale | Check Cashing | Cylinder Propane | DEF Lanes | Lottery | Pegasus | Public Laundry | Truck Parking Spaces | Electric Vehicle Charging Station | Bridgestone Tire Monitoring | Mobile Ordering,true
1346,Pilot Dealer,Pilot,Pilot Dealer #1346,200 Manchester Ave,Newton,KS,67114,38.0447492,-97.3186004,I-135,31,"I-135, Exit 31",160,10,0,,,false,,true
1323,Pilot Travel Center,Pilot,Pilot Travel Center #1323,1307 SE Grand DD Hwy,Faucett,MO,64448,39.60081717781385,-94.7910566681331,I-29,35,"I-29, Exit 35",48,8,7,,,false,Diesel Lanes | Showers | Prime Parking Spaces | Diesel Mobile Fueling | Wifi | ATM | Check Cashing | Truck Parking Spaces | Southern Tire Mart at Pilot / Truck Care | Mobile Ordering,true
1339,ONE9 Dealer,ONE9,ONE9 Dealer #1339,2023 NY-104,Parish,NY,13131,43.4583243,-76.1155855,I-81,118,"I-81, Exit 118",100,4,0,,,false,Diesel Mobile Fueling,true
1341,ONE9 Dealer,ONE9,ONE9 Dealer #1341,1801 Pioneer Hwy E,Arlington,WA,98223,48.18815,-122.2061599,I-5,208,"I-5, Exit 208",10,4,0,,,false,Diesel Lanes | Diesel Mobile Fueling | Truck Parking Spaces,true
1318,ONE9 Dealer,ONE9,ONE9 Dealer #1318,325 E Evergreen St,Strafford,MO,65757,37.27350577506178,-93.11113652085997,I-44,88,"I-44, Exit 88",40,7,0,,,true,Diesel Lanes | Showers | Diesel Mobile Fueling | ATM | CAT Scale | Check Cashing | DEF Lanes | Lottery | Pegasus | Truck Parking Spaces,true
1292,Pilot Dealer,Pilot,Pilot Dealer #1292,2537 TX-21,Paige,TX,78659,30.213624940179425,-97.13963348353741,,,US-290 & TX-21,40,6,0,,,false,Diesel Lanes | Showers | Diesel Mobile Fueling | ATM | Check Cashing | DEF Lanes | Drivers Lounge | Pegasus | Truck Parking Spaces,true
1106,Pilot Travel Center,Pilot,Pilot Travel Center #1106,9220 Broadway Blvd SE,Albuquerque,NM,87105,34.96069998634164,-106.6598967116394,I-25,215,"I-25, Exit 215",69,7,5,,,false,Diesel Lanes | Showers | Diesel Mobile Fueling | Wifi | ATM | Truck Parking Spaces | Bridgestone Tire Monitoring | Mobile Ordering,true
1317,Pilot Travel Center,Pilot,Pilot Travel Center #1317,164 Riverside Dr,Fultonville,NY,12072,42.946225182140935,-74.35640923896823,I-90,28,"I-90, Exit 28",55,8,7,,,false,Diesel Lanes | Showers | Diesel Mobile Fueling | Wifi | ATM | Truck Parking Spaces | Mobile Ordering,true
1319,Pilot Dealer,Pilot,Pilot Dealer #1319,3313 S Burleson Blvd,Alvarado,TX,76009,32.463908055189876,-97.26449210839203,I-35,,I-35 Exit 30,58,7,0,,,false,Diesel Lanes | Diesel Mobile Fueling,true
1267,Pilot Travel Center,Pilot,Pilot Travel Center #1267,5231 Pearblossom Hwy,Palmdale,CA,93552,34.543445534073825,-118.03599745575028,,,CA-138 & Pearblossom Hwy,55,7,5,,,true,Diesel Lanes | Showers | Prime Parking Spaces | Diesel Mobile Fueling | Wifi | ATM | CAT Scale | Check Cashing | DEF Lanes | Lottery | Pegasus | Public Laundry | Truck Parking Spaces | Mobile Ordering,true
1315,Pilot Licensed Location,Pilot,Pilot Licensed Location #1315,2601 US-130,Cinnaminson,NJ,08077,40.00695898554763,-74.97471429722918,,,US-130 & Union Landing Rd,66,6,4,,,false,Diesel Lanes | Truck Parking Spaces,true
1361,ONE9 Dealer,ONE9,ONE9 Dealer #1361,14749 Thornton Rd,Lodi,CA,95242,38.114120039603634,-121.39405689433369,I-5,485,"I-5, Exit 485",30,6,0,,,true,Diesel Lanes | Diesel Mobile Fueling | Wifi | ATM | CAT Scale | DEF Lanes | Pegasus | Truck Parking Spaces,true
1347,Pilot Dealer,Pilot,Pilot Dealer #1347,65583 Pump Slough Rd,Pearl River,LA,70452,30.37549245517949,-89.74023847352106,I-59,5A,"I-59, Exit 5A",103,7,0,,,true,Diesel Lanes | Diesel Mobile Fueling | ATM | CAT Scale | Check Cashing | Lottery | Pegasus,true
1289,Pilot Dealer,Pilot,Pilot Dealer #1289,4300 TX-91,Denison,TX,75020,33.793467035603186,-96.55477168734558,,72,"US-75, Exit 72",51,5,0,,,true,Diesel Lanes | Showers | Diesel Mobile Fueling | Wifi | CAT Scale | Check Cashing | Lottery | Pegasus | Public Laundry | Truck Parking Spaces,true
1328,Pilot Travel Center,Pilot,Pilot Travel Center #1328,2325 Sierra Lakes Pkwy,Rialto,CA,92377,34.13775098776255,-117.41972522080961,,68,"CA-210, Exit 68",91,8,7,,,true,Diesel Lanes | Showers | Prime Parking Spaces | Diesel Mobile Fueling | Premium Wifi | Wifi | ATM | CAT Scale | Check Cashing | DEF Lanes | Drivers Lounge | Lottery | Pegasus | Public Laundry | Truck Parking Spaces | Mobile Ordering,true
1384,Pilot Dealer,Pilot,Pilot Dealer #1384,90480 66th Ave,Mecca,CA,92254,33.570227302201324,-116.0903453406246,,,CA-86 & 66th Ave,20,8,0,,,true,Diesel Lanes | Showers | Diesel Mobile Fueling | ATM | CAT Scale | Check Cashing | DEF Lanes | Lottery | Pegasus | Truck Parking Spaces,true
1385,Pilot Dealer,Pilot,Pilot Dealer #1385,10951 Cedar Ave,Bloomington,CA,92316,34.05533502317105,-117.39552785681742,I-10,66,"I-10, Exit 66",20,8,0,,,false,Diesel Lanes | Diesel Mobile Fueling | ATM | Check Cashing | DEF Lanes | Lottery | Pegasus | Truck Parking Spaces,true
1383,Pilot Dealer,Pilot,Pilot Dealer #1383,5750 Commerce Sq,Jonesboro,AR,72401,35.805202071721986,-90.62508793544738,I-555,39,"I-555, Exit 39",25,5,0,,,false,Diesel Lanes | Showers | Diesel Mobile Fueling | Wifi | ATM | DEF Lanes | Lottery | Pegasus | Truck Parking Spaces,true
1349,Xpress Fuel Travel Center,Xpress Fuel Travel Center,Xpress Fuel Travel Center #1349,900 Frontage Rd,Van Horn,TX,79855,31.039088635332803,-104.81544557080248,I-10,140B,"I-10, Exit 140B",50,7,4,,,false,Diesel Lanes | Diesel Mobile Fueling | ATM | DEF Lanes | Lottery | Pegasus | Truck Parking Spaces | Electric Vehicle Charging Station | Mobile Ordering,true
1362,ONE9 Dealer,ONE9,ONE9 Dealer #1362,2201 N Park Dr,Winslow,AZ,86047,35.04306806223185,-110.69934999336411,I-40,253,"I-40, Exit 253",120,8,0,,,false,Diesel Lanes | Showers | Diesel Mobile Fueling | DEF Lanes,true
1326,Pilot Travel Center,Pilot,Pilot Travel Center #1326,2300 E Steel Rd,Colton,CA,92324,34.062357318491614,-117.28874150905894,I-10,73A East or 72 West,"I-10, Exit 73A East or 72 West",50,6,0,,,false,Diesel Lanes | Prime Parking Spaces | Diesel Mobile Fueling | Check Cashing | Cylinder Propane | DEF Lanes | Public Laundry | Truck Parking Spaces | Mobile Ordering,true
1354,Pilot Travel Center,Pilot,Pilot Travel Center #1354,6001 US-385,Odessa,TX,79766,31.780062723758853,-102.36863673067111,,,US-385 & TX-338,31,6,4,,,false,Diesel Lanes | Showers | Prime Parking Spaces | Diesel Mobile Fueling | ATM | Pegasus | Public Laundry | Truck Parking Spaces | Electric Vehicle Charging Station | Mobile Ordering,true
1395,ONE9 Dealer,ONE9,ONE9 Dealer #1395,22535 S Las Vegas Blvd,Jean,NV,89019,35.77979502890963,-115.32468313892348,I-15,12,"I-15, Exit 12",0,7,0,,,false,Diesel Lanes | Diesel Mobile Fueling | ATM | Check Cashing | Cylinder Propane | Game Room | Pegasus,false
484,ONE9 Travel Center,ONE9,ONE9 Travel Center #484,43 W Park Ave,Ash Fork,AZ,86320,35.222338,-112.478669,I-40,146,"I-40, Exit 146",40,7,4,,,false,Electric Vehicle Charging Station | Mobile Ordering,true
1358,ONE9 Travel Center,ONE9,ONE9 Travel Center #1358,3303 W Historic Hwy 66,Gallup,NM,87301,35.50590819635636,-108.82681016700363,I-40,16,"I-40, Exit 16",63,7,4,,,false,Mobile Ordering,true
1401,ONE9 Dealer,ONE9,ONE9 Dealer #1401,14170 US-441,Lake City,FL,32024,29.995820045267745,-82.59841576994059,I-75,414,"I-75, Exit 414",12,5,0,,,false,Diesel Lanes | Diesel Mobile Fueling | Wifi | ATM | Check Cashing | Cylinder Propane | DEF Lanes | Lottery | Pegasus | Truck Parking Spaces,true
1379,ONE9 Dealer,ONE9,ONE9 Dealer #1379,3004 I-30,Greenville,TX,75402,33.1340515,-96.0545726,I-30,97,"I-30, Exit 97",80,7,0,,,false,Diesel Lanes | Showers | Diesel Mobile Fueling | ATM | Check Cashing | DEF Lanes | Drivers Lounge | Lottery | Pegasus | Truck Parking Spaces,true
1402,ONE9 Dealer,ONE9,ONE9 Dealer #1402,2091 FL-71,Marianna,FL,32448,30.71693456070478,-85.18617136326903,I-10,142,"I-10, Exit 142",0,4,0,,,false,Diesel Lanes | Diesel Mobile Fueling | ATM | Check Cashing | DEF Lanes | Lottery | Pegasus | Truck Parking Spaces,false
1403,ONE9 Dealer,ONE9,ONE9 Dealer #1403,6723 US-129,Jasper,FL,32052,30.4461191431738,-82.93426457053313,I-75,451,"I-75, Exit 451",10,4,0,,,false,Diesel Lanes | Diesel Mobile Fueling | Wifi | ATM | Bulk Propane | Check Cashing | Cylinder Propane | Lottery | Pegasus | Truck Parking Spaces,true
1359,ONE9 Travel Center,ONE9,ONE9 Travel Center #1359,400 USA Parkway (Hwy 439),Sparks,NV,89437,39.559014533092466,-119.4898624297425,I-80,32,"I-80, Exit 32",40,7,0,,,false,Game Room | Mobile Ordering,true
1251,ONE9 Travel Center,ONE9,ONE9 Travel Center #1251,399 McCormick St,Wamsutter,WY,82336,41.674144,-107.978979,I-80,173,"I-80, Exit 173",58,8,4,,,false,Electric Vehicle Charging Station | Mobile Ordering,true
1393,ONE9 Dealer,ONE9,ONE9 Dealer #1393,904 W Barbours Cut Blvd,La Porte,TX,77571,29.673774,-95.0286691,,,,55,7,0,,,true,Diesel Lanes | Showers | Diesel Mobile Fueling | ATM | CAT Scale | Check Cashing | DEF Lanes | Lottery | Pegasus | Truck Parking Spaces,true
1372,Flying J Travel Center,Flying J,Flying J Travel Center #1372,10835 S Double R Dr,Yucca,AZ,86438,34.91403046436292,-114.15550017569021,I-40,28,"I-40, Exit 28",141,10,9,,,false,Electric Vehicle Charging Station | Mobile Ordering,true
1056,Flying J Travel Center,Flying J,Flying J Travel Center #1056,14896 OH-49,Edon,OH,43518,41.633628429360535,-84.76529981286129,I-90,OH-49,"I-90, Exit OH-49",143,9,9,,,true,Diesel Lanes | Showers | Prime Parking Spaces | Diesel Mobile Fueling | ATM | CAT Scale | Check Cashing | DEF Lanes | Drivers Lounge | Lottery | Pegasus | Public Laundry | Truck Parking Spaces | Electric Vehicle Charging Station | Mobile Ordering,true
1208,Pilot Travel Center,Pilot,Pilot Travel Center #1208,3075 Gila Ridge Rd,Yuma,AZ,85365,32.685999491151826,-114.5792705512746,I-8,3,"I-8, Exit 3",88,8,9,,,false,Electric Vehicle Charging Station | Mobile Ordering,true
1380,Pilot Dealer,Pilot,Pilot Dealer #1380,8001 E Expressway 83,Mercedes,TX,78570,26.16026181491087,-97.8772471110557,,,,60,5,0,,,true,Diesel Lanes | Showers | Diesel Mobile Fueling | ATM | CAT Scale | Check Cashing | DEF Lanes | Lottery | Pegasus | Public Laundry | Truck Parking Spaces,true
1411,ONE9 Dealer,ONE9,ONE9 Dealer #1411,1275 E Business Loop,Bowie,AZ,85605,32.319016904595756,-109.45230432869778,I-10,366,"I-10, Exit 366",50,4,0,,,false,Diesel Lanes,true
1360,Pilot Dealer,Pilot,Pilot Dealer #1360,297 Treeland Dr,Mayfield,KY,42066,36.76588074408191,-88.64202568883982,I-69,25,"I-69, Exit 25",23,6,0,,,false,Diesel Lanes | Diesel Mobile Fueling,true
1291,ONE9 Dealer,ONE9,ONE9 Dealer #1291,2606 FM 174,Bowie,TX,76230,33.57565393796246,-97.89710323725156,,,US-287 & FM174,23,4,0,,,false,,true
1413,ONE9 Dealer,ONE9,ONE9 Dealer #1413,5150 State Park Rd,Dublin,VA,24084,37.086292070578594,-80.64982793684005,I-81,101,"I-81, Exit 101",75,12,0,,,false,,true
1414,ONE9 Dealer,ONE9,ONE9 Dealer #1414,5151 N Fork Rd,Elliston,VA,24087,37.232816409131146,-80.23973724713414,I-81,128,"I-81, Exit 128",50,6,0,,,false,Diesel Lanes | Showers | Diesel Mobile Fueling,true
1415,ONE9 Dealer,ONE9,ONE9 Dealer #1415,293 County Rd 470,Lake Panasoffkee,FL,33538,28.753679634554356,-82.09900276160978,I-75,321,"I-75, Exit 321",21,6,0,,,false,,true
1416,ONE9 Dealer,ONE9,ONE9 Dealer #1416,4880 Mountain Creek Pkwy,Dallas,TX,75236,32.67244796951816,-96.96822497056961,I-20,458,"I-20, Exit 458",12,3,0,,,false,,true
1412,Pilot Dealer,Pilot,Pilot Dealer #1412,16452 W Russell Rd,Zion,IL,60083,42.48790053472149,-87.95103862077652,I-94,1 / I-41 1A,"I-94, Exit 1 / I-41 1A",80,6,0,,,false,,true
1429,ONE9 Dealer,ONE9,ONE9 Dealer #1429,2001 Hwy 30 W,Fruitland,ID,83619,43.973959085762075,-116.9128283504463,,,,42,6,0,,,false,,true
1432,ONE9 Dealer,ONE9,ONE9 Dealer #1432,2129 Barr Pl,Brighton,CO,80603,39.95612928283018,-104.76904761201322,I-76,21,"I-76, Exit 21",0,8,0,,,false,,false
1424,ONE9 Dealer,ONE9,ONE9 Dealer #1424,7051 McCracken Rd,Westley,CA,95387,37.544293440341846,-121.27049127392522,I-5,441,"I-5, Exit 441",80,6,0,,,false,,true
1365,ONE9 Dealer,ONE9,ONE9 Dealer #1365,5495 Co Rd 388,Cusseta,AL,36852,32.74473838618367,-85.27912307767909,I-85,70,"I-85, Exit 70",60,4,0,,,true,Diesel Lanes | Showers | Diesel Mobile Fueling | ATM | CAT Scale | Check Cashing | DEF Lanes | Drivers Lounge | Lottery | Public Laundry | Truck Parking Spaces,true
7996,Pilot Dealer,Pilot,Pilot Dealer #7996,2700 Chamber Dr,Monroe,NC,28110,35.051223176713535,-80.61890950342502,,,US-74 & Chamber Dr,50,8,0,,,false,Diesel Lanes | Showers | Wifi | ATM | DEF Lanes | Lottery | Pegasus,true
1399,Pilot Dealer,Pilot,Pilot Dealer #1399,15112 West Camelback Road,Litchfield Park,AZ,85340,33.509186212220335,-112.38513132945616,,,Hwy 303 & Camelback Road,18,5,0,,,true,Diesel Lanes | Diesel Mobile Fueling | ATM | Bulk Propane | CAT Scale | Check Cashing | DEF Lanes | Lottery | Pegasus | Truck Parking Spaces,true
1287,Pilot Dealer,Pilot,Pilot Dealer #1287,133 FM 314,Van,TX,75790,32.50451696529046,-95.64247510185241,I-20,540,"I-20, Exit 540",106,10,0,,,false,,true
1419,ONE9 Dealer,ONE9,ONE9 Dealer #1419,20204 I-35,Lytle,TX,78052,29.22039904923907,-98.79481529413793,I-35,131,"I-35, Exit 131",67,6,0,,,false,Diesel Lanes | Showers | Diesel Mobile Fueling | DEF Lanes | Truck Parking Spaces,true
1381,Pilot Dealer,Pilot,Pilot Dealer #1381,1656 S Market St,Hearne,TX,77859,30.863026345219208,-96.58208007507358,,,US-190,46,7,0,,,false,Diesel Lanes | Showers | Diesel Mobile Fueling | ATM | DEF Lanes | Lottery | Pegasus | Truck Parking Spaces,true
1417,ONE9 Dealer,ONE9,ONE9 Dealer #1417,12016 I-35,Lorena,TX,76655,31.3951335,-97.2069101,I-35,323,"I-35, Exit 323",20,6,0,,,false,Diesel Lanes | Showers | Diesel Mobile Fueling | Wifi | ATM | Cylinder Propane | DEF Lanes | Drivers Lounge | Lottery | Pegasus | Public Laundry | Truck Parking Spaces,true
1283,Pilot Dealer,Pilot,Pilot Dealer #1283,4750 I-45 S,Corsicana,TX,75110,32.040705320157464,-96.44792369173126,I-45,,I-45 & TX-31,0,8,0,,,true,Diesel Lanes | Showers | Prime Parking Spaces | Diesel Mobile Fueling | ATM | CAT Scale | Check Cashing | Cylinder Propane | DEF Lanes | Game Room | Lottery | Pegasus | Public Laundry | Truck Parking Spaces,false
1390,Pilot Travel Center,Pilot,Pilot Travel Center #1390,130 Interstate Exchange Way,Ellabell,GA,31308,32.18222432575096,-81.45693547703247,I-16,143,"I-16, Exit 143",72,8,11,,,false,Electric Vehicle Charging Station | Mobile Ordering,true
136,One9 Travel Center,ONE9,One9 Travel Center #136,3022 S 1st St,Tucumcari,NM,88401,35.14967816989508,-103.7241872906685,I-40,332,"I-40, Exit 332",29,7,4,,,false,Diesel Lanes | Showers | Diesel Mobile Fueling | Premium Wifi | Wifi | ATM | Check Cashing | Cylinder Propane | DEF Lanes | Pegasus | Public Laundry | Truck Parking Spaces | Mobile Ordering,true
1370,Pilot Travel Center,Pilot,Pilot Travel Center #1370,14070 Mines Rd,Laredo,TX,78045,27.620348976512386,-99.52463603439331,,,,53,10,9,,,true,Diesel Lanes | Showers | Prime Parking Spaces | Diesel Mobile Fueling | Premium Wifi | Wifi | ATM | CAT Scale | Check Cashing | Cylinder Propane | DEF Lanes | Drivers Lounge | Lottery | Pegasus | Public Laundry | Truck Parking Spaces | Mobile Ordering,true
1433,Pilot Dealer,Pilot,Pilot Dealer #1433,17405 S 40th St,Phoenix,AZ,85048,33.28876465878624,-111.99658385483873,,56,"TX-202, Exit 56",10,4,0,,,false,Diesel Lanes | Showers | Diesel Mobile Fueling | Wifi | ATM | Bulk Propane | Cylinder Propane | DEF Lanes | Lottery | Pegasus | Public Laundry | Truck Parking Spaces,true
1440,Pilot Dealer,Pilot,Pilot Dealer #1440,115 US-167,Bald Knob,AR,72010,35.321672970909596,-91.56232428217432,,55,"US-67, Exit 55",80,6,0,,,true,Diesel Lanes | Showers | Diesel Mobile Fueling | ATM | CAT Scale | Check Cashing | Cylinder Propane | DEF Lanes | Public Laundry | Truck Parking Spaces,true
1463,ONE9 Dealer,ONE9,ONE9 Dealer #1463,18889 S Frontage Rd,Welsh,LA,70591,30.244014223046314,-92.92774374042487,I-10,48,"I-10, Exit 48",60,5,0,,,false,Diesel Lanes | Showers | Diesel Mobile Fueling | Wifi | ATM | Bulk Propane | DEF Lanes | Lottery | Pegasus | Public Laundry | Truck Parking Spaces,true
1436,Pilot Travel Center,Pilot,Pilot Travel Center #1436,3680 AL-81,Tuskegee,AL,36083,32.4715685,-85.6903832,I-85,38,"I-85, Exit 38",93,7,7,,,true,Diesel Lanes | Prime Parking Spaces | Diesel Mobile Fueling | ATM | CAT Scale | Pegasus | Public Laundry | Electric Vehicle Charging Station | Mobile Ordering,true
1439,Pilot Travel Center,Pilot,Pilot Travel Center #1439,420 N Lobdell Hwy,Port Allen,LA,70767,30.454249269882123,-91.24652667055226,I-10,151,"I-10, Exit 151",50,6,5,,,false,Mobile Ordering,true
1336,Pilot Dealer,Pilot,Pilot Dealer #1336,802 Ave G,Kentwood,LA,70444,30.936167086615757,-90.52201866047389,I-55,61,"I-55, Exit 61",94,7,0,,,true,Diesel Lanes | Showers | Diesel Mobile Fueling | Wifi | ATM | CAT Scale | Check Cashing | DEF Lanes | Drivers Lounge | Lottery | Pegasus | Public Laundry | Truck Parking Spaces,true
1490,Pilot Travel Center,Pilot,Pilot Travel Center #1490,7530 TN-222,Mason,TN,38049,35.38851435538351,-89.41083766403199,I-40,42,"I-40, Exit 42",83,11,11,,,true,Diesel Lanes | Showers | Prime Parking Spaces | Diesel Mobile Fueling | ATM | CAT Scale | Check Cashing | Drivers Lounge | Lottery | Pegasus | Public Laundry | Truck Parking Spaces | Mobile Ordering,true
1452,Pilot Travel Center,Pilot,Pilot Travel Center #1452,159 Michael Spann Dr,Winfield,AL,35594,33.992100937190386,-87.77821140975952,I-22,30,"I-22, Exit 30",77,8,9,,,true,Diesel Lanes | Showers | Prime Parking Spaces | Diesel Mobile Fueling | ATM | CAT Scale | Check Cashing | DEF Lanes | Drivers Lounge | Pegasus | Public Laundry | Truck Parking Spaces | Southern Tire Mart at Pilot / Truck Care | Mobile Ordering,true
1470,Pilot Dealer,Pilot,Pilot Dealer #1470,2360 US-59,Carthage,TX,75633,32.14755571601289,-94.32588784234524,,,US-59 SW Loop & Klondike St,49,5,0,,,false,Diesel Lanes | Showers | Diesel Mobile Fueling | ATM | Check Cashing | DEF Lanes | Game Room | Lottery | Pegasus | Truck Parking Spaces,true
1428,ONE9 Dealer,ONE9,ONE9 Dealer #1428,122 W Simplot Blvd,Caldwell,ID,83605,43.670313127254886,-116.69924988699886,,,I-84BL & W Simplot Blvd,12,6,0,,,true,Diesel Lanes | Diesel Mobile Fueling | ATM | Bulk Propane | CAT Scale | Cylinder Propane | DEF Lanes | Lottery | Pegasus | Truck Parking Spaces,true
1434,ONE9 Dealer,ONE9,ONE9 Dealer #1434,14416 Slover Ave,Fontana,CA,92337,34.063147895525574,-117.49131085868837,I-10,48,"I-10, Exit 48",183,7,0,,,false,Diesel Lanes | Showers | Diesel Mobile Fueling | ATM | DEF Lanes | IdleAir | Pegasus | Public Laundry | Truck Parking Spaces | Truck Wash,true
1447,ONE9 Dealer,ONE9,ONE9 Dealer #1447,550 Wake Ave,El Centro,CA,92243,32.771732600258886,-115.55497775930186,I-8,115,"I-8, Exit 115",120,6,0,,,false,,true
1458,Pilot Dealer,Pilot,Pilot Dealer #1458,23261 Cajalco Expressway,Perris,CA,92570,33.84032187699722,-117.25539763748645,I-215,,"I-215, Cajalco Expressway",36,9,0,,,true,Diesel Lanes | Diesel Mobile Fueling | Wifi | ATM | CAT Scale | Check Cashing | Cylinder Propane | DEF Lanes | Lottery | Pegasus | Truck Parking Spaces,true
1459,ONE9 Dealer,ONE9,ONE9 Dealer #1459,6162 US-51,DeForest,WI,53532,43.18325110470052,-89.32250547393217,I-90,132,"I-90, Exit 132",100,6,0,,,false,Diesel Lanes | Diesel Mobile Fueling,true
1460,Pilot Dealer,Pilot,Pilot Dealer #1460,1 Cieten Plaza,Barry,IL,62312,39.702068017336266,-91.03805095812758,I-72,20,"I-72, Exit 20",35,5,0,,,false,,true
1461,Pilot Dealer,Pilot,Pilot Dealer #1461,905 Sauk Trail Rd,Cedar Grove,WI,53013,43.57237092947087,-87.7994622736454,I-43,113,"I-43, Exit 113",20,6,0,,,false,,true
1462,ONE9 Dealer,ONE9,ONE9 Dealer #1462,5000 I-10 W,Orange,TX,77632,30.117584944575682,-93.79552091033483,I-10,874,"I-10, Exit 874",120,9,0,,,false,Diesel Lanes | Showers | Diesel Mobile Fueling | ATM | Check Cashing | DEF Lanes | Drivers Lounge | Lottery | Pegasus | Public Laundry | Truck Parking Spaces,true
1467,Pilot Dealer,Pilot,Pilot Dealer #1467,1445 E Sauk Trail,Chicago Heights,IL,60487,41.48818406271673,-87.57934957332297,,,Hwy 394 & Sauk Trail,73,6,0,,,true,Diesel Lanes | Showers | Diesel Mobile Fueling | Wifi | ATM | Bulk Propane | CAT Scale | DEF Lanes | Game Room | Lottery | Pegasus | Truck Parking Spaces,true
1471,ONE9 Dealer,ONE9,ONE9 Dealer #1471,510 S Bolingbrook Dr,Bolingbrook,IL,60440,41.682418414075926,-88.0665912828207,I-55,267,"I-55, Exit 267",200,10,0,,,false,,true
1382,Pilot Travel Center,Pilot,Pilot Travel Center #1382,7044 County Rd 49,Hudson,CO,80642,40.1043,-104.603,I-76,34,"I-76, Exit 34",117,8,9,,,false,Electric Vehicle Charging Station | Mobile Ordering,true
1312,Xpress Fuel Travel Center,Xpress Fuel Travel Center,Xpress Fuel Travel Center #1312,581 Vinton Rd,Vinton,TX,79821,31.9582,-106.586,I-10,2,"I-10, Exit 2",35,8,4,,,false,Diesel Lanes | Showers | ATM | Check Cashing | Pegasus | Truck Parking Spaces | Mobile Ordering,true
1473,ONE9 Dealer,ONE9,ONE9 Dealer #1473,8075 S Access Rd W,Clyde,TX,79510,32.41741469434175,-99.5271523975706,I-20,299,"I-20, Exit 299",30,7,0,,,false,Diesel Lanes | Showers | Diesel Mobile Fueling | ATM | DEF Lanes | Lottery | Pegasus | Truck Parking Spaces | Truck Wash,true
1396,ONE9 Dealer,ONE9,ONE9 Dealer #1396,21251 US-322,Strattanville,PA,16258,41.18399509723943,-79.246270612944,I-80,70,"I-80, Exit 70",116,8,0,,,false,Diesel Lanes,true
1450,Pilot Travel Center,Pilot,Pilot Travel Center #1450,4392 El Indio Hwy,Eagle Pass,TX,78852,28.6696,-100.455,,,TX-480 Loop & FM 1021,85,8,9,,,false,,true
1477,ONE9 Dealer,ONE9,ONE9 Dealer #1477,900 Lewis Ranch Road,Moapa,NV,89025,36.664053,-114.560722,I-15,91,"I-15, Exit 91",15,5,0,,,false,Diesel Lanes | Diesel Mobile Fueling | ATM | DEF Lanes | Game Room | Pegasus | Truck Parking Spaces,true
1335,ONE9 Dealer,ONE9,ONE9 Dealer #1335,110 U.S. 67,Venus,TX,76084,32.43665,-97.10582,,,US-67 & FM 157,6,4,0,,,false,,true
1418,ONE9 Dealer,ONE9,ONE9 Dealer #1418,1120 FM 775,Seguin,TX,78155,29.5390524,-98.0728941,I-10,601,"I-10, Exit 601",52,6,0,,,false,,true
1422,ONE9 Dealer,ONE9,ONE9 Dealer #1422,820 Central Ave,Moriarty,NM,87035,35.003907569789874,-106.02891324293562,I-40,197,"I-40, Exit 197",85,5,0,,,false,,true
1426,ONE9 Dealer,ONE9,ONE9 Dealer #1426,612 Northside Blvd,Nampa,ID,83687,43.598673067871815,-116.57232919853695,,,,61,4,0,,,false,,true
1478,Pilot Dealer,Pilot,Pilot Dealer #1478,3011 Lawe St,Kaukauna,WI,54130,44.307740040629255,-88.25068111191823,I-41,150,"I-41, Exit 150",50,5,0,,,false,,true
1446,Pilot Travel Center,Pilot,Pilot Travel Center #1446,2923 Hwy 81,Ponce de Leon,FL,32455,30.716138014060412,-85.93498925893314,I-10,96,"I-10, Exit 96",87,8,9,,,false,Diesel Lanes | Showers | Electric Vehicle Charging Station,true
1476,Pilot Dealer,Pilot,Pilot Dealer #1476,1890 Crystal Pkwy,Belvidere,IL,61008,42.2353046,-88.818726,I-90,,I-90 & Genoa Rd.,63,5,0,,,false,,true
1481,ONE9 Dealer,ONE9,ONE9 Dealer #1481,3934 US-231,Ozark,AL,36360,31.424771661480836,-85.6180382381209,,,US-Hwy 231,60,8,0,,,false,,true
1482,ONE9 Dealer,ONE9,ONE9 Dealer #1482,1420 Main St S,Sauk Centre,MN,56378,45.71728296134687,-94.95518002140335,I-94,127,"I-94, Exit 127",180,14,0,,,false,,true
1480,ONE9 Dealer,ONE9,ONE9 Dealer #1480,30 W 800 North,Parowan,UT,84761,37.855965524577165,-112.82912707828058,I-15,78,"I-15, Exit 78",15,5,0,,,false,,true
1488,ONE9 Dealer,ONE9,ONE9 Dealer #1488,720 E Cheyenne Ave,North Las Vegas,NV,89030,36.218321579992505,-115.13108505642745,I-15,46/Morton Site,"I-15, Exit 46/Morton Site",10,5,0,,,false,,true
1327,Pilot Travel Center,Pilot,Pilot Travel Center #1327,357 Burnett Rd,Chicopee,MA,01020,42.1651464,-72.5451751,I-90,51 to I-291,"I-90, Exit 51 to I-291",25,7,6,,,false,Electric Vehicle Charging Station,true
1483,Pilot Dealer,Pilot,Pilot Dealer #1483,2209 E Court St,Kankakee,IL,60901,41.11991684808617,-87.83376071435436,,,,100,5,0,,,true,Showers | Diesel Mobile Fueling | Wifi | ATM | CAT Scale | Cylinder Propane | Drivers Lounge | Game Room | Lottery,true
1479,ONE9 Dealer,ONE9,ONE9 Dealer #1479,1155 N Cedar Mountain Rd,Fillmore,UT,84631,38.99429542389143,-112.32444707908115,I-15,167,"I-15, Exit 167",30,9,0,,,false,,true
1492,ONE9 Dealer,ONE9,ONE9 Dealer #1492,10150 Clark R. Petersen Blvd,Nellis AFB,NV,89191,36.309060630194494,-114.95145903745804,I-15,58,"I-15, Exit 58",30,3,0,,,false,,true
1501,ONE9 Dealer,ONE9,ONE9 Dealer #1501,3555 W Winnemucca Blvd,Winnemucca,NV,89445,40.95166,-117.75938,I-80,176,"I-80, Exit 176",36,6,0,,,false,,true
1503,ONE9 Dealer,ONE9,ONE9 Dealer #1503,2055 S State St,Salina,UT,84654,38.930028972016295,-111.85378200148583,I-70,56,"I-70, Exit 56",67,3,0,,,false,,true
1504,ONE9 Dealer,ONE9,ONE9 Dealer #1504,670 U.S. 95,Searchlight,NV,89046,35.460961744417084,-114.91834359753915,,,Hwy 95,50,3,0,,,false,,true
1497,Pilot Dealer,Pilot,Pilot Dealer #1497,1910 W Reynolds St,Pontiac,IL,61764,40.87284572851308,-88.66571975491084,I-55,197,"I-55, Exit 197",11,3,0,,,false,,true
1489,ONE9 Dealer,ONE9,ONE9 Dealer #1489,1310 W Spruce St,Deming,NM,88030,32.26590355340174,-107.77442923630605,I-10,81,"I-10, Exit 81",50,4,0,,,false,,true
1495,Pilot Dealer,Pilot,Pilot Dealer #1495,14640 S Cicero Ave,Midlothian,IL,60445,41.62597444228993,-87.73812511441628,I-294,12A,"I-294, Exit 12A",12,3,0,,,false,,true
1505,Pilot Dealer,Pilot,Pilot Dealer #1505,102 Empire St,Atlanta,IL,61723,40.25769747713462,-89.22564465745953,I-55,133,"I-55, Old Rte 66 E, Exit 133",40,5,0,,,false,,true
1494,Pilot Dealer,Pilot,Pilot Dealer #1494,1221 N Rohlwing Rd,Itasca,IL,60143,41.990060698755414,-88.03051723834324,I-290,5,"I-290, Exit 5",0,3,0,,,false,,false
1512,ONE9 Dealer,ONE9,ONE9 Dealer #1512,3302 S Eastman Rd,Longview,TX,75602,32.452382124048064,-94.70715801163631,I-20,,I-20/Eastman,15,4,0,,,false,,true
